price,date,postcode,property_type,new_build,tenure,town_city,district,county,year,month,log_price
390000,13/12/2010,NW3 3AH,F,N,L,LONDON,CAMDEN,GREATER LONDON,2010,12,12.87390458
125000,27/08/2010,PL4 7LH,T,N,F,PLYMOUTH,CITY OF PLYMOUTH,CITY OF PLYMOUTH,2010,8,11.73607702
142000,20/09/2010,CH7 1TX,S,N,F,MOLD,FLINTSHIRE,FLINTSHIRE,2010,9,11.86358938
180000,04/06/2010,S11 8UE,T,N,L,SHEFFIELD,SHEFFIELD,SOUTH YORKSHIRE,2010,6,12.10071769
125000,29/04/2010,CH61 8TH,S,N,F,WIRRAL,WIRRAL,MERSEYSIDE,2010,4,11.73607702
123000,10/12/2010,GL52 2HE,F,N,L,CHELTENHAM,CHELTENHAM,GLOUCESTERSHIRE,2010,12,11.71994776
171500,29/10/2010,BN44 3GD,F,N,L,STEYNING,,WEST SUSSEX,2010,10,12.05234438
175000,15/05/2010,BA2 8SX,S,N,F,BATH,BATH AND NORTH EAST SOMERSET,BATH AND NORTH EAST SOMERSET,2010,5,12.07254697
146500,23/08/2010,E11 3AE,F,N,L,LONDON,WALTHAM FOREST,GREATER LONDON,2010,8,11.89478753
220000,18/03/2010,RG1 4AY,F,Y,L,READING,READING,READING,2010,3,12.30138737
465000,16/04/2010,SW3 3BQ,F,N,L,LONDON,KENSINGTON AND CHELSEA,GREATER LONDON,2010,4,13.04979484
176000,24/11/2010,PE12 6HX,D,N,F,SPALDING,SOUTH HOLLAND,LINCOLNSHIRE,2010,11,12.07824496
355000,21/10/2010,PL27 7AU,F,N,L,WADEBRIDGE,CORNWALL,CORNWALL,2010,10,12.77987589
249995,29/10/2010,CF44 0DB,D,Y,F,ABERDARE,RHONDDA CYNON TAFF,RHONDDA CYNON TAFF,2010,10,12.4292002
210000,30/04/2010,PE13 4SS,D,N,F,WISBECH,FENLAND,CAMBRIDGESHIRE,2010,4,12.25486757
335000,10/12/2010,NG13 0FS,S,Y,F,NOTTINGHAM,MELTON,LEICESTERSHIRE,2010,12,12.7218888
137000,22/10/2010,BS37 9UT,S,N,F,BRISTOL,SOUTH GLOUCESTERSHIRE,SOUTH GLOUCESTERSHIRE,2010,10,11.8277435
120000,30/04/2010,WF10 3RN,S,N,F,CASTLEFORD,WAKEFIELD,WEST YORKSHIRE,2010,4,11.69525536
120000,11/08/2010,SK2 5LH,T,N,F,STOCKPORT,STOCKPORT,GREATER MANCHESTER,2010,8,11.69525536
250000,05/10/2010,CR8 5BY,S,N,F,KENLEY,CROYDON,GREATER LONDON,2010,10,12.4292202
283000,04/06/2010,SL6 6JG,S,N,F,MAIDENHEAD,WINDSOR AND MAIDENHEAD,WINDSOR AND MAIDENHEAD,2010,6,12.55320571
223950,15/04/2010,UB10 0RL,T,Y,F,UXBRIDGE,HILLINGDON,GREATER LONDON,2010,4,12.31918256
247000,05/11/2010,M33 5EA,D,N,F,SALE,TRAFFORD,GREATER MANCHESTER,2010,11,12.41714766
70000,07/05/2010,SA15 5ER,T,N,F,LLANELLI,CARMARTHENSHIRE,CARMARTHENSHIRE,2010,5,11.15626481
187500,15/10/2010,BS4 2NS,S,N,F,BRISTOL,CITY OF BRISTOL,CITY OF BRISTOL,2010,10,12.14153946
414000,28/04/2010,SW11 3GY,F,Y,L,LONDON,WANDSWORTH,GREATER LONDON,2010,4,12.93362367
295000,15/01/2010,W5 3TX,F,N,L,LONDON,EALING,GREATER LONDON,2010,1,12.59473403
102500,05/05/2010,SY11 3PY,T,N,F,OSWESTRY,SHROPSHIRE,SHROPSHIRE,2010,5,11.53762783
660000,25/03/2010,IP31 2LW,D,N,F,BURY ST EDMUNDS,ST EDMUNDSBURY,SUFFOLK,2010,3,13.39999663
280000,23/08/2010,SS7 2AB,T,N,F,BENFLEET,CASTLE POINT,ESSEX,2010,8,12.54254845
73500,15/04/2010,SK14 1PR,F,N,F,HYDE,TAMESIDE,GREATER MANCHESTER,2010,4,11.20505429
140000,10/08/2010,YO12 5EU,T,N,F,SCARBOROUGH,SCARBOROUGH,NORTH YORKSHIRE,2010,8,11.84940484
125000,14/07/2010,LE3 8DL,S,N,F,LEICESTER,BLABY,LEICESTERSHIRE,2010,7,11.73607702
385000,21/09/2010,RG42 3UW,D,N,F,BRACKNELL,BRACKNELL FOREST,BRACKNELL FOREST,2010,9,12.86100121
272000,19/03/2010,PL26 8TD,D,N,F,ST AUSTELL,CORNWALL,CORNWALL,2010,3,12.51356102
150000,25/08/2010,PL12 4JR,T,N,F,SALTASH,CORNWALL,CORNWALL,2010,8,11.91839724
415000,06/01/2010,GU34 5BD,D,N,F,ALTON,EAST HAMPSHIRE,HAMPSHIRE,2010,1,12.93603621
257000,29/10/2010,SE10 0BA,F,N,L,LONDON,GREENWICH,GREATER LONDON,2010,10,12.45683525
194000,23/07/2010,DY9 0TS,S,N,F,STOURBRIDGE,DUDLEY,WEST MIDLANDS,2010,7,12.17561859
210000,07/10/2010,TW20 8LT,T,N,F,EGHAM,RUNNYMEDE,SURREY,2010,10,12.25486757
205000,04/08/2010,UB7 9PB,T,N,F,WEST DRAYTON,HILLINGDON,GREATER LONDON,2010,8,12.23077014
322500,27/08/2010,PO13 9BW,F,N,L,LEE-ON-THE-SOLENT,GOSPORT,HAMPSHIRE,2010,8,12.68386152
148000,30/09/2010,PO22 9QW,S,N,F,BOGNOR REGIS,ARUN,WEST SUSSEX,2010,9,11.90497431
322500,29/03/2010,BN1 7JL,T,N,F,BRIGHTON,BRIGHTON AND HOVE,BRIGHTON AND HOVE,2010,3,12.68386152
500000,17/12/2010,CV32 6QP,D,N,F,LEAMINGTON SPA,WARWICK,WARWICKSHIRE,2010,12,13.12236538
795000,12/01/2010,CV37 7RP,D,N,F,STRATFORD-UPON-AVON,STRATFORD-ON-AVON,WARWICKSHIRE,2010,1,13.58609865
120000,21/09/2010,HU15 2BN,T,N,F,BROUGH,EAST RIDING OF YORKSHIRE,EAST RIDING OF YORKSHIRE,2010,9,11.69525536
195000,10/12/2010,SY4 2DQ,S,N,F,SHREWSBURY,SHROPSHIRE,SHROPSHIRE,2010,12,12.18075997
125000,28/09/2010,SA73 3AF,F,N,L,MILFORD HAVEN,PEMBROKESHIRE,PEMBROKESHIRE,2010,9,11.73607702
154000,19/05/2010,SO50 9BL,T,N,L,EASTLEIGH,EASTLEIGH,HAMPSHIRE,2010,5,11.94471437
124999,13/05/2010,BB1 9QY,S,N,F,BLACKBURN,BLACKBURN WITH DARWEN,BLACKBURN WITH DARWEN,2010,5,11.73606902
482500,12/01/2010,N3 3HY,F,Y,L,LONDON,BARNET,GREATER LONDON,2010,1,13.08673827
125000,13/12/2010,RH19 1BG,F,N,L,EAST GRINSTEAD,MID SUSSEX,WEST SUSSEX,2010,12,11.73607702
192000,09/03/2010,BS39 7PX,S,N,F,BRISTOL,BATH AND NORTH EAST SOMERSET,BATH AND NORTH EAST SOMERSET,2010,3,12.16525586
490000,26/11/2010,BR3 4RJ,S,N,F,BECKENHAM,BROMLEY,GREATER LONDON,2010,11,13.10216271
69000,24/04/2010,DE55 7EW,S,N,F,ALFRETON,AMBER VALLEY,DERBYSHIRE,2010,4,11.14187628
315000,28/04/2010,WA15 8WG,T,N,F,ALTRINCHAM,TRAFFORD,GREATER MANCHESTER,2010,4,12.66033109
155000,30/06/2010,RG24 9EW,T,N,F,BASINGSTOKE,BASINGSTOKE AND DEANE,HAMPSHIRE,2010,6,11.95118685
206000,08/01/2010,NR27 0DW,D,N,F,CROMER,NORTH NORFOLK,NORFOLK,2010,1,12.2356363
1040000,14/05/2010,SW11 4RE,S,N,F,LONDON,WANDSWORTH,GREATER LONDON,2010,5,13.85473223
675000,29/01/2010,CB10 2XH,D,N,F,SAFFRON WALDEN,UTTLESFORD,ESSEX,2010,1,13.42246945
194000,30/04/2010,RM16 6PR,S,N,F,GRAYS,THURROCK,THURROCK,2010,4,12.17561859
400000,09/07/2010,BN3 1HJ,F,N,L,HOVE,BRIGHTON AND HOVE,BRIGHTON AND HOVE,2010,7,12.89922233
155000,06/09/2010,HD3 3XW,S,N,F,HUDDERSFIELD,KIRKLEES,WEST YORKSHIRE,2010,9,11.95118685
347500,26/02/2010,CB24 3UP,D,N,F,CAMBRIDGE,SOUTH CAMBRIDGESHIRE,CAMBRIDGESHIRE,2010,2,12.75852282
132500,08/10/2010,IG10 2NA,F,N,L,LOUGHTON,EPPING FOREST,ESSEX,2010,10,11.79434547
65500,23/07/2010,OL11 1QJ,T,N,L,ROCHDALE,ROCHDALE,GREATER MANCHESTER,2010,7,11.08982069
175000,30/11/2010,BR8 7HT,S,N,F,SWANLEY,SEVENOAKS,KENT,2010,11,12.07254697
525000,16/06/2010,SA32 8SL,D,N,F,CARMARTHEN,CARMARTHENSHIRE,CARMARTHENSHIRE,2010,6,13.17115545
454000,16/07/2010,KT2 6LH,S,N,F,KINGSTON UPON THAMES,KINGSTON UPON THAMES,GREATER LONDON,2010,7,13.02585468
142000,25/03/2010,RG21 6AD,F,Y,L,BASINGSTOKE,BASINGSTOKE AND DEANE,HAMPSHIRE,2010,3,11.86358938
418000,05/03/2010,NW2 1SA,T,N,F,LONDON,BARNET,GREATER LONDON,2010,3,12.9432391
118000,12/01/2010,HU9 1SY,S,N,F,HULL,CITY OF KINGSTON UPON HULL,CITY OF KINGSTON UPON HULL,2010,1,11.67844838
134500,12/03/2010,CW2 6TT,D,N,F,CREWE,CHESHIRE EAST,CHESHIRE EAST,2010,3,11.80932691
378000,29/04/2010,E18 2NR,T,N,F,LONDON,REDBRIDGE,GREATER LONDON,2010,4,12.84265212
125000,07/09/2010,HD9 2JG,T,N,F,HOLMFIRTH,KIRKLEES,WEST YORKSHIRE,2010,9,11.73607702
366500,11/06/2010,BN16 1EG,D,N,F,LITTLEHAMPTON,ARUN,WEST SUSSEX,2010,6,12.81175653
105000,27/08/2010,CF33 4EF,S,N,L,BRIDGEND,BRIDGEND,BRIDGEND,2010,8,11.56172515
212000,13/01/2010,SS16 6RT,D,N,F,BASILDON,BASILDON,ESSEX,2010,1,12.26434627
85000,26/02/2010,NE32 5SH,F,N,L,JARROW,SOUTH TYNESIDE,TYNE AND WEAR,2010,2,11.3504183
164000,06/08/2010,YO25 5BJ,D,Y,F,DRIFFIELD,EAST RIDING OF YORKSHIRE,EAST RIDING OF YORKSHIRE,2010,8,12.0076278
372000,22/12/2010,TW2 6BD,S,N,F,TWICKENHAM,RICHMOND UPON THAMES,GREATER LONDON,2010,12,12.82665182
325000,12/03/2010,PE26 1BA,D,N,F,HUNTINGDON,HUNTINGDONSHIRE,CAMBRIDGESHIRE,2010,3,12.69158354
250000,10/12/2010,GU17 9EW,T,N,F,CAMBERLEY,HART,HAMPSHIRE,2010,12,12.4292202
104950,27/08/2010,SN1 2AZ,T,N,F,SWINDON,SWINDON,SWINDON,2010,8,11.56124885
150000,23/04/2010,M19 1AQ,S,N,F,MANCHESTER,MANCHESTER,GREATER MANCHESTER,2010,4,11.91839724
124950,30/06/2010,WN3 6AZ,S,N,L,WIGAN,WIGAN,GREATER MANCHESTER,2010,6,11.73567694
143500,27/09/2010,L10 2JZ,S,N,F,LIVERPOOL,SEFTON,MERSEYSIDE,2010,9,11.87409728
155000,12/11/2010,B90 1FH,F,N,L,SOLIHULL,SOLIHULL,WEST MIDLANDS,2010,11,11.95118685
140000,26/07/2010,L14 6TU,S,N,F,LIVERPOOL,KNOWSLEY,MERSEYSIDE,2010,7,11.84940484
156500,27/05/2010,B31 3PL,T,Y,F,BIRMINGHAM,BIRMINGHAM,WEST MIDLANDS,2010,5,11.96081768
625000,28/09/2010,SE1 2PY,F,N,L,LONDON,SOUTHWARK,GREATER LONDON,2010,9,13.34550853
180000,27/08/2010,SE23 3BS,F,N,L,LONDON,LEWISHAM,GREATER LONDON,2010,8,12.10071769
165000,19/07/2010,DN41 8FN,T,Y,F,GRIMSBY,NORTH EAST LINCOLNSHIRE,NORTH EAST LINCOLNSHIRE,2010,7,12.01370681
230000,21/12/2010,E14 8SE,F,N,L,LONDON,TOWER HAMLETS,GREATER LONDON,2010,12,12.34583894
287500,14/07/2010,BA1 3LD,T,N,F,BATH,BATH AND NORTH EAST SOMERSET,BATH AND NORTH EAST SOMERSET,2010,7,12.56898162
515000,08/01/2010,BS6 5BH,S,N,F,BRISTOL,CITY OF BRISTOL,CITY OF BRISTOL,2010,1,13.15192412
249000,09/06/2010,GL5 3NG,D,N,F,STROUD,STROUD,GLOUCESTERSHIRE,2010,6,12.42521219
205000,07/12/2010,W13 9PW,F,N,L,LONDON,EALING,GREATER LONDON,2010,12,12.23077014
131000,23/04/2010,EX14 1PT,S,N,F,HONITON,EAST DEVON,DEVON,2010,4,11.78296024
53000,05/02/2010,WF11 8AL,T,N,F,KNOTTINGLEY,WAKEFIELD,WEST YORKSHIRE,2010,2,10.87806606
250000,01/10/2010,TQ14 8NR,S,N,F,TEIGNMOUTH,TEIGNBRIDGE,DEVON,2010,10,12.4292202
152000,17/12/2010,PE32 1NB,S,N,F,KING'S LYNN,KING'S LYNN AND WEST NORFOLK,NORFOLK,2010,12,11.93164238
160000,24/09/2010,CF62 5AN,T,N,F,BARRY,THE VALE OF GLAMORGAN,THE VALE OF GLAMORGAN,2010,9,11.98293534
140000,12/02/2010,LN6 8TE,D,N,F,LINCOLN,NORTH KESTEVEN,LINCOLNSHIRE,2010,2,11.84940484
157000,19/05/2010,SK2 7QJ,T,N,F,STOCKPORT,STOCKPORT,GREATER MANCHESTER,2010,5,11.96400745
630000,02/07/2010,HG3 3BX,D,N,F,HARROGATE,HARROGATE,NORTH YORKSHIRE,2010,7,13.35347669
560000,14/04/2010,YO17 6QX,D,N,F,MALTON,RYEDALE,NORTH YORKSHIRE,2010,4,13.23569385
125000,27/01/2010,MK13 7NE,T,N,F,MILTON KEYNES,MILTON KEYNES,MILTON KEYNES,2010,1,11.73607702
147000,15/10/2010,PO32 6DG,T,N,F,EAST COWES,ISLE OF WIGHT,ISLE OF WIGHT,2010,10,11.89819467
219000,23/07/2010,E4 6RP,S,N,L,LONDON,WALTHAM FOREST,GREATER LONDON,2010,7,12.29683157
138000,07/04/2010,PR5 4DY,T,N,F,PRESTON,SOUTH RIBBLE,LANCASHIRE,2010,4,11.83501621
187995,27/05/2010,HU15 1FR,S,Y,F,BROUGH,EAST RIDING OF YORKSHIRE,EAST RIDING OF YORKSHIRE,2010,5,12.14417596
91500,19/05/2010,LS7 3JR,S,N,F,LEEDS,LEEDS,WEST YORKSHIRE,2010,5,11.42410518
315000,22/11/2010,HP8 4DE,T,N,F,CHALFONT ST GILES,CHILTERN,BUCKINGHAMSHIRE,2010,11,12.66033109
230000,26/03/2010,EN3 5ET,S,N,F,ENFIELD,ENFIELD,GREATER LONDON,2010,3,12.34583894
220000,11/06/2010,N7 0LH,F,N,L,LONDON,ISLINGTON,GREATER LONDON,2010,6,12.30138737
180000,21/12/2010,ME2 1AG,S,N,F,ROCHESTER,MEDWAY,MEDWAY,2010,12,12.10071769
190250,08/01/2010,SS5 5EF,S,N,F,HOCKLEY,ROCHFORD,ESSEX,2010,1,12.15609953
169950,17/12/2010,HG1 5EZ,T,N,F,HARROGATE,HARROGATE,NORTH YORKSHIRE,2010,12,12.04326544
227500,11/06/2010,PO8 8RH,S,N,F,WATERLOOVILLE,HAVANT,HAMPSHIRE,2010,6,12.33490991
119000,14/04/2010,CF14 7AU,F,N,L,CARDIFF,CARDIFF,CARDIFF,2010,4,11.68688718
215000,19/10/2010,SE25 6DQ,T,N,F,LONDON,CROYDON,GREATER LONDON,2010,10,12.27839796
119000,10/12/2010,SK6 1PB,T,N,L,STOCKPORT,STOCKPORT,GREATER MANCHESTER,2010,12,11.68688718
595000,20/08/2010,OX4 1PA,T,N,F,OXFORD,OXFORD,OXFORDSHIRE,2010,8,13.29631837
320000,25/03/2010,BN14 7RF,S,N,F,WORTHING,WORTHING,WEST SUSSEX,2010,3,12.6760794
249950,11/10/2010,TW4 5JZ,T,N,F,HOUNSLOW,HOUNSLOW,GREATER LONDON,2010,10,12.42902018
500000,24/11/2010,TA7 8PS,S,N,F,BRIDGWATER,SEDGEMOOR,SOMERSET,2010,11,13.12236538
300000,05/08/2010,NR35 1NA,D,N,F,BUNGAY,WAVENEY,SUFFOLK,2010,8,12.61154109
280000,13/10/2010,RH4 2RA,F,N,L,DORKING,MOLE VALLEY,SURREY,2010,10,12.54254845
250000,16/07/2010,BA2 3PP,T,N,F,BATH,BATH AND NORTH EAST SOMERSET,BATH AND NORTH EAST SOMERSET,2010,7,12.4292202
187000,29/10/2010,NG2 5GX,S,N,F,NOTTINGHAM,RUSHCLIFFE,NOTTINGHAMSHIRE,2010,10,12.13886924
185000,14/07/2010,BN20 7JZ,F,N,L,EASTBOURNE,EASTBOURNE,EAST SUSSEX,2010,7,12.12811651
139995,29/04/2010,CH5 1XP,S,N,F,DEESIDE,FLINTSHIRE,FLINTSHIRE,2010,4,11.84936913
195000,30/07/2010,WF6 2JJ,D,N,F,NORMANTON,WAKEFIELD,WEST YORKSHIRE,2010,7,12.18075997
325000,23/04/2010,S10 4FE,S,N,L,SHEFFIELD,SHEFFIELD,SOUTH YORKSHIRE,2010,4,12.69158354
160000,14/05/2010,CR2 7DA,T,N,F,SOUTH CROYDON,CROYDON,GREATER LONDON,2010,5,11.98293534
328501,02/12/2010,RG20 7AR,D,N,F,NEWBURY,WEST BERKSHIRE,WEST BERKSHIRE,2010,12,12.70229821
210000,24/09/2010,SS6 8JS,S,N,F,RAYLEIGH,ROCHFORD,ESSEX,2010,9,12.25486757
205000,25/10/2010,CA6 6AA,D,N,F,CARLISLE,CARLISLE,CUMBRIA,2010,10,12.23077014
140000,18/06/2010,SK13 6LZ,T,N,F,GLOSSOP,HIGH PEAK,DERBYSHIRE,2010,6,11.84940484
145000,09/04/2010,BD17 6HE,T,N,F,SHIPLEY,BRADFORD,WEST YORKSHIRE,2010,4,11.88449592
135000,05/11/2010,LE15 9TP,S,N,F,OAKHAM,RUTLAND,RUTLAND,2010,11,11.81303746
95000,28/10/2010,LS27 9AZ,T,N,F,LEEDS,LEEDS,WEST YORKSHIRE,2010,10,11.4616427
485000,27/08/2010,N10 1RF,T,N,F,LONDON,HARINGEY,GREATER LONDON,2010,8,13.09190623
183500,25/02/2010,RG21 4BT,T,N,L,BASINGSTOKE,BASINGSTOKE AND DEANE,HAMPSHIRE,2010,2,12.1199754
370000,23/07/2010,S11 9BR,D,N,L,SHEFFIELD,SHEFFIELD,SOUTH YORKSHIRE,2010,7,12.82126099
218000,20/08/2010,AL1 2NL,F,N,F,ST ALBANS,ST ALBANS,HERTFORDSHIRE,2010,8,12.29225493
110000,01/10/2010,L14 8XU,S,N,L,LIVERPOOL,LIVERPOOL,MERSEYSIDE,2010,10,11.60824474
203000,20/10/2010,UB10 0NU,T,N,F,UXBRIDGE,HILLINGDON,GREATER LONDON,2010,10,12.22096618
111000,28/05/2010,CF3 0BF,T,N,F,CARDIFF,CARDIFF,CARDIFF,2010,5,11.61729449
180000,22/10/2010,KT17 2EF,F,N,L,EPSOM,EPSOM AND EWELL,SURREY,2010,10,12.10071769
345000,01/11/2010,B36 8BG,D,N,F,BIRMINGHAM,BIRMINGHAM,WEST MIDLANDS,2010,11,12.75130259
315000,25/06/2010,SL3 9PW,D,N,F,SLOUGH,WINDSOR AND MAIDENHEAD,WINDSOR AND MAIDENHEAD,2010,6,12.66033109
124950,29/04/2010,SA72 4UJ,D,N,F,PEMBROKE DOCK,PEMBROKESHIRE,PEMBROKESHIRE,2010,4,11.73567694
120000,04/06/2010,B46 3BB,T,N,F,BIRMINGHAM,NORTH WARWICKSHIRE,WARWICKSHIRE,2010,6,11.69525536
270000,29/04/2010,DL8 5QE,D,N,F,LEYBURN,RICHMONDSHIRE,NORTH YORKSHIRE,2010,4,12.50618094
182500,17/02/2010,PO2 9EJ,T,N,F,PORTSMOUTH,PORTSMOUTH,PORTSMOUTH,2010,2,12.11451093
1150000,29/01/2010,SW6 3RA,T,N,F,LONDON,HAMMERSMITH AND FULHAM,GREATER LONDON,2010,1,13.95527337
1275000,01/10/2010,GU7 1XQ,D,N,F,GODALMING,WAVERLEY,SURREY,2010,10,14.05845752
310000,28/10/2010,W14 9JJ,F,N,L,LONDON,HAMMERSMITH AND FULHAM,GREATER LONDON,2010,10,12.6443308
149995,26/03/2010,ME10 4BF,D,N,F,SITTINGBOURNE,SWALE,KENT,2010,3,11.91836391
425000,19/02/2010,GL50 1TH,T,N,F,CHELTENHAM,CHELTENHAM,GLOUCESTERSHIRE,2010,2,12.9598468
158888,21/12/2010,GL1 2UF,F,Y,L,GLOUCESTER,GLOUCESTER,GLOUCESTERSHIRE,2010,12,11.97596112
145000,25/03/2010,RM20 3JJ,T,N,F,GRAYS,THURROCK,THURROCK,2010,3,11.88449592
500000,01/04/2010,PL8 1EU,T,N,F,PLYMOUTH,SOUTH HAMS,DEVON,2010,4,13.12236538
225000,01/09/2010,FY3 0AL,D,N,F,BLACKPOOL,WYRE,LANCASHIRE,2010,9,12.32386013
110000,19/11/2010,L5 4PJ,S,N,L,LIVERPOOL,LIVERPOOL,MERSEYSIDE,2010,11,11.60824474
82500,20/04/2010,S3 7AH,F,N,L,SHEFFIELD,SHEFFIELD,SOUTH YORKSHIRE,2010,4,11.32056569
350000,22/10/2010,PO16 8PS,D,N,F,FAREHAM,FAREHAM,HAMPSHIRE,2010,10,12.76569129
314000,17/06/2010,SA42 0RN,D,N,F,NEWPORT,PEMBROKESHIRE,PEMBROKESHIRE,2010,6,12.65715145
165000,12/02/2010,SE18 1DL,T,N,F,LONDON,GREENWICH,GREATER LONDON,2010,2,12.01370681
170000,01/04/2010,CH2 3RT,S,N,F,CHESTER,CHESHIRE WEST AND CHESTER,CHESHIRE WEST AND CHESTER,2010,4,12.0435596
247500,16/12/2010,HP11 1RE,S,N,F,HIGH WYCOMBE,WYCOMBE,BUCKINGHAMSHIRE,2010,12,12.4191699
342000,09/09/2010,L34 0HW,D,N,F,PRESCOT,KNOWSLEY,MERSEYSIDE,2010,9,12.74256894
370000,03/03/2010,SW19 3RL,F,N,L,LONDON,MERTON,GREATER LONDON,2010,3,12.82126099
175000,26/11/2010,RG4 7SN,F,N,L,READING,READING,READING,2010,11,12.07254697
317000,04/08/2010,BH8 9SR,D,N,F,BOURNEMOUTH,BOURNEMOUTH,BOURNEMOUTH,2010,8,12.66666021
125000,27/09/2010,GL52 5FP,F,Y,L,CHELTENHAM,CHELTENHAM,GLOUCESTERSHIRE,2010,9,11.73607702
239500,27/05/2010,TN28 8XB,S,N,F,NEW ROMNEY,SHEPWAY,KENT,2010,5,12.38631287
306000,21/04/2010,BH6 3NP,S,N,F,BOURNEMOUTH,BOURNEMOUTH,BOURNEMOUTH,2010,4,12.63134365
65000,24/09/2010,NN5 7BZ,T,N,F,NORTHAMPTON,NORTHAMPTON,NORTHAMPTONSHIRE,2010,9,11.08215793
158000,18/03/2010,CR4 2JQ,T,N,L,MITCHAM,MERTON,GREATER LONDON,2010,3,11.97035664
187500,01/04/2010,E13 8NB,T,N,F,LONDON,NEWHAM,GREATER LONDON,2010,4,12.14153946
270000,05/11/2010,LL13 9UQ,D,N,F,WREXHAM,WREXHAM,WREXHAM,2010,11,12.50618094
106500,21/05/2010,MK3 7EJ,T,N,F,MILTON KEYNES,MILTON KEYNES,MILTON KEYNES,2010,5,11.57590965
110000,17/02/2010,ST3 5JX,S,N,F,STOKE-ON-TRENT,STOKE-ON-TRENT,STOKE-ON-TRENT,2010,2,11.60824474
173250,08/09/2010,NR31 0LA,T,N,F,GREAT YARMOUTH,GREAT YARMOUTH,NORFOLK,2010,9,12.06249669
90000,28/05/2010,ME2 4DG,F,N,L,ROCHESTER,MEDWAY,MEDWAY,2010,5,11.40757606
146000,08/07/2010,M24 1NU,S,N,L,MANCHESTER,ROCHDALE,GREATER MANCHESTER,2010,7,11.89136875
295000,13/12/2010,BH22 9PG,D,N,F,FERNDOWN,EAST DORSET,DORSET,2010,12,12.59473403
220000,27/04/2010,GL50 4NU,S,N,F,CHELTENHAM,CHELTENHAM,GLOUCESTERSHIRE,2010,4,12.30138737
121000,26/11/2010,BB5 4RJ,S,N,F,ACCRINGTON,HYNDBURN,LANCASHIRE,2010,11,11.70355409
104000,24/05/2010,B78 3SW,S,N,F,TAMWORTH,LICHFIELD,STAFFORDSHIRE,2010,5,11.55215579
155000,02/11/2010,LS27 0ST,D,N,F,LEEDS,LEEDS,WEST YORKSHIRE,2010,11,11.95118685
220000,12/03/2010,ME4 4ZL,F,Y,L,CHATHAM,MEDWAY,MEDWAY,2010,3,12.30138737
270000,11/01/2010,RH1 1LB,S,N,F,REDHILL,REIGATE AND BANSTEAD,SURREY,2010,1,12.50618094
170000,13/05/2010,RM16 2EA,T,N,F,GRAYS,THURROCK,THURROCK,2010,5,12.0435596
235000,16/07/2010,GU47 8NJ,S,N,F,SANDHURST,BRACKNELL FOREST,BRACKNELL FOREST,2010,7,12.36734505
102000,01/02/2010,OL5 9NL,T,N,F,ASHTON-UNDER-LYNE,TAMESIDE,GREATER MANCHESTER,2010,2,11.5327379
156000,26/08/2010,PO38 1SQ,F,N,L,VENTNOR,ISLE OF WIGHT,ISLE OF WIGHT,2010,8,11.9576177
100000,30/04/2010,NE6 4UW,T,Y,F,NEWCASTLE UPON TYNE,NEWCASTLE UPON TYNE,TYNE AND WEAR,2010,4,11.51293546
656000,31/03/2010,TS22 5SN,D,N,F,BILLINGHAM,STOCKTON-ON-TEES,STOCKTON-ON-TEES,2010,3,13.39391759
92000,18/03/2010,LS15 7RB,T,N,F,LEEDS,LEEDS,WEST YORKSHIRE,2010,3,11.42955473
126000,20/08/2010,IP24 1UB,T,N,F,THETFORD,BRECKLAND,NORFOLK,2010,8,11.74404512
277500,16/02/2010,EX12 2EE,D,N,F,SEATON,EAST DEVON,DEVON,2010,2,12.53357982
120000,18/03/2010,WR5 3SZ,T,N,F,WORCESTER,WORCESTER,WORCESTERSHIRE,2010,3,11.69525536
150000,16/02/2010,SM1 2TR,F,N,L,SUTTON,SUTTON,GREATER LONDON,2010,2,11.91839724
298000,09/04/2010,IP23 8LU,D,N,F,EYE,MID SUFFOLK,SUFFOLK,2010,4,12.60485212
278000,12/11/2010,RH6 7NH,T,N,F,HORLEY,REIGATE AND BANSTEAD,SURREY,2010,11,12.53537999
180000,24/02/2010,BA16 0PN,S,N,F,STREET,MENDIP,SOMERSET,2010,2,12.10071769
164000,14/05/2010,CV21 4JY,T,N,F,RUGBY,RUGBY,WARWICKSHIRE,2010,5,12.0076278
192500,20/01/2010,EX8 2HB,F,N,L,EXMOUTH,EAST DEVON,DEVON,2010,1,12.16785663
175000,29/10/2010,PR2 9QE,S,N,F,PRESTON,PRESTON,LANCASHIRE,2010,10,12.07254697
139000,19/11/2010,HR4 0HB,T,N,F,HEREFORD,HEREFORDSHIRE,HEREFORDSHIRE,2010,11,11.84223641
240000,17/12/2010,LE16 7XF,D,N,F,MARKET HARBOROUGH,HARBOROUGH,LEICESTERSHIRE,2010,12,12.38839837
120000,29/01/2010,NR30 5BF,T,Y,F,GREAT YARMOUTH,GREAT YARMOUTH,NORFOLK,2010,1,11.69525536
575000,16/07/2010,GU22 7JX,D,N,F,WOKING,WOKING,SURREY,2010,7,13.26212706
181500,10/12/2010,TS7 8PJ,D,N,F,MIDDLESBROUGH,MIDDLESBROUGH,MIDDLESBROUGH,2010,12,12.10901644
285000,09/07/2010,SN10 1QG,S,N,F,DEVIZES,WILTSHIRE,WILTSHIRE,2010,7,12.56024797
130000,26/11/2010,PE22 7BA,S,N,F,BOSTON,EAST LINDSEY,LINCOLNSHIRE,2010,11,11.77529742
165000,23/04/2010,NG15 6EW,D,N,F,NOTTINGHAM,ASHFIELD,NOTTINGHAMSHIRE,2010,4,12.01370681
375000,30/04/2010,OX25 1NY,D,N,F,BICESTER,CHERWELL,OXFORDSHIRE,2010,4,12.83468397
440000,22/12/2010,EX3 0PN,D,N,F,EXETER,EAST DEVON,DEVON,2010,12,12.99453228
225000,30/09/2010,NR13 3EN,D,N,F,NORWICH,BROADLAND,NORFOLK,2010,9,12.32386013
499999,10/09/2010,BR2 6DQ,D,N,F,KESTON,BROMLEY,GREATER LONDON,2010,9,13.12236338
81000,19/03/2010,ST1 5QJ,T,N,F,STOKE-ON-TRENT,STOKE-ON-TRENT,STOKE-ON-TRENT,2010,3,11.30221678
105000,04/10/2010,BS5 9ES,T,N,F,BRISTOL,CITY OF BRISTOL,CITY OF BRISTOL,2010,10,11.56172515
167500,29/10/2010,L38 9GH,D,N,F,LIVERPOOL,SEFTON,MERSEYSIDE,2010,10,12.0287446
249999,09/09/2010,RH10 6DD,D,N,F,CRAWLEY,CRAWLEY,WEST SUSSEX,2010,9,12.4292162
160000,15/07/2010,CH1 4BR,T,N,F,CHESTER,CHESHIRE WEST AND CHESTER,CHESHIRE WEST AND CHESTER,2010,7,11.98293534
123000,27/04/2010,CW7 1TL,F,Y,L,WINSFORD,CHESHIRE WEST AND CHESTER,CHESHIRE WEST AND CHESTER,2010,4,11.71994776
153000,20/12/2010,WA11 8BD,S,N,F,ST HELENS,ST HELENS,MERSEYSIDE,2010,12,11.93819974
67000,02/03/2010,BD3 9NT,T,N,F,BRADFORD,BRADFORD,WEST YORKSHIRE,2010,3,11.11246282
80000,27/05/2010,WN8 8NA,T,N,F,SKELMERSDALE,WEST LANCASHIRE,LANCASHIRE,2010,5,11.28979441
220000,09/04/2010,ME8 0EG,T,N,F,GILLINGHAM,MEDWAY,MEDWAY,2010,4,12.30138737
123000,08/02/2010,WN6 0LP,S,N,F,WIGAN,WIGAN,GREATER MANCHESTER,2010,2,11.71994776
315200,04/08/2010,CM24 8UU,S,Y,F,STANSTED,UTTLESFORD,ESSEX,2010,8,12.66096581
344950,26/02/2010,RG12 8BU,D,Y,F,BRACKNELL,BRACKNELL FOREST,BRACKNELL FOREST,2010,2,12.75115766
284500,29/10/2010,RH10 6JP,S,N,F,CRAWLEY,CRAWLEY,WEST SUSSEX,2010,10,12.55849205
145000,29/01/2010,CT11 8LB,T,N,F,RAMSGATE,THANET,KENT,2010,1,11.88449592
240000,20/05/2010,NN29 7LU,S,N,F,WELLINGBOROUGH,WELLINGBOROUGH,NORTHAMPTONSHIRE,2010,5,12.38839837
160000,12/03/2010,SW2 1SX,F,N,L,LONDON,LAMBETH,GREATER LONDON,2010,3,11.98293534
150500,30/06/2010,CO2 7AP,F,Y,L,COLCHESTER,COLCHESTER,ESSEX,2010,6,11.92172501
230000,13/08/2010,HU18 1DH,D,Y,F,HORNSEA,EAST RIDING OF YORKSHIRE,EAST RIDING OF YORKSHIRE,2010,8,12.34583894
129000,16/04/2010,BB18 5LA,T,N,F,BARNOLDSWICK,PENDLE,LANCASHIRE,2010,4,11.76757544
197000,25/01/2010,CF31 3DW,S,N,F,BRIDGEND,BRIDGEND,BRIDGEND,2010,1,12.19096408
103000,16/04/2010,CW1 3GE,T,N,F,CREWE,CHESHIRE EAST,CHESHIRE EAST,2010,4,11.54249398
3300000,05/01/2010,KT10 9HE,D,N,F,ESHER,ELMBRIDGE,SURREY,2010,1,15.00943333
150000,30/04/2010,WF17 0DX,S,N,F,BATLEY,KIRKLEES,WEST YORKSHIRE,2010,4,11.91839724
131993,26/03/2010,LN6 8JT,S,Y,F,LINCOLN,NORTH KESTEVEN,LINCOLNSHIRE,2010,3,11.79051175
676000,20/05/2010,W8 4DT,F,N,L,LONDON,KENSINGTON AND CHELSEA,GREATER LONDON,2010,5,13.42394983
250000,29/10/2010,BR6 6JY,S,N,F,ORPINGTON,BROMLEY,GREATER LONDON,2010,10,12.4292202
233500,17/05/2010,RH2 0RW,F,N,L,REIGATE,REIGATE AND BANSTEAD,SURREY,2010,5,12.36094164
67500,16/02/2010,NN15 6AZ,T,N,F,KETTERING,KETTERING,NORTHAMPTONSHIRE,2010,2,11.11989769
114000,22/12/2010,PR1 9NQ,S,N,F,PRESTON,SOUTH RIBBLE,LANCASHIRE,2010,12,11.6439625
500000,29/03/2010,B92 7BW,T,N,F,SOLIHULL,SOLIHULL,WEST MIDLANDS,2010,3,13.12236538
230000,06/08/2010,RH17 5BH,T,N,F,HAYWARDS HEATH,MID SUSSEX,WEST SUSSEX,2010,8,12.34583894
130000,05/08/2010,SK6 2DF,S,N,F,STOCKPORT,STOCKPORT,GREATER MANCHESTER,2010,8,11.77529742
135000,15/11/2010,PO4 0ES,T,N,F,SOUTHSEA,PORTSMOUTH,PORTSMOUTH,2010,11,11.81303746
249000,06/04/2010,SM1 3EH,S,N,F,SUTTON,SUTTON,GREATER LONDON,2010,4,12.42521219
230000,20/08/2010,OX7 5JA,S,N,F,CHIPPING NORTON,WEST OXFORDSHIRE,OXFORDSHIRE,2010,8,12.34583894
580000,09/08/2010,WR5 2PZ,D,N,F,WORCESTER,WYCHAVON,WORCESTERSHIRE,2010,8,13.27078511
250000,17/12/2010,BS9 1JZ,F,N,L,BRISTOL,CITY OF BRISTOL,CITY OF BRISTOL,2010,12,12.4292202
335000,08/01/2010,HA8 9RR,T,N,F,EDGWARE,BARNET,GREATER LONDON,2010,1,12.7218888
370000,28/10/2010,RM16 5UT,D,N,F,GRAYS,THURROCK,THURROCK,2010,10,12.82126099
272000,08/10/2010,DT3 6QN,D,N,F,WEYMOUTH,WEYMOUTH AND PORTLAND,DORSET,2010,10,12.51356102
43750,27/05/2010,ME15 8FJ,T,Y,L,MAIDSTONE,MAIDSTONE,KENT,2010,5,10.68626975
187500,05/02/2010,WV4 4AR,S,N,F,WOLVERHAMPTON,WOLVERHAMPTON,WEST MIDLANDS,2010,2,12.14153946
347500,16/07/2010,SW9 0NT,F,N,L,LONDON,LAMBETH,GREATER LONDON,2010,7,12.75852282
160000,28/05/2010,CO5 0DW,T,N,F,COLCHESTER,COLCHESTER,ESSEX,2010,5,11.98293534
655000,13/08/2010,N8 9JH,T,N,F,LONDON,HARINGEY,GREATER LONDON,2010,8,13.39239204
350000,23/06/2010,SE9 1PP,T,N,F,LONDON,GREENWICH,GREATER LONDON,2010,6,12.76569129
143500,02/08/2010,GL5 1PR,T,N,F,STROUD,STROUD,GLOUCESTERSHIRE,2010,8,11.87409728
570000,18/11/2010,LE9 2ER,D,N,F,LEICESTER,BLABY,LEICESTERSHIRE,2010,11,13.25339339
300000,10/12/2010,SK15 2UJ,D,N,L,STALYBRIDGE,TAMESIDE,GREATER MANCHESTER,2010,12,12.61154109
134000,04/10/2010,TS12 3EZ,T,N,F,SALTBURN-BY-THE-SEA,REDCAR AND CLEVELAND,REDCAR AND CLEVELAND,2010,10,11.80560254
75000,07/06/2010,GL54 5PN,T,N,L,CHELTENHAM,TEWKESBURY,GLOUCESTERSHIRE,2010,6,11.22525673
137000,06/08/2010,CF10 4NH,F,N,L,CARDIFF,CARDIFF,CARDIFF,2010,8,11.8277435
70000,21/12/2010,RM1 3GL,F,N,L,ROMFORD,HAVERING,GREATER LONDON,2010,12,11.15626481
330000,10/09/2010,DY12 1AD,D,N,F,BEWDLEY,WYRE FOREST,WORCESTERSHIRE,2010,9,12.70685096
270000,17/12/2010,MK10 7AP,D,Y,F,MILTON KEYNES,MILTON KEYNES,MILTON KEYNES,2010,12,12.50618094
405000,07/04/2010,KT5 9JS,S,N,F,SURBITON,KINGSTON UPON THAMES,GREATER LONDON,2010,4,12.91164482
285000,22/10/2010,GU4 7HY,S,N,F,GUILDFORD,GUILDFORD,SURREY,2010,10,12.56024797
445000,16/11/2010,SO51 5SW,D,N,F,ROMSEY,TEST VALLEY,HAMPSHIRE,2010,11,13.00583181
112000,13/08/2010,NG10 4FF,S,N,F,NOTTINGHAM,EREWASH,DERBYSHIRE,2010,8,11.62626308
82500,20/08/2010,FY8 2SU,F,N,L,LYTHAM ST ANNES,FYLDE,LANCASHIRE,2010,8,11.32056569
240000,21/05/2010,GL3 2BB,T,Y,F,GLOUCESTER,TEWKESBURY,GLOUCESTERSHIRE,2010,5,12.38839837
160000,12/11/2010,CH43 6UR,F,N,L,PRENTON,WIRRAL,MERSEYSIDE,2010,11,11.98293534
99000,09/04/2010,DN14 5XZ,S,N,F,GOOLE,EAST RIDING OF YORKSHIRE,EAST RIDING OF YORKSHIRE,2010,4,11.50288523
300000,15/02/2010,SL6 6LS,D,N,F,MAIDENHEAD,WINDSOR AND MAIDENHEAD,WINDSOR AND MAIDENHEAD,2010,2,12.61154109
125000,29/10/2010,NP4 5HH,T,N,L,PONTYPOOL,TORFAEN,TORFAEN,2010,10,11.73607702
315000,12/11/2010,SW16 2LL,F,N,L,LONDON,LAMBETH,GREATER LONDON,2010,11,12.66033109
225000,17/08/2010,BA2 6NF,F,N,L,BATH,BATH AND NORTH EAST SOMERSET,BATH AND NORTH EAST SOMERSET,2010,8,12.32386013
85000,30/06/2010,B31 1BT,S,N,F,BIRMINGHAM,BIRMINGHAM,WEST MIDLANDS,2010,6,11.3504183
235000,14/09/2010,GL11 6AW,T,N,F,DURSLEY,STROUD,GLOUCESTERSHIRE,2010,9,12.36734505
150000,27/08/2010,DN41 8SE,D,N,F,GRIMSBY,WEST LINDSEY,LINCOLNSHIRE,2010,8,11.91839724
230000,01/04/2010,S21 4AH,D,N,F,SHEFFIELD,NORTH EAST DERBYSHIRE,DERBYSHIRE,2010,4,12.34583894
195000,16/07/2010,ME1 2TZ,S,N,F,ROCHESTER,MEDWAY,MEDWAY,2010,7,12.18075997
124950,12/04/2010,LL12 0LP,S,N,F,WREXHAM,WREXHAM,WREXHAM,2010,4,11.73567694
230000,07/05/2010,RH13 8AD,S,N,F,HORSHAM,HORSHAM,WEST SUSSEX,2010,5,12.34583894
295000,28/06/2010,CB4 1LJ,D,N,F,CAMBRIDGE,CAMBRIDGE,CAMBRIDGESHIRE,2010,6,12.59473403
172500,07/04/2010,WF10 4TJ,D,N,F,CASTLEFORD,WAKEFIELD,WEST YORKSHIRE,2010,4,12.05815831
277000,27/05/2010,CR8 5NU,S,N,F,KENLEY,CROYDON,GREATER LONDON,2010,5,12.5317764
124000,30/11/2010,NE15 9JX,S,N,F,NEWCASTLE UPON TYNE,NEWCASTLE UPON TYNE,TYNE AND WEAR,2010,11,11.72804491
362500,21/05/2010,WD6 1QQ,S,N,F,BOREHAMWOOD,HERTSMERE,HERTFORDSHIRE,2010,5,12.80078251
142500,14/05/2010,DE15 0AN,D,N,F,BURTON-ON-TRENT,EAST STAFFORDSHIRE,STAFFORDSHIRE,2010,5,11.8671043
250000,28/10/2010,B90 4YF,D,N,F,SOLIHULL,SOLIHULL,WEST MIDLANDS,2010,10,12.4292202
72500,09/04/2010,HU6 8BJ,S,N,F,HULL,CITY OF KINGSTON UPON HULL,CITY OF KINGSTON UPON HULL,2010,4,11.19135563
250000,18/06/2010,N19 4BA,F,N,L,LONDON,ISLINGTON,GREATER LONDON,2010,6,12.4292202
175000,13/07/2010,TR9 6RA,D,N,F,ST COLUMB,CORNWALL,CORNWALL,2010,7,12.07254697
185000,17/02/2010,RM7 0BD,T,N,F,ROMFORD,HAVERING,GREATER LONDON,2010,2,12.12811651
99000,15/10/2010,LE18 4PD,T,N,F,WIGSTON,OADBY AND WIGSTON,LEICESTERSHIRE,2010,10,11.50288523
260000,19/02/2010,BH2 6PB,F,N,L,BOURNEMOUTH,BOURNEMOUTH,BOURNEMOUTH,2010,2,12.46844076
357000,02/12/2010,BB7 9ST,T,N,L,CLITHEROE,RIBBLE VALLEY,LANCASHIRE,2010,12,12.78549386
1020000,23/07/2010,TN25 5PF,D,N,F,ASHFORD,ASHFORD,KENT,2010,7,13.83531417
195000,10/06/2010,TQ2 6JJ,S,N,F,TORQUAY,TORBAY,TORBAY,2010,6,12.18075997
129000,11/06/2010,BS5 6LG,S,N,F,BRISTOL,CITY OF BRISTOL,CITY OF BRISTOL,2010,6,11.76757544
106000,29/01/2010,DE3 9SU,S,N,F,DERBY,CITY OF DERBY,CITY OF DERBY,2010,1,11.57120381
45000,19/08/2010,WA3 6TG,F,N,L,WARRINGTON,WARRINGTON,WARRINGTON,2010,8,10.71443999
249995,09/04/2010,E15 1BY,F,Y,L,LONDON,NEWHAM,GREATER LONDON,2010,4,12.4292002
337000,30/07/2010,SE4 2NX,T,N,F,LONDON,LEWISHAM,GREATER LONDON,2010,7,12.72784118
257500,07/05/2010,GU11 3LS,S,N,F,ALDERSHOT,RUSHMOOR,HAMPSHIRE,2010,5,12.45877888
155000,07/04/2010,CV2 5ET,S,N,F,COVENTRY,COVENTRY,WEST MIDLANDS,2010,4,11.95118685
108000,20/08/2010,B64 5NR,T,N,F,CRADLEY HEATH,SANDWELL,WEST MIDLANDS,2010,8,11.58989577
102000,12/07/2010,DN16 2EP,S,N,F,SCUNTHORPE,NORTH LINCOLNSHIRE,NORTH LINCOLNSHIRE,2010,7,11.5327379
101000,12/03/2010,NG34 8HU,T,N,F,SLEAFORD,NORTH KESTEVEN,LINCOLNSHIRE,2010,3,11.5228857
67500,07/06/2010,TN8 6BL,T,N,L,EDENBRIDGE,SEVENOAKS,KENT,2010,6,11.11989769
130000,14/01/2010,B28 0UU,S,N,F,BIRMINGHAM,BIRMINGHAM,WEST MIDLANDS,2010,1,11.77529742
110000,30/04/2010,E13 8QS,T,N,F,LONDON,NEWHAM,GREATER LONDON,2010,4,11.60824474
250000,10/09/2010,TQ14 8RW,D,N,F,TEIGNMOUTH,TEIGNBRIDGE,DEVON,2010,9,12.4292202
167500,09/07/2010,NN9 5NF,T,N,F,WELLINGBOROUGH,WELLINGBOROUGH,NORTHAMPTONSHIRE,2010,7,12.0287446
322500,03/08/2010,RH14 9SY,D,N,F,BILLINGSHURST,HORSHAM,WEST SUSSEX,2010,8,12.68386152
297500,20/08/2010,HA3 9LZ,T,N,F,HARROW,HARROW,GREATER LONDON,2010,8,12.60317287
585000,01/04/2010,MK18 2EN,T,N,F,BUCKINGHAM,AYLESBURY VALE,BUCKINGHAMSHIRE,2010,4,13.27936884
85000,01/12/2010,S75 2AN,F,Y,L,BARNSLEY,BARNSLEY,SOUTH YORKSHIRE,2010,12,11.3504183
246000,26/03/2010,EN1 1SG,T,N,F,ENFIELD,ENFIELD,GREATER LONDON,2010,3,12.41309088
167000,21/07/2010,TQ12 3EA,T,N,L,NEWTON ABBOT,TEIGNBRIDGE,DEVON,2010,7,12.02575508
140000,30/04/2010,PR3 0YS,S,N,F,PRESTON,WYRE,LANCASHIRE,2010,4,11.84940484
245000,26/11/2010,GU19 5LT,S,N,F,BAGSHOT,SURREY HEATH,SURREY,2010,11,12.40901757
225000,15/02/2010,HA6 2NH,F,N,L,NORTHWOOD,HILLINGDON,GREATER LONDON,2010,2,12.32386013
209000,16/04/2010,GU15 2JG,F,N,L,CAMBERLEY,SURREY HEATH,SURREY,2010,4,12.25009432
89950,30/09/2010,YO15 3EE,T,N,F,BRIDLINGTON,EAST RIDING OF YORKSHIRE,EAST RIDING OF YORKSHIRE,2010,9,11.40702036
185000,25/11/2010,S65 3AA,S,N,F,ROTHERHAM,ROTHERHAM,SOUTH YORKSHIRE,2010,11,12.12811651
123500,12/02/2010,CW1 5HU,S,N,F,CREWE,CHESHIRE EAST,CHESHIRE EAST,2010,2,11.72400453
300000,09/06/2010,B8 2NL,D,N,F,BIRMINGHAM,BIRMINGHAM,WEST MIDLANDS,2010,6,12.61154109
150000,22/04/2010,NR9 4HZ,D,N,F,NORWICH,SOUTH NORFOLK,NORFOLK,2010,4,11.91839724
155000,12/02/2010,HX3 9UH,D,N,F,HALIFAX,CALDERDALE,WEST YORKSHIRE,2010,2,11.95118685
170000,08/09/2010,LN6 9QL,D,N,F,LINCOLN,NORTH KESTEVEN,LINCOLNSHIRE,2010,9,12.0435596
225000,14/01/2010,IG8 8EP,T,N,F,WOODFORD GREEN,REDBRIDGE,GREATER LONDON,2010,1,12.32386013
117500,14/05/2010,E16 4AX,F,N,L,LONDON,NEWHAM,GREATER LONDON,2010,5,11.67420212
247330,14/05/2010,WD18 7RZ,T,N,F,WATFORD,WATFORD,HERTFORDSHIRE,2010,5,12.4184828
248000,05/10/2010,SA66 7SX,D,N,F,CLYNDERWEN,PEMBROKESHIRE,PEMBROKESHIRE,2010,10,12.42118806
237000,13/09/2010,TR18 3AB,T,N,F,PENZANCE,CORNWALL,CORNWALL,2010,9,12.37581964
152000,15/03/2010,OX16 1FQ,T,N,F,BANBURY,CHERWELL,OXFORDSHIRE,2010,3,11.93164238
92000,05/07/2010,PE21 7HY,T,N,F,BOSTON,BOSTON,LINCOLNSHIRE,2010,7,11.42955473
218000,08/01/2010,PO36 0JN,D,N,F,SANDOWN,ISLE OF WIGHT,ISLE OF WIGHT,2010,1,12.29225493
91000,26/03/2010,YO8 3ED,F,Y,L,SELBY,SELBY,NORTH YORKSHIRE,2010,3,11.41862577
390000,29/09/2010,RH10 4JZ,S,N,F,CRAWLEY,MID SUSSEX,WEST SUSSEX,2010,9,12.87390458
416500,26/08/2010,IP15 5BG,D,N,F,ALDEBURGH,SUFFOLK COASTAL,SUFFOLK,2010,8,12.93964414
173000,10/05/2010,RH11 8AW,T,N,F,CRAWLEY,CRAWLEY,WEST SUSSEX,2010,5,12.06105265
273000,31/03/2010,BS4 3LB,S,N,F,BRISTOL,CITY OF BRISTOL,CITY OF BRISTOL,2010,3,12.51723074
320000,13/01/2010,SY3 6DQ,D,N,F,SHREWSBURY,SHROPSHIRE,SHROPSHIRE,2010,1,12.6760794
675000,11/11/2010,B95 5EA,D,N,F,HENLEY-IN-ARDEN,STRATFORD-ON-AVON,WARWICKSHIRE,2010,11,13.42246945
220000,10/09/2010,CB8 9AY,S,N,F,NEWMARKET,FOREST HEATH,SUFFOLK,2010,9,12.30138737
130000,05/02/2010,BB4 7LQ,T,N,L,ROSSENDALE,ROSSENDALE,LANCASHIRE,2010,2,11.77529742
465000,17/12/2010,CW6 9QW,D,N,F,TARPORLEY,CHESHIRE EAST,CHESHIRE EAST,2010,12,13.04979484
169500,27/08/2010,BS32 8AU,S,N,F,BRISTOL,SOUTH GLOUCESTERSHIRE,SOUTH GLOUCESTERSHIRE,2010,8,12.04061411
368000,17/09/2010,BS34 6BA,D,N,F,BRISTOL,SOUTH GLOUCESTERSHIRE,SOUTH GLOUCESTERSHIRE,2010,9,12.81584093
124995,08/01/2010,PE19 1PU,S,N,F,ST NEOTS,HUNTINGDONSHIRE,CAMBRIDGESHIRE,2010,1,11.73603702
185000,06/01/2010,L40 1TN,S,N,F,ORMSKIRK,WEST LANCASHIRE,LANCASHIRE,2010,1,12.12811651
120000,11/06/2010,CH5 1HX,S,N,F,DEESIDE,FLINTSHIRE,FLINTSHIRE,2010,6,11.69525536
695000,02/07/2010,RM2 5QS,D,N,F,ROMFORD,HAVERING,GREATER LONDON,2010,7,13.45166856
93500,06/08/2010,DN32 0QJ,F,N,L,GRIMSBY,NORTH EAST LINCOLNSHIRE,NORTH EAST LINCOLNSHIRE,2010,8,11.44572741
133000,23/11/2010,FY6 0DG,S,N,F,POULTON-LE-FYLDE,WYRE,LANCASHIRE,2010,11,11.79811193
180000,03/09/2010,DN35 0SN,D,N,F,CLEETHORPES,NORTH EAST LINCOLNSHIRE,NORTH EAST LINCOLNSHIRE,2010,9,12.10071769
440000,20/09/2010,CB3 0NY,D,N,F,CAMBRIDGE,SOUTH CAMBRIDGESHIRE,CAMBRIDGESHIRE,2010,9,12.99453228
193000,28/04/2010,NE27 0DR,D,Y,L,NEWCASTLE UPON TYNE,NORTH TYNESIDE,TYNE AND WEAR,2010,4,12.17045065
153000,25/06/2010,WF5 0LA,S,N,F,OSSETT,WAKEFIELD,WEST YORKSHIRE,2010,6,11.93819974
182000,24/09/2010,PO8 8AX,T,N,F,WATERLOOVILLE,HAVANT,HAMPSHIRE,2010,9,12.11176746
244995,17/06/2010,SG18 0FJ,S,Y,F,BIGGLESWADE,CENTRAL BEDFORDSHIRE,CENTRAL BEDFORDSHIRE,2010,6,12.40899716
222500,15/07/2010,SE24 9JY,F,N,L,LONDON,SOUTHWARK,GREATER LONDON,2010,7,12.31268687
135000,27/07/2010,MK43 0HS,T,N,F,BEDFORD,CENTRAL BEDFORDSHIRE,CENTRAL BEDFORDSHIRE,2010,7,11.81303746
216000,22/03/2010,EN3 5QW,T,N,F,ENFIELD,ENFIELD,GREATER LONDON,2010,3,12.28303832
72000,24/09/2010,B97 4JL,F,N,L,REDDITCH,REDDITCH,WORCESTERSHIRE,2010,9,11.18443529
140000,11/06/2010,YO12 5JP,S,N,F,SCARBOROUGH,SCARBOROUGH,NORTH YORKSHIRE,2010,6,11.84940484
127500,01/06/2010,PO3 6NU,T,N,F,PORTSMOUTH,PORTSMOUTH,PORTSMOUTH,2010,6,11.75587949
340000,20/09/2010,RG10 0XU,D,N,F,READING,WOKINGHAM,WOKINGHAM,2010,9,12.73670384
76500,12/11/2010,TA10 0EL,F,N,L,LANGPORT,SOUTH SOMERSET,SOMERSET,2010,11,11.24505909
760000,31/08/2010,TQ6 9RH,D,N,F,DARTMOUTH,SOUTH HAMS,DEVON,2010,8,13.54107503
135000,29/11/2010,PE14 7SN,D,N,F,WISBECH,KING'S LYNN AND WEST NORFOLK,NORFOLK,2010,11,11.81303746
79950,25/06/2010,NE24 5HS,F,Y,L,BLYTH,NORTHUMBERLAND,NORTHUMBERLAND,2010,6,11.28916923
475000,06/08/2010,TA20 3DN,D,N,F,CHARD,SOUTH SOMERSET,SOMERSET,2010,8,13.07107219
88500,13/08/2010,SO18 6TX,F,N,L,SOUTHAMPTON,SOUTHAMPTON,SOUTHAMPTON,2010,8,11.39076913
125000,02/07/2010,S9 3DE,T,Y,F,SHEFFIELD,SHEFFIELD,SOUTH YORKSHIRE,2010,7,11.73607702
458500,08/04/2010,TN4 0NH,D,N,F,TUNBRIDGE WELLS,TUNBRIDGE WELLS,KENT,2010,4,13.03571775
225000,31/03/2010,BA12 6DF,D,N,F,WARMINSTER,WILTSHIRE,WILTSHIRE,2010,3,12.32386013
370000,02/02/2010,GL50 2QL,S,N,F,CHELTENHAM,CHELTENHAM,GLOUCESTERSHIRE,2010,2,12.82126099
215000,03/08/2010,DT2 7EZ,S,Y,F,DORCHESTER,WEST DORSET,DORSET,2010,8,12.27839796
115000,04/06/2010,NE4 5AD,T,N,F,NEWCASTLE UPON TYNE,NEWCASTLE UPON TYNE,TYNE AND WEAR,2010,6,11.6526961
110000,28/06/2010,NP4 7DQ,S,N,F,PONTYPOOL,TORFAEN,TORFAEN,2010,6,11.60824474
185000,12/05/2010,TQ1 3SE,T,N,F,TORQUAY,TORBAY,TORBAY,2010,5,12.12811651
845000,29/06/2010,NE2 3AH,T,N,F,NEWCASTLE UPON TYNE,NEWCASTLE UPON TYNE,TYNE AND WEAR,2010,6,13.64709309
156000,19/05/2010,HD8 8AB,F,N,F,HUDDERSFIELD,KIRKLEES,WEST YORKSHIRE,2010,5,11.9576177
145000,02/07/2010,NN14 6HY,D,N,F,KETTERING,KETTERING,NORTHAMPTONSHIRE,2010,7,11.88449592
145000,28/05/2010,CT12 6AY,F,Y,L,RAMSGATE,THANET,KENT,2010,5,11.88449592
194950,30/04/2010,CF14 3BS,T,N,F,CARDIFF,CARDIFF,CARDIFF,2010,4,12.18050352
695000,23/09/2010,SE14 5SE,S,N,F,LONDON,LEWISHAM,GREATER LONDON,2010,9,13.45166856
408888,30/04/2010,W11 3QW,F,N,L,LONDON,KENSINGTON AND CHELSEA,GREATER LONDON,2010,4,12.921199
134000,30/04/2010,TD15 2NY,S,N,F,BERWICK-UPON-TWEED,NORTHUMBERLAND,NORTHUMBERLAND,2010,4,11.80560254
115000,24/05/2010,BD19 3BY,T,N,F,CLECKHEATON,KIRKLEES,WEST YORKSHIRE,2010,5,11.6526961
63000,14/06/2010,CH49 0XW,F,N,L,WIRRAL,WIRRAL,MERSEYSIDE,2010,6,11.05090588
239000,28/04/2010,SA62 6JD,S,N,F,HAVERFORDWEST,PEMBROKESHIRE,PEMBROKESHIRE,2010,4,12.38422302
62000,07/05/2010,LE16 9QA,T,N,L,MARKET HARBOROUGH,HARBOROUGH,LEICESTERSHIRE,2010,5,11.03490579
330000,15/01/2010,LU7 9RD,D,N,F,LEIGHTON BUZZARD,AYLESBURY VALE,BUCKINGHAMSHIRE,2010,1,12.70685096
163000,23/12/2010,DE7 8YH,T,N,F,ILKESTON,EREWASH,DERBYSHIRE,2010,12,12.00151161
180000,26/11/2010,DT4 0RW,T,N,F,WEYMOUTH,WEYMOUTH AND PORTLAND,DORSET,2010,11,12.10071769
179995,03/12/2010,PL6 6FG,S,Y,F,PLYMOUTH,CITY OF PLYMOUTH,CITY OF PLYMOUTH,2010,12,12.10068991
112000,19/11/2010,L17 0HG,F,N,L,LIVERPOOL,LIVERPOOL,MERSEYSIDE,2010,11,11.62626308
195000,27/08/2010,SS9 4PR,S,N,F,LEIGH-ON-SEA,SOUTHEND-ON-SEA,SOUTHEND-ON-SEA,2010,8,12.18075997
178000,19/08/2010,DL10 7RY,D,N,F,RICHMOND,RICHMONDSHIRE,NORTH YORKSHIRE,2010,8,12.08954445
193500,21/04/2010,WD17 2RE,T,N,F,WATFORD,WATFORD,HERTFORDSHIRE,2010,4,12.17303796
175000,29/01/2010,TS10 4GJ,D,N,F,REDCAR,REDCAR AND CLEVELAND,REDCAR AND CLEVELAND,2010,1,12.07254697
115000,11/08/2010,SY8 2PT,T,N,F,LUDLOW,SHROPSHIRE,SHROPSHIRE,2010,8,11.6526961
184000,27/09/2010,BA13 3JH,S,N,F,WESTBURY,WILTSHIRE,WILTSHIRE,2010,9,12.12269647
215000,14/10/2010,SA4 4FZ,D,N,F,SWANSEA,SWANSEA,SWANSEA,2010,10,12.27839796
104500,12/03/2010,NP20 3JZ,S,N,F,NEWPORT,NEWPORT,NEWPORT,2010,3,11.55695192
375000,03/09/2010,AL4 0DX,S,N,F,ST ALBANS,ST ALBANS,HERTFORDSHIRE,2010,9,12.83468397
128000,15/10/2010,CF63 4JR,T,N,F,BARRY,THE VALE OF GLAMORGAN,THE VALE OF GLAMORGAN,2010,10,11.75979336
105000,07/10/2010,DL8 5AE,D,N,F,LEYBURN,RICHMONDSHIRE,NORTH YORKSHIRE,2010,10,11.56172515
190500,10/11/2010,CO9 2EG,S,N,F,HALSTEAD,BRAINTREE,ESSEX,2010,11,12.15741272
77000,18/06/2010,M43 6RL,T,N,F,MANCHESTER,TAMESIDE,GREATER MANCHESTER,2010,6,11.25157369
152500,30/07/2010,PR4 5DB,S,N,F,PRESTON,SOUTH RIBBLE,LANCASHIRE,2010,7,11.93492643
120000,26/03/2010,ST7 2NG,S,N,F,STOKE-ON-TRENT,CHESHIRE EAST,CHESHIRE EAST,2010,3,11.69525536
112000,29/11/2010,M33 3AF,F,N,L,SALE,TRAFFORD,GREATER MANCHESTER,2010,11,11.62626308
475000,24/08/2010,HA4 8BL,S,N,F,RUISLIP,HILLINGDON,GREATER LONDON,2010,8,13.07107219
58000,16/02/2010,BB11 4JG,T,N,L,BURNLEY,BURNLEY,LANCASHIRE,2010,2,10.96821553
285000,21/07/2010,SW15 2TS,F,N,L,LONDON,WANDSWORTH,GREATER LONDON,2010,7,12.56024797
144000,01/10/2010,ST5 3BW,S,N,F,NEWCASTLE,NEWCASTLE-UNDER-LYME,STAFFORDSHIRE,2010,10,11.87757552
368000,23/07/2010,SO16 8JJ,D,N,F,SOUTHAMPTON,TEST VALLEY,HAMPSHIRE,2010,7,12.81584093
680000,30/09/2010,SL9 0LD,D,N,F,GERRARDS CROSS,CHILTERN,BUCKINGHAMSHIRE,2010,9,13.42984955
205000,16/09/2010,NR11 6UR,D,N,F,NORWICH,BROADLAND,NORFOLK,2010,9,12.23077014
155000,30/04/2010,PO4 9BJ,T,N,F,SOUTHSEA,PORTSMOUTH,PORTSMOUTH,2010,4,11.95118685
200000,29/01/2010,WR4 0DP,D,N,F,WORCESTER,WORCESTER,WORCESTERSHIRE,2010,1,12.20607765
225500,08/06/2010,IG2 6FG,F,Y,L,ILFORD,REDBRIDGE,GREATER LONDON,2010,6,12.32607987
214950,22/12/2010,BN42 4HU,T,N,F,BRIGHTON,ADUR,WEST SUSSEX,2010,12,12.27816537
187500,20/01/2010,TN12 0TA,S,N,F,TONBRIDGE,MAIDSTONE,KENT,2010,1,12.14153946
610000,13/04/2010,CM1 6BF,D,N,F,CHELMSFORD,CHELMSFORD,ESSEX,2010,4,13.32121588
160000,28/10/2010,PE33 0BJ,D,N,F,KING'S LYNN,KING'S LYNN AND WEST NORFOLK,NORFOLK,2010,10,11.98293534
425000,03/12/2010,OX4 1DQ,S,N,F,OXFORD,OXFORD,OXFORDSHIRE,2010,12,12.9598468
125000,20/08/2010,NP12 2AD,S,N,F,BLACKWOOD,CAERPHILLY,CAERPHILLY,2010,8,11.73607702
680000,23/11/2010,GU8 5QR,T,N,F,GODALMING,WAVERLEY,SURREY,2010,11,13.42984955
223000,15/03/2010,RG4 6RF,T,N,F,READING,READING,READING,2010,3,12.31493153
120000,30/03/2010,BS22 7SB,F,Y,L,WESTON-SUPER-MARE,NORTH SOMERSET,NORTH SOMERSET,2010,3,11.69525536
410000,29/10/2010,GL56 9RR,T,N,L,MORETON-IN-MARSH,COTSWOLD,GLOUCESTERSHIRE,2010,10,12.92391488
90000,08/03/2010,TQ3 2TX,F,N,L,PAIGNTON,TORBAY,TORBAY,2010,3,11.40757606
135000,02/03/2010,RH1 6NX,F,N,L,REDHILL,REIGATE AND BANSTEAD,SURREY,2010,3,11.81303746
670000,24/05/2010,DE12 7AQ,D,N,F,SWADLINCOTE,NORTH WEST LEICESTERSHIRE,LEICESTERSHIRE,2010,5,13.41503448
235000,28/05/2010,PE26 2TB,D,N,F,HUNTINGDON,HUNTINGDONSHIRE,CAMBRIDGESHIRE,2010,5,12.36734505
309000,30/07/2010,ME19 5QE,D,N,F,WEST MALLING,TONBRIDGE AND MALLING,KENT,2010,7,12.64109979
500000,04/06/2010,N8 0PP,S,N,F,LONDON,HARINGEY,GREATER LONDON,2010,6,13.12236538
118000,23/06/2010,SK14 5LN,D,N,F,HYDE,TAMESIDE,GREATER MANCHESTER,2010,6,11.67844838
350000,06/08/2010,SE25 4BX,T,N,F,LONDON,CROYDON,GREATER LONDON,2010,8,12.76569129
77000,03/12/2010,TS21 3BP,F,N,L,STOCKTON-ON-TEES,COUNTY DURHAM,COUNTY DURHAM,2010,12,11.25157369
450000,27/05/2010,CM23 4GF,D,N,F,BISHOP'S STORTFORD,EAST HERTFORDSHIRE,HERTFORDSHIRE,2010,5,13.01700508
450000,08/10/2010,UB10 8JY,D,N,F,UXBRIDGE,HILLINGDON,GREATER LONDON,2010,10,13.01700508
861000,29/04/2010,CB4 1AP,S,N,F,CAMBRIDGE,CAMBRIDGE,CAMBRIDGESHIRE,2010,4,13.66585094
405000,01/10/2010,SW20 8BT,S,N,F,LONDON,MERTON,GREATER LONDON,2010,10,12.91164482
110000,12/03/2010,NN16 8EP,T,N,F,KETTERING,KETTERING,NORTHAMPTONSHIRE,2010,3,11.60824474
400000,12/08/2010,RG41 4DF,D,N,F,WOKINGHAM,WOKINGHAM,WOKINGHAM,2010,8,12.89922233
161000,05/11/2010,B9 5QA,T,N,F,BIRMINGHAM,BIRMINGHAM,WEST MIDLANDS,2010,11,11.98916586
104000,21/05/2010,DE65 5ED,T,N,F,DERBY,SOUTH DERBYSHIRE,DERBYSHIRE,2010,5,11.55215579
147500,29/12/2010,BH17 7XG,T,N,F,POOLE,POOLE,POOLE,2010,12,11.90159023
230000,01/12/2010,MK44 1JB,S,N,F,BEDFORD,BEDFORD,BEDFORD,2010,12,12.34583894
198000,08/01/2010,SK14 6JS,S,N,F,HYDE,TAMESIDE,GREATER MANCHESTER,2010,1,12.19602736
97000,12/03/2010,B63 3EU,F,N,L,HALESOWEN,DUDLEY,WEST MIDLANDS,2010,3,11.48247657
883000,23/04/2010,EN10 7EF,D,N,F,BROXBOURNE,BROXBOURNE,HERTFORDSHIRE,2010,4,13.69108161
258000,28/06/2010,DL7 0LJ,S,N,F,NORTHALLERTON,HAMBLETON,NORTH YORKSHIRE,2010,6,12.46071874
230000,24/05/2010,E4 9HJ,F,N,L,LONDON,WALTHAM FOREST,GREATER LONDON,2010,5,12.34583894
212000,29/06/2010,SL6 4HN,T,N,F,MAIDENHEAD,WINDSOR AND MAIDENHEAD,WINDSOR AND MAIDENHEAD,2010,6,12.26434627
250000,02/11/2010,RM16 6PX,D,N,F,GRAYS,THURROCK,THURROCK,2010,11,12.4292202
249000,28/07/2010,SK9 1AW,F,N,L,WILMSLOW,CHESHIRE EAST,CHESHIRE EAST,2010,7,12.42521219
186500,24/06/2010,CT19 4EE,T,N,F,FOLKESTONE,SHEPWAY,KENT,2010,6,12.13619188
121995,03/09/2010,LU5 5RE,T,N,F,DUNSTABLE,CENTRAL BEDFORDSHIRE,CENTRAL BEDFORDSHIRE,2010,9,11.71174354
163000,26/08/2010,NG13 8DF,D,N,F,NOTTINGHAM,RUSHCLIFFE,NOTTINGHAMSHIRE,2010,8,12.00151161
100000,13/10/2010,BB2 6DS,T,N,F,BLACKBURN,BLACKBURN WITH DARWEN,BLACKBURN WITH DARWEN,2010,10,11.51293546
249999,06/08/2010,MK41 0WA,D,N,F,BEDFORD,BEDFORD,BEDFORD,2010,8,12.4292162
290000,15/01/2010,HP23 4DD,T,N,F,TRING,DACORUM,HERTFORDSHIRE,2010,1,12.57763965
250000,04/10/2010,EN3 5RH,T,N,F,ENFIELD,ENFIELD,GREATER LONDON,2010,10,12.4292202
394000,09/07/2010,SW19 4HG,F,N,L,LONDON,MERTON,GREATER LONDON,2010,7,12.88410873
745000,04/06/2010,SW6 3EN,T,N,F,LONDON,HAMMERSMITH AND FULHAM,GREATER LONDON,2010,6,13.52114084
129500,05/03/2010,NN4 0FP,S,N,F,NORTHAMPTON,NORTHAMPTON,NORTHAMPTONSHIRE,2010,3,11.77144388
225000,08/11/2010,DT3 4AT,D,N,F,WEYMOUTH,WEST DORSET,DORSET,2010,11,12.32386013
165000,31/08/2010,CF10 4BN,S,N,F,CARDIFF,CARDIFF,CARDIFF,2010,8,12.01370681
227500,03/02/2010,EX16 8DD,D,N,F,TIVERTON,NORTH DEVON,DEVON,2010,2,12.33490991
80000,10/05/2010,OL2 7RZ,T,N,L,OLDHAM,OLDHAM,GREATER MANCHESTER,2010,5,11.28979441
110000,30/04/2010,SO30 3BG,F,N,L,SOUTHAMPTON,EASTLEIGH,HAMPSHIRE,2010,4,11.60824474
455000,01/10/2010,WD3 5QL,D,N,F,RICKMANSWORTH,THREE RIVERS,HERTFORDSHIRE,2010,10,13.0280549
1170000,12/03/2010,NW5 2RA,D,N,F,LONDON,CAMDEN,GREATER LONDON,2010,3,13.97251516
745000,04/06/2010,SW6 3EN,T,N,F,LONDON,HAMMERSMITH AND FULHAM,GREATER LONDON,2010,6,13.52114084
145000,17/06/2011,SA69 9ET,F,N,L,SAUNDERSFOOT,PEMBROKESHIRE,PEMBROKESHIRE,2011,6,11.88449592
296000,27/04/2011,TQ13 9GL,D,N,F,NEWTON ABBOT,TEIGNBRIDGE,DEVON,2011,4,12.59811811
260000,14/01/2011,AL1 1NJ,F,N,L,ST ALBANS,ST ALBANS,HERTFORDSHIRE,2011,1,12.46844076
605000,08/07/2011,BS26 2LE,D,N,F,AXBRIDGE,SEDGEMOOR,SOMERSET,2011,7,13.31298539
380000,22/03/2011,BA2 8AP,D,N,F,BATH,BATH AND NORTH EAST SOMERSET,BATH AND NORTH EAST SOMERSET,2011,3,12.84792916
175000,22/12/2011,NE30 4HD,T,N,F,NORTH SHIELDS,NORTH TYNESIDE,TYNE AND WEAR,2011,12,12.07254697
110000,03/11/2011,BD19 3NW,T,N,F,CLECKHEATON,KIRKLEES,WEST YORKSHIRE,2011,11,11.60824474
75000,01/06/2011,YO25 4JW,D,N,F,DRIFFIELD,EAST RIDING OF YORKSHIRE,EAST RIDING OF YORKSHIRE,2011,6,11.22525673
370000,29/10/2011,SO32 2FQ,S,N,F,SOUTHAMPTON,WINCHESTER,HAMPSHIRE,2011,10,12.82126099
90000,26/08/2011,HX3 5AA,D,N,F,HALIFAX,CALDERDALE,WEST YORKSHIRE,2011,8,11.40757606
83000,07/04/2011,NG2 4DF,T,N,F,NOTTINGHAM,CITY OF NOTTINGHAM,CITY OF NOTTINGHAM,2011,4,11.32660793
115000,14/10/2011,WA7 1LW,F,N,L,RUNCORN,HALTON,HALTON,2011,10,11.6526961
68000,15/08/2011,NP13 2DQ,S,N,F,ABERTILLERY,CAERPHILLY,CAERPHILLY,2011,8,11.12727769
210000,07/01/2011,OX28 1GL,T,N,F,WITNEY,WEST OXFORDSHIRE,OXFORDSHIRE,2011,1,12.25486757
82500,09/09/2011,NP4 8BR,S,N,F,PONTYPOOL,TORFAEN,TORFAEN,2011,9,11.32056569
199999,22/07/2011,CF36 3ET,D,N,F,PORTHCAWL,BRIDGEND,BRIDGEND,2011,7,12.20607265
195000,19/07/2011,CT8 8PX,D,Y,F,WESTGATE-ON-SEA,THANET,KENT,2011,7,12.18075997
210000,23/05/2011,RM13 7BX,T,N,F,RAINHAM,HAVERING,GREATER LONDON,2011,5,12.25486757
171000,17/05/2011,NN10 0BF,D,Y,F,RUSHDEN,EAST NORTHAMPTONSHIRE,NORTHAMPTONSHIRE,2011,5,12.04942468
78000,26/04/2011,FY1 5QH,T,N,F,BLACKPOOL,BLACKPOOL,BLACKPOOL,2011,4,11.26447693
240000,26/08/2011,SG14 2EB,T,N,F,HERTFORD,EAST HERTFORDSHIRE,HERTFORDSHIRE,2011,8,12.38839837
149995,26/08/2011,SG19 1JE,S,N,F,SANDY,CENTRAL BEDFORDSHIRE,CENTRAL BEDFORDSHIRE,2011,8,11.91836391
167500,14/09/2011,GU47 0RA,F,N,L,SANDHURST,BRACKNELL FOREST,BRACKNELL FOREST,2011,9,12.0287446
276000,12/12/2011,KT19 0HL,S,N,F,EPSOM,EPSOM AND EWELL,SURREY,2011,12,12.52815977
130000,21/12/2011,ME12 3LN,S,N,F,SHEERNESS,SWALE,KENT,2011,12,11.77529742
98000,28/10/2011,BD17 5LB,S,N,F,SHIPLEY,BRADFORD,WEST YORKSHIRE,2011,10,11.49273296
136000,08/06/2011,CV10 7NT,S,N,F,NUNEATON,NUNEATON AND BEDWORTH,WARWICKSHIRE,2011,6,11.82041752
95000,18/11/2011,YO25 8UB,D,N,F,DRIFFIELD,EAST RIDING OF YORKSHIRE,EAST RIDING OF YORKSHIRE,2011,11,11.4616427
135000,28/10/2011,PL5 1NH,S,N,F,PLYMOUTH,CITY OF PLYMOUTH,CITY OF PLYMOUTH,2011,10,11.81303746
157000,21/01/2011,MK43 8ED,S,N,F,BEDFORD,BEDFORD,BEDFORD,2011,1,11.96400745
250000,13/04/2011,TW12 1DH,F,N,L,HAMPTON,RICHMOND UPON THAMES,GREATER LONDON,2011,4,12.4292202
187000,30/11/2011,EX23 9HB,T,N,F,BUDE,CORNWALL,CORNWALL,2011,11,12.13886924
157000,08/07/2011,DY8 5EU,S,N,F,STOURBRIDGE,DUDLEY,WEST MIDLANDS,2011,7,11.96400745
250000,27/09/2011,CB1 3TZ,T,N,F,CAMBRIDGE,CAMBRIDGE,CAMBRIDGESHIRE,2011,9,12.4292202
158500,28/08/2011,SO40 3PJ,T,N,F,SOUTHAMPTON,NEW FOREST,HAMPSHIRE,2011,8,11.97351618
175000,25/07/2011,CO15 4HS,D,N,F,CLACTON-ON-SEA,TENDRING,ESSEX,2011,7,12.07254697
166000,30/09/2011,S8 0GS,S,N,F,SHEFFIELD,SHEFFIELD,SOUTH YORKSHIRE,2011,9,12.01974909
195000,17/06/2011,CH61 9PH,D,N,F,WIRRAL,WIRRAL,MERSEYSIDE,2011,6,12.18075997
830000,30/09/2011,SG11 2RW,D,N,F,WARE,EAST HERTFORDSHIRE,HERTFORDSHIRE,2011,9,13.62918218
265000,16/12/2011,N16 6UP,F,Y,L,LONDON,HACKNEY,GREATER LONDON,2011,12,12.48748888
90000,14/07/2011,L1 8LP,F,Y,L,LIVERPOOL,LIVERPOOL,MERSEYSIDE,2011,7,11.40757606
315000,28/04/2011,RG10 9BZ,S,N,F,READING,WOKINGHAM,WOKINGHAM,2011,4,12.66033109
125000,01/07/2011,ST5 9DU,S,N,F,NEWCASTLE,NEWCASTLE-UNDER-LYME,STAFFORDSHIRE,2011,7,11.73607702
120000,18/03/2011,BL7 9LA,S,N,L,BOLTON,BOLTON,GREATER MANCHESTER,2011,3,11.69525536
535000,18/11/2011,PE36 6LY,S,N,F,HUNSTANTON,KING'S LYNN AND WEST NORFOLK,NORFOLK,2011,11,13.1900239
340000,31/01/2011,LL53 7UA,D,N,F,PWLLHELI,GWYNEDD,GWYNEDD,2011,1,12.73670384
230000,27/05/2011,EN3 7RZ,T,N,F,ENFIELD,ENFIELD,GREATER LONDON,2011,5,12.34583894
50000,11/01/2011,WV14 9UL,S,N,F,BILSTON,WOLVERHAMPTON,WEST MIDLANDS,2011,1,10.81979828
152500,14/09/2011,NN3 7XD,S,N,F,NORTHAMPTON,NORTHAMPTON,NORTHAMPTONSHIRE,2011,9,11.93492643
1225000,01/04/2011,N1 8BA,T,N,F,LONDON,ISLINGTON,GREATER LONDON,2011,4,14.01845222
105000,28/07/2011,BB10 2NF,S,N,L,BURNLEY,PENDLE,LANCASHIRE,2011,7,11.56172515
69000,15/08/2011,SE13 6TL,F,N,L,LONDON,LEWISHAM,GREATER LONDON,2011,8,11.14187628
154000,14/01/2011,BD11 1HT,S,N,F,BRADFORD,LEEDS,WEST YORKSHIRE,2011,1,11.94471437
54000,17/01/2011,BL3 1SW,S,N,F,BOLTON,BOLTON,GREATER MANCHESTER,2011,1,10.89675784
110000,21/11/2011,ST6 8XF,S,N,F,STOKE-ON-TRENT,STOKE-ON-TRENT,STOKE-ON-TRENT,2011,11,11.60824474
70000,05/10/2011,BD10 0NA,T,N,F,BRADFORD,BRADFORD,WEST YORKSHIRE,2011,10,11.15626481
131500,06/04/2011,SK17 7PZ,T,N,F,BUXTON,HIGH PEAK,DERBYSHIRE,2011,4,11.78676974
250000,16/12/2011,SW19 2AX,F,N,L,LONDON,MERTON,GREATER LONDON,2011,12,12.4292202
50250,06/01/2011,GL17 9RB,S,N,F,LYDBROOK,FOREST OF DEAN,GLOUCESTERSHIRE,2011,1,10.82478573
350000,04/03/2011,SW15 1NA,F,N,L,LONDON,WANDSWORTH,GREATER LONDON,2011,3,12.76569129
771150,26/09/2011,SW12 0JE,T,N,F,LONDON,LAMBETH,GREATER LONDON,2011,9,13.55563948
775000,01/09/2011,TN4 0NX,D,N,F,TUNBRIDGE WELLS,TUNBRIDGE WELLS,KENT,2011,9,13.5606196
230000,05/08/2011,RG30 6BH,S,N,F,READING,READING,READING,2011,8,12.34583894
220000,08/07/2011,CA5 7NW,D,N,F,CARLISLE,CARLISLE,CUMBRIA,2011,7,12.30138737
125000,26/08/2011,DN3 3TP,S,N,F,DONCASTER,DONCASTER,SOUTH YORKSHIRE,2011,8,11.73607702
60000,06/05/2011,TQ12 3AD,T,N,F,NEWTON ABBOT,TEIGNBRIDGE,DEVON,2011,5,11.00211651
187500,11/11/2011,CM7 1HW,S,N,F,BRAINTREE,BRAINTREE,ESSEX,2011,11,12.14153946
110000,27/06/2011,NP18 2HN,T,N,F,NEWPORT,NEWPORT,NEWPORT,2011,6,11.60824474
245000,30/06/2011,W9 1QQ,F,Y,L,LONDON,CITY OF WESTMINSTER,GREATER LONDON,2011,6,12.40901757
385000,04/05/2011,SG4 0RQ,D,N,F,HITCHIN,NORTH HERTFORDSHIRE,HERTFORDSHIRE,2011,5,12.86100121
268000,21/02/2011,CB10 1PZ,T,N,F,SAFFRON WALDEN,UTTLESFORD,ESSEX,2011,2,12.49874599
214950,28/04/2011,SG5 4LJ,T,N,F,HITCHIN,CENTRAL BEDFORDSHIRE,CENTRAL BEDFORDSHIRE,2011,4,12.27816537
450000,24/08/2011,GU22 7SZ,T,N,F,WOKING,WOKING,SURREY,2011,8,13.01700508
765000,07/12/2011,KT2 6HF,D,N,F,KINGSTON UPON THAMES,KINGSTON UPON THAMES,GREATER LONDON,2011,12,13.54763242
235000,01/07/2011,PL29 3TG,D,N,F,PORT ISAAC,CORNWALL,CORNWALL,2011,7,12.36734505
118000,18/03/2011,BL2 4BB,S,N,F,BOLTON,BOLTON,GREATER MANCHESTER,2011,3,11.67844838
221450,19/08/2011,NE13 9GB,D,N,F,NEWCASTLE UPON TYNE,NEWCASTLE UPON TYNE,TYNE AND WEAR,2011,8,12.30795663
150000,31/05/2011,NR31 8HR,S,N,F,GREAT YARMOUTH,GREAT YARMOUTH,NORFOLK,2011,5,11.91839724
248000,08/12/2011,CR0 7UB,D,N,F,CROYDON,CROYDON,GREATER LONDON,2011,12,12.42118806
124950,03/08/2011,S70 2RP,F,Y,L,BARNSLEY,BARNSLEY,SOUTH YORKSHIRE,2011,8,11.73567694
185000,09/12/2011,NP4 5SX,D,N,F,PONTYPOOL,TORFAEN,TORFAEN,2011,12,12.12811651
270000,29/06/2011,SM6 9BX,T,N,F,WALLINGTON,SUTTON,GREATER LONDON,2011,6,12.50618094
205000,01/09/2011,LE18 2QU,D,N,F,WIGSTON,OADBY AND WIGSTON,LEICESTERSHIRE,2011,9,12.23077014
287500,04/02/2011,LE5 4DP,S,N,F,LEICESTER,LEICESTER,LEICESTER,2011,2,12.56898162
165000,27/09/2011,TA21 8HU,T,N,F,WELLINGTON,TAUNTON DEANE,SOMERSET,2011,9,12.01370681
130000,05/09/2011,BS10 7EU,S,N,F,BRISTOL,CITY OF BRISTOL,CITY OF BRISTOL,2011,9,11.77529742
100000,26/08/2011,ST7 2PE,T,N,F,STOKE-ON-TRENT,CHESHIRE EAST,CHESHIRE EAST,2011,8,11.51293546
165000,17/02/2011,BD17 6ST,S,N,F,SHIPLEY,BRADFORD,WEST YORKSHIRE,2011,2,12.01370681
122500,11/11/2011,BS10 7DQ,F,N,L,BRISTOL,CITY OF BRISTOL,CITY OF BRISTOL,2011,11,11.71587447
307000,19/10/2011,EX7 9NF,S,N,F,DAWLISH,TEIGNBRIDGE,DEVON,2011,10,12.63460628
85000,27/07/2011,LE3 8FH,S,N,F,LEICESTER,BLABY,LEICESTERSHIRE,2011,7,11.3504183
615000,12/09/2011,EX11 1XP,D,N,F,OTTERY ST MARY,EAST DEVON,DEVON,2011,9,13.32937917
87000,25/03/2011,NP44 4LR,S,N,F,CWMBRAN,TORFAEN,TORFAEN,2011,3,11.37367489
172500,23/05/2011,PO8 8HL,T,N,F,WATERLOOVILLE,EAST HAMPSHIRE,HAMPSHIRE,2011,5,12.05815831
205000,18/11/2011,BD18 3AU,D,N,F,SHIPLEY,BRADFORD,WEST YORKSHIRE,2011,11,12.23077014
305500,25/03/2011,SS15 4DW,D,N,F,BASILDON,BASILDON,ESSEX,2011,3,12.62970833
415000,18/07/2011,WV6 8EQ,D,N,F,WOLVERHAMPTON,WOLVERHAMPTON,WEST MIDLANDS,2011,7,12.93603621
85000,07/10/2011,DE24 0QT,T,N,F,DERBY,CITY OF DERBY,CITY OF DERBY,2011,10,11.3504183
250000,19/12/2011,ME5 9NX,D,N,F,CHATHAM,MEDWAY,MEDWAY,2011,12,12.4292202
180000,19/05/2011,WN8 8BX,D,N,F,SKELMERSDALE,WEST LANCASHIRE,LANCASHIRE,2011,5,12.10071769
53000,20/06/2011,HX2 9DD,S,N,F,HALIFAX,CALDERDALE,WEST YORKSHIRE,2011,6,10.87806606
227000,31/03/2011,SS16 5TR,S,N,F,BASILDON,BASILDON,ESSEX,2011,3,12.3327097
300000,14/01/2011,NW1 8DS,F,N,L,LONDON,CAMDEN,GREATER LONDON,2011,1,12.61154109
174000,21/10/2011,RM2 6BX,F,N,L,ROMFORD,HAVERING,GREATER LONDON,2011,10,12.06681633
187000,03/06/2011,GU12 4RD,S,N,F,ALDERSHOT,RUSHMOOR,HAMPSHIRE,2011,6,12.13886924
146000,09/12/2011,TA12 6DB,S,N,F,MARTOCK,SOUTH SOMERSET,SOMERSET,2011,12,11.89136875
249990,21/12/2011,SG9 9FH,S,Y,F,BUNTINGFORD,EAST HERTFORDSHIRE,HERTFORDSHIRE,2011,12,12.4291802
496400,12/12/2011,CV32 4EG,F,Y,L,LEAMINGTON SPA,WARWICK,WARWICKSHIRE,2011,12,13.11513935
220000,23/09/2011,N19 5EB,F,N,L,LONDON,ISLINGTON,GREATER LONDON,2011,9,12.30138737
79950,29/07/2011,LD5 4RD,S,N,F,LLANWRTYD WELLS,POWYS,POWYS,2011,7,11.28916923
546000,11/07/2011,TN13 2NW,D,N,F,SEVENOAKS,SEVENOAKS,KENT,2011,7,13.21037609
169950,25/02/2011,HP4 3ED,F,N,L,BERKHAMSTED,DACORUM,HERTFORDSHIRE,2011,2,12.04326544
537000,16/12/2011,IP33 1QD,T,N,F,BURY ST EDMUNDS,ST EDMUNDSBURY,SUFFOLK,2011,12,13.19375524
76000,12/08/2011,NG10 3JW,T,N,F,NOTTINGHAM,EREWASH,DERBYSHIRE,2011,8,11.23850178
140000,07/07/2011,HG1 4QR,T,N,F,HARROGATE,HARROGATE,NORTH YORKSHIRE,2011,7,11.84940484
500000,29/07/2011,KT7 0HL,S,N,F,THAMES DITTON,ELMBRIDGE,SURREY,2011,7,13.12236538
249995,26/04/2011,DA16 1NR,S,N,F,WELLING,BEXLEY,GREATER LONDON,2011,4,12.4292002
134000,25/07/2011,GL20 7RB,T,N,F,TEWKESBURY,TEWKESBURY,GLOUCESTERSHIRE,2011,7,11.80560254
125000,21/04/2011,E7 0DN,F,N,L,LONDON,NEWHAM,GREATER LONDON,2011,4,11.73607702
245000,28/03/2011,WD25 0EP,S,N,F,WATFORD,WATFORD,HERTFORDSHIRE,2011,3,12.40901757
110000,28/01/2011,S6 3JS,T,N,L,SHEFFIELD,SHEFFIELD,SOUTH YORKSHIRE,2011,1,11.60824474
430000,15/08/2011,SW17 0EQ,T,N,F,LONDON,WANDSWORTH,GREATER LONDON,2011,8,12.97154281
138000,05/08/2011,SO19 8LA,S,N,F,SOUTHAMPTON,SOUTHAMPTON,SOUTHAMPTON,2011,8,11.83501621
116500,29/09/2011,ME4 5NT,F,N,L,CHATHAM,MEDWAY,MEDWAY,2011,9,11.66565514
625000,05/09/2011,WA15 9PJ,S,N,L,ALTRINCHAM,TRAFFORD,GREATER MANCHESTER,2011,9,13.34550853
85000,16/11/2011,CF24 2AH,T,N,F,CARDIFF,CARDIFF,CARDIFF,2011,11,11.3504183
395000,10/06/2011,KT6 7NS,S,N,F,SURBITON,KINGSTON UPON THAMES,GREATER LONDON,2011,6,12.88664358
219276,30/06/2011,DE24 1AS,D,Y,F,DERBY,CITY OF DERBY,CITY OF DERBY,2011,6,12.29809105
430000,12/08/2011,FY8 5PY,F,N,L,LYTHAM ST ANNES,FYLDE,LANCASHIRE,2011,8,12.97154281
238000,18/11/2011,CO12 5FE,D,N,F,HARWICH,TENDRING,ESSEX,2011,11,12.38003015
425000,16/05/2011,DH1 2QW,D,N,F,DURHAM,COUNTY DURHAM,COUNTY DURHAM,2011,5,12.9598468
107500,01/04/2011,LU7 0TH,S,N,F,LEIGHTON BUZZARD,AYLESBURY VALE,BUCKINGHAMSHIRE,2011,4,11.58525543
325000,18/09/2011,TN26 2JQ,D,N,F,ASHFORD,ASHFORD,KENT,2011,9,12.69158354
120000,17/06/2011,FY5 1RY,S,N,F,THORNTON-CLEVELEYS,BLACKPOOL,BLACKPOOL,2011,6,11.69525536
225000,07/01/2011,HP4 2BG,F,N,L,BERKHAMSTED,DACORUM,HERTFORDSHIRE,2011,1,12.32386013
165000,06/01/2011,BN13 2JA,T,N,F,WORTHING,WORTHING,WEST SUSSEX,2011,1,12.01370681
245000,13/05/2011,WS11 1NG,D,N,F,CANNOCK,CANNOCK CHASE,STAFFORDSHIRE,2011,5,12.40901757
200000,31/08/2011,IG5 0UB,S,N,F,ILFORD,REDBRIDGE,GREATER LONDON,2011,8,12.20607765
214000,22/09/2011,RH12 4EJ,T,N,F,HORSHAM,HORSHAM,WEST SUSSEX,2011,9,12.27373597
65000,25/03/2011,ST13 6EP,T,N,F,LEEK,STAFFORDSHIRE MOORLANDS,STAFFORDSHIRE,2011,3,11.08215793
172500,22/07/2011,SK8 2LE,S,N,F,CHEADLE,STOCKPORT,GREATER MANCHESTER,2011,7,12.05815831
85000,07/04/2011,M7 2LH,S,N,F,SALFORD,SALFORD,GREATER MANCHESTER,2011,4,11.3504183
440000,29/07/2011,RG20 7LE,D,N,F,NEWBURY,WEST BERKSHIRE,WEST BERKSHIRE,2011,7,12.99453228
133000,14/11/2011,SY8 1HN,S,N,F,LUDLOW,SHROPSHIRE,SHROPSHIRE,2011,11,11.79811193
61000,28/10/2011,WF17 6DL,T,N,F,BATLEY,KIRKLEES,WEST YORKSHIRE,2011,10,11.01864554
162500,03/11/2011,SK2 5DD,S,N,F,STOCKPORT,STOCKPORT,GREATER MANCHESTER,2011,11,11.99843943
140000,21/01/2011,PR7 7HU,T,Y,F,CHORLEY,CHORLEY,LANCASHIRE,2011,1,11.84940484
350000,14/10/2011,GL6 8EX,D,N,F,STROUD,STROUD,GLOUCESTERSHIRE,2011,10,12.76569129
225000,17/06/2011,PE26 2QE,D,N,F,HUNTINGDON,HUNTINGDONSHIRE,CAMBRIDGESHIRE,2011,6,12.32386013
179750,15/07/2011,NG2 6DL,T,N,F,NOTTINGHAM,RUSHCLIFFE,NOTTINGHAMSHIRE,2011,7,12.09932784
410000,01/07/2011,HU11 5AE,D,N,F,HULL,EAST RIDING OF YORKSHIRE,EAST RIDING OF YORKSHIRE,2011,7,12.92391488
210000,21/12/2011,PO13 9RE,D,N,F,GOSPORT,GOSPORT,HAMPSHIRE,2011,12,12.25486757
162500,13/09/2011,PE31 6PT,D,N,F,KING'S LYNN,KING'S LYNN AND WEST NORFOLK,NORFOLK,2011,9,11.99843943
175000,28/09/2011,NP12 0GX,D,N,F,BLACKWOOD,CAERPHILLY,CAERPHILLY,2011,9,12.07254697
75000,29/07/2011,NG16 1AQ,F,N,L,NOTTINGHAM,BROXTOWE,NOTTINGHAMSHIRE,2011,7,11.22525673
138000,16/09/2011,DE56 0RF,T,N,F,BELPER,AMBER VALLEY,DERBYSHIRE,2011,9,11.83501621
785000,24/08/2011,LA23 3JG,D,N,F,WINDERMERE,SOUTH LAKELAND,CUMBRIA,2011,8,13.57344027
139950,31/03/2011,S71 5SH,T,N,F,BARNSLEY,BARNSLEY,SOUTH YORKSHIRE,2011,3,11.84904764
430000,26/05/2011,IP11 7JT,D,N,F,FELIXSTOWE,SUFFOLK COASTAL,SUFFOLK,2011,5,12.97154281
225000,17/11/2011,SY16 2QQ,D,N,F,NEWTOWN,POWYS,POWYS,2011,11,12.32386013
245000,23/09/2011,SS7 3PP,S,N,F,BENFLEET,CASTLE POINT,ESSEX,2011,9,12.40901757
168000,28/10/2011,B69 2GF,D,Y,F,OLDBURY,SANDWELL,WEST MIDLANDS,2011,10,12.03172521
497500,03/05/2011,TN1 1JY,S,N,F,TUNBRIDGE WELLS,TUNBRIDGE WELLS,KENT,2011,5,13.11735285
250000,31/10/2011,MK43 0JX,D,N,F,BEDFORD,CENTRAL BEDFORDSHIRE,CENTRAL BEDFORDSHIRE,2011,10,12.4292202
70000,30/09/2011,M5 4TQ,F,N,L,SALFORD,SALFORD,GREATER MANCHESTER,2011,9,11.15626481
70000,29/07/2011,S12 2SB,S,N,F,SHEFFIELD,SHEFFIELD,SOUTH YORKSHIRE,2011,7,11.15626481
70975,21/01/2011,GL1 2UG,F,Y,L,GLOUCESTER,GLOUCESTER,GLOUCESTERSHIRE,2011,1,11.17009707
176500,11/08/2011,SP1 2JZ,S,N,F,SALISBURY,WILTSHIRE,WILTSHIRE,2011,8,12.08108182
117000,08/06/2011,M27 0AZ,S,N,F,MANCHESTER,SALFORD,GREATER MANCHESTER,2011,6,11.66993776
145000,11/02/2011,M16 7GQ,S,N,F,MANCHESTER,TRAFFORD,GREATER MANCHESTER,2011,2,11.88449592
300000,30/11/2011,IG5 0NP,T,N,F,ILFORD,REDBRIDGE,GREATER LONDON,2011,11,12.61154109
232000,29/07/2011,CO5 9AE,S,N,F,COLCHESTER,BRAINTREE,ESSEX,2011,7,12.35449696
245125,15/06/2011,L18 5HN,S,N,F,LIVERPOOL,LIVERPOOL,MERSEYSIDE,2011,6,12.40952764
125000,04/02/2011,BS22 8LX,S,N,F,WESTON-SUPER-MARE,NORTH SOMERSET,NORTH SOMERSET,2011,2,11.73607702
515000,19/12/2011,BH21 4BP,D,N,F,WIMBORNE,EAST DORSET,DORSET,2011,12,13.15192412
240000,13/05/2011,E3 5QT,F,N,L,LONDON,TOWER HAMLETS,GREATER LONDON,2011,5,12.38839837
410000,30/11/2011,CF14 0FL,D,N,F,CARDIFF,CARDIFF,CARDIFF,2011,11,12.92391488
80000,14/01/2011,CF5 5RA,T,N,F,CARDIFF,CARDIFF,CARDIFF,2011,1,11.28979441
171500,26/08/2011,LS29 8RU,F,N,L,ILKLEY,BRADFORD,WEST YORKSHIRE,2011,8,12.05234438
170000,21/06/2011,EX36 4DE,S,N,F,SOUTH MOLTON,NORTH DEVON,DEVON,2011,6,12.0435596
2375000,20/05/2011,SW3 6AU,F,N,L,LONDON,KENSINGTON AND CHELSEA,GREATER LONDON,2011,5,14.68050842
190000,31/08/2011,TA19 0AX,S,N,F,ILMINSTER,SOUTH SOMERSET,SOMERSET,2011,8,12.15478461
55000,01/04/2011,DY13 9DX,F,N,L,STOURPORT-ON-SEVERN,WYRE FOREST,WORCESTERSHIRE,2011,4,10.91510665
4600000,25/02/2011,W1G 9LD,F,N,L,LONDON,CITY OF WESTMINSTER,GREATER LONDON,2011,2,15.34156708
100000,28/01/2011,LE6 0DJ,T,N,F,LEICESTER,HINCKLEY AND BOSWORTH,LEICESTERSHIRE,2011,1,11.51293546
195000,27/05/2011,OX11 7UQ,T,N,F,DIDCOT,SOUTH OXFORDSHIRE,OXFORDSHIRE,2011,5,12.18075997
200500,08/11/2011,E17 5AJ,T,N,F,LONDON,WALTHAM FOREST,GREATER LONDON,2011,11,12.20857451
155000,02/09/2011,SO31 6WZ,T,N,F,SOUTHAMPTON,FAREHAM,HAMPSHIRE,2011,9,11.95118685
27000,26/05/2011,PE12 7LT,T,Y,L,SPALDING,SOUTH HOLLAND,LINCOLNSHIRE,2011,5,10.20362918
160000,07/04/2011,N12 9TU,F,N,L,LONDON,BARNET,GREATER LONDON,2011,4,11.98293534
250000,26/09/2011,CT2 8LF,S,N,F,CANTERBURY,CANTERBURY,KENT,2011,9,12.4292202
186000,24/11/2011,OX11 8BD,T,N,F,DIDCOT,SOUTH OXFORDSHIRE,OXFORDSHIRE,2011,11,12.13350733
59000,20/10/2011,WV14 6RX,S,N,F,BILSTON,WOLVERHAMPTON,WEST MIDLANDS,2011,10,10.98530967
154000,21/04/2011,IP22 1NT,T,N,F,DISS,MID SUFFOLK,SUFFOLK,2011,4,11.94471437
118000,27/05/2011,FY6 9EB,D,N,F,POULTON-LE-FYLDE,WYRE,LANCASHIRE,2011,5,11.67844838
150000,24/02/2011,NR14 7RH,S,N,F,NORWICH,SOUTH NORFOLK,NORFOLK,2011,2,11.91839724
108000,30/09/2011,NG24 3FE,S,N,F,NEWARK,NEWARK AND SHERWOOD,NOTTINGHAMSHIRE,2011,9,11.58989577
182000,06/05/2011,M41 5BB,T,N,F,MANCHESTER,TRAFFORD,GREATER MANCHESTER,2011,5,12.11176746
193000,02/12/2011,SO21 2JB,T,N,F,WINCHESTER,WINCHESTER,HAMPSHIRE,2011,12,12.17045065
181500,14/10/2011,NE3 5PB,T,N,F,NEWCASTLE UPON TYNE,NEWCASTLE UPON TYNE,TYNE AND WEAR,2011,10,12.10901644
142000,25/11/2011,KT6 4PT,F,N,L,SURBITON,KINGSTON UPON THAMES,GREATER LONDON,2011,11,11.86358938
155000,14/10/2011,GL6 7QS,T,N,F,STROUD,STROUD,GLOUCESTERSHIRE,2011,10,11.95118685
137000,14/01/2011,PE16 6HH,S,N,F,CHATTERIS,FENLAND,CAMBRIDGESHIRE,2011,1,11.8277435
112000,09/03/2011,M32 0QA,T,N,L,MANCHESTER,TRAFFORD,GREATER MANCHESTER,2011,3,11.62626308
361500,12/12/2011,ME13 7BE,S,N,F,FAVERSHAM,SWALE,KENT,2011,12,12.79802009
180950,03/11/2011,WN5 7AH,S,Y,L,WIGAN,WIGAN,GREATER MANCHESTER,2011,11,12.10598156
152000,28/01/2011,DY11 5UA,S,N,F,KIDDERMINSTER,WYRE FOREST,WORCESTERSHIRE,2011,1,11.93164238
78000,20/09/2011,TA24 5DU,F,N,L,MINEHEAD,WEST SOMERSET,SOMERSET,2011,9,11.26447693
1425000,05/04/2011,SW7 5LT,F,N,L,LONDON,KENSINGTON AND CHELSEA,GREATER LONDON,2011,4,14.16968307
495000,29/07/2011,KT12 2PH,S,N,F,WALTON-ON-THAMES,ELMBRIDGE,SURREY,2011,7,13.11231506
165000,11/07/2011,HA4 8PE,S,N,F,RUISLIP,HILLINGDON,GREATER LONDON,2011,7,12.01370681
112000,18/04/2011,LE11 3BL,T,N,F,LOUGHBOROUGH,CHARNWOOD,LEICESTERSHIRE,2011,4,11.62626308
225000,07/01/2011,LL53 8NA,S,N,F,PWLLHELI,GWYNEDD,GWYNEDD,2011,1,12.32386013
130000,14/01/2011,M34 7QS,S,N,F,MANCHESTER,TAMESIDE,GREATER MANCHESTER,2011,1,11.77529742
155000,09/09/2011,ME17 2HP,T,N,F,MAIDSTONE,MAIDSTONE,KENT,2011,9,11.95118685
245000,27/05/2011,MK7 6HS,D,N,F,MILTON KEYNES,MILTON KEYNES,MILTON KEYNES,2011,5,12.40901757
2500000,28/07/2011,YO43 4UG,D,N,F,YORK,EAST RIDING OF YORKSHIRE,EAST RIDING OF YORKSHIRE,2011,7,14.73180169
110000,22/06/2011,B23 7QP,T,N,F,BIRMINGHAM,BIRMINGHAM,WEST MIDLANDS,2011,6,11.60824474
240000,10/02/2011,KT3 6EW,T,N,F,NEW MALDEN,MERTON,GREATER LONDON,2011,2,12.38839837
30000,20/04/2011,LA4 4HX,T,N,F,MORECAMBE,LANCASTER,LANCASHIRE,2011,4,10.30898599
115000,04/07/2011,DN34 5PA,S,N,F,GRIMSBY,NORTH EAST LINCOLNSHIRE,NORTH EAST LINCOLNSHIRE,2011,7,11.6526961
380000,25/11/2011,SO32 2HU,S,N,F,SOUTHAMPTON,WINCHESTER,HAMPSHIRE,2011,11,12.84792916
200000,18/11/2011,NG4 3PQ,D,Y,F,NOTTINGHAM,GEDLING,NOTTINGHAMSHIRE,2011,11,12.20607765
158000,24/06/2011,CF47 0JF,T,N,F,MERTHYR TYDFIL,MERTHYR TYDFIL,MERTHYR TYDFIL,2011,6,11.97035664
168500,30/06/2011,WF4 6AW,T,N,F,WAKEFIELD,WAKEFIELD,WEST YORKSHIRE,2011,6,12.03469696
241000,16/09/2011,GL10 2AE,D,N,F,STONEHOUSE,STROUD,GLOUCESTERSHIRE,2011,9,12.39255636
150000,13/12/2011,TR2 4TA,T,N,F,TRURO,CORNWALL,CORNWALL,2011,12,11.91839724
318000,20/10/2011,E4 8AB,S,N,F,LONDON,WALTHAM FOREST,GREATER LONDON,2011,10,12.66980981
290000,19/10/2011,TN2 3HU,S,N,F,TUNBRIDGE WELLS,TUNBRIDGE WELLS,KENT,2011,10,12.57763965
307500,19/08/2011,BN14 7DT,T,N,F,WORTHING,WORTHING,WEST SUSSEX,2011,8,12.63623362
158000,11/11/2011,TS16 0RA,D,N,F,STOCKTON-ON-TEES,STOCKTON-ON-TEES,STOCKTON-ON-TEES,2011,11,11.97035664
242000,23/02/2011,GL7 1WA,D,N,F,CIRENCESTER,COTSWOLD,GLOUCESTERSHIRE,2011,2,12.39669714
3600000,31/03/2011,EX33 1LD,D,N,F,BRAUNTON,NORTH DEVON,DEVON,2011,3,15.09644468
160000,19/05/2011,PE3 9RQ,T,N,F,PETERBOROUGH,CITY OF PETERBOROUGH,CITY OF PETERBOROUGH,2011,5,11.98293534
132500,30/11/2011,SG13 7DR,F,N,L,HERTFORD,EAST HERTFORDSHIRE,HERTFORDSHIRE,2011,11,11.79434547
450000,31/03/2011,CR6 9QU,F,N,L,WARLINGHAM,TANDRIDGE,SURREY,2011,3,13.01700508
160995,05/08/2011,WF6 1RJ,T,N,F,NORMANTON,WAKEFIELD,WEST YORKSHIRE,2011,8,11.9891348
285000,22/02/2011,RG30 2PX,D,N,F,READING,READING,READING,2011,2,12.56024797
130000,28/01/2011,WS10 0BJ,S,N,F,WEDNESBURY,SANDWELL,WEST MIDLANDS,2011,1,11.77529742
55560,27/06/2011,HX2 8BJ,T,N,F,HALIFAX,CALDERDALE,WEST YORKSHIRE,2011,6,10.9252368
39500,15/04/2011,L1 4HY,F,Y,L,LIVERPOOL,LIVERPOOL,MERSEYSIDE,2011,4,10.58408127
289950,08/07/2011,SM3 9RX,T,N,F,SUTTON,SUTTON,GREATER LONDON,2011,7,12.57746722
660000,11/11/2011,E2 6PQ,F,N,L,LONDON,TOWER HAMLETS,GREATER LONDON,2011,11,13.39999663
234950,26/08/2011,EX8 4RL,D,N,F,EXMOUTH,EAST DEVON,DEVON,2011,8,12.36713226
155000,16/12/2011,HP12 4AG,F,N,L,HIGH WYCOMBE,WYCOMBE,BUCKINGHAMSHIRE,2011,12,11.95118685
54340,02/09/2011,TS26 8EF,T,N,F,HARTLEPOOL,HARTLEPOOL,HARTLEPOOL,2011,9,10.90303429
385000,07/11/2011,WD23 2RA,F,Y,L,BUSHEY,HERTSMERE,HERTFORDSHIRE,2011,11,12.86100121
250000,02/09/2011,CT5 1HN,T,N,F,WHITSTABLE,CANTERBURY,KENT,2011,9,12.4292202
95000,28/11/2011,LN12 2QP,D,N,F,MABLETHORPE,EAST LINDSEY,LINCOLNSHIRE,2011,11,11.4616427
1200000,20/07/2011,LL30 2XB,D,N,F,LLANDUDNO,CONWY,CONWY,2011,7,13.99783295
360500,14/09/2011,YO60 6SH,D,N,F,YORK,RYEDALE,NORTH YORKSHIRE,2011,9,12.79525001
199950,27/05/2011,CO3 4SL,D,N,F,COLCHESTER,COLCHESTER,ESSEX,2011,5,12.20582762
243000,31/05/2011,HA3 6LS,T,N,F,HARROW,HARROW,GREATER LONDON,2011,5,12.40082084
377500,28/01/2011,RH14 0ND,D,N,F,BILLINGSHURST,CHICHESTER,WEST SUSSEX,2011,1,12.8413285
163000,26/08/2011,DE23 1JW,S,N,F,DERBY,CITY OF DERBY,CITY OF DERBY,2011,8,12.00151161
216000,26/09/2011,CV8 1FR,D,N,F,KENILWORTH,WARWICK,WARWICKSHIRE,2011,9,12.28303832
280000,02/06/2011,SS3 0JP,D,N,F,SOUTHEND-ON-SEA,ROCHFORD,ESSEX,2011,6,12.54254845
116300,25/07/2011,WS5 4NB,S,N,F,WALSALL,WALSALL,WEST MIDLANDS,2011,7,11.66393694
203000,06/10/2011,ME7 3AG,S,N,F,GILLINGHAM,MEDWAY,MEDWAY,2011,10,12.22096618
370000,21/12/2011,SP5 3FG,D,Y,F,SALISBURY,WILTSHIRE,WILTSHIRE,2011,12,12.82126099
250000,08/04/2011,UB6 8JA,S,N,F,GREENFORD,EALING,GREATER LONDON,2011,4,12.4292202
138000,18/04/2011,BS5 0LU,S,N,F,BRISTOL,CITY OF BRISTOL,CITY OF BRISTOL,2011,4,11.83501621
99950,28/11/2011,DN14 5UU,T,Y,F,GOOLE,EAST RIDING OF YORKSHIRE,EAST RIDING OF YORKSHIRE,2011,11,11.51243534
249995,07/12/2011,LE7 7SR,D,Y,F,LEICESTER,CHARNWOOD,LEICESTERSHIRE,2011,12,12.4292002
96000,27/10/2011,SN25 2NL,F,Y,L,SWINDON,SWINDON,SWINDON,2011,10,11.47211389
210000,17/06/2011,SN1 7BL,D,Y,F,SWINDON,SWINDON,SWINDON,2011,6,12.25486757
440000,27/04/2011,HR2 9AS,D,N,F,HEREFORD,HEREFORDSHIRE,HEREFORDSHIRE,2011,4,12.99453228
120000,16/12/2011,HX6 4ER,T,N,F,SOWERBY BRIDGE,CALDERDALE,WEST YORKSHIRE,2011,12,11.69525536
140500,29/07/2011,RM13 8AS,D,N,F,RAINHAM,HAVERING,GREATER LONDON,2011,7,11.85296989
35000,07/11/2011,DN32 7LW,T,N,F,GRIMSBY,NORTH EAST LINCOLNSHIRE,NORTH EAST LINCOLNSHIRE,2011,11,10.46313191
125000,15/12/2011,CV3 2GS,S,N,F,COVENTRY,COVENTRY,WEST MIDLANDS,2011,12,11.73607702
355000,20/10/2011,GU24 9BY,S,N,F,WOKING,SURREY HEATH,SURREY,2011,10,12.77987589
129000,14/09/2011,OX16 0NN,S,N,F,BANBURY,CHERWELL,OXFORDSHIRE,2011,9,11.76757544
545000,17/08/2011,CB8 7LX,D,N,F,NEWMARKET,EAST CAMBRIDGESHIRE,CAMBRIDGESHIRE,2011,8,13.20854291
73000,22/12/2011,NE10 9EH,S,N,F,GATESHEAD,GATESHEAD,TYNE AND WEAR,2011,12,11.19822842
210000,01/07/2011,LS28 5FH,D,Y,F,PUDSEY,LEEDS,WEST YORKSHIRE,2011,7,12.25486757
290000,28/01/2011,KT14 6DY,S,N,F,WEST BYFLEET,WOKING,SURREY,2011,1,12.57763965
81000,25/08/2011,EX13 5QD,T,N,F,AXMINSTER,EAST DEVON,DEVON,2011,8,11.30221678
899950,08/04/2011,TN21 0BA,D,N,F,HEATHFIELD,WEALDEN,EAST SUSSEX,2011,4,13.7100956
83000,01/04/2011,CT20 2SL,F,N,L,FOLKESTONE,SHEPWAY,KENT,2011,4,11.32660793
156000,20/07/2011,HP13 6FU,F,N,L,HIGH WYCOMBE,WYCOMBE,BUCKINGHAMSHIRE,2011,7,11.9576177
340000,03/02/2011,CT5 2HU,D,N,F,WHITSTABLE,CANTERBURY,KENT,2011,2,12.73670384
650000,11/04/2011,GU9 8DD,F,Y,L,FARNHAM,WAVERLEY,SURREY,2011,4,13.38472918
160000,04/04/2011,NE2 3HJ,F,N,F,NEWCASTLE UPON TYNE,NEWCASTLE UPON TYNE,TYNE AND WEAR,2011,4,11.98293534
115000,22/12/2011,DN20 0LA,S,N,F,BRIGG,NORTH LINCOLNSHIRE,NORTH LINCOLNSHIRE,2011,12,11.6526961
94000,21/07/2011,LS9 6PR,S,N,F,LEEDS,LEEDS,WEST YORKSHIRE,2011,7,11.4510607
145000,20/04/2011,LS12 2QZ,S,N,F,LEEDS,LEEDS,WEST YORKSHIRE,2011,4,11.88449592
90000,14/07/2011,NG8 6LR,T,N,F,NOTTINGHAM,CITY OF NOTTINGHAM,CITY OF NOTTINGHAM,2011,7,11.40757606
350000,26/10/2011,SE8 4HN,F,Y,L,LONDON,LEWISHAM,GREATER LONDON,2011,10,12.76569129
85000,25/11/2011,S63 6AX,S,N,F,ROTHERHAM,ROTHERHAM,SOUTH YORKSHIRE,2011,11,11.3504183
310000,07/12/2011,SW16 5DG,T,N,F,LONDON,LAMBETH,GREATER LONDON,2011,12,12.6443308
130000,28/04/2011,TA21 9EW,D,N,F,WELLINGTON,TAUNTON DEANE,SOMERSET,2011,4,11.77529742
97000,27/05/2011,SO19 9AU,F,N,L,SOUTHAMPTON,SOUTHAMPTON,SOUTHAMPTON,2011,5,11.48247657
132000,12/09/2011,NR19 1HT,D,N,F,DEREHAM,BRECKLAND,NORFOLK,2011,9,11.79056478
186500,22/06/2011,CM9 5JQ,T,N,F,MALDON,MALDON,ESSEX,2011,6,12.13619188
268000,25/07/2011,DE22 2HG,D,N,F,DERBY,CITY OF DERBY,CITY OF DERBY,2011,7,12.49874599
117000,29/07/2011,BL5 3LA,T,N,L,BOLTON,BOLTON,GREATER MANCHESTER,2011,7,11.66993776
65000,27/05/2011,NG33 4BY,T,N,F,GRANTHAM,SOUTH KESTEVEN,LINCOLNSHIRE,2011,5,11.08215793
567500,27/10/2011,SE16 4PA,T,N,F,LONDON,SOUTHWARK,GREATER LONDON,2011,10,13.24899779
278000,23/09/2011,BN1 8WR,S,N,F,BRIGHTON,BRIGHTON AND HOVE,BRIGHTON AND HOVE,2011,9,12.53537999
140000,08/06/2011,CV5 7BG,S,N,F,COVENTRY,COVENTRY,WEST MIDLANDS,2011,6,11.84940484
765000,25/10/2011,SW12 0JF,T,N,F,LONDON,LAMBETH,GREATER LONDON,2011,10,13.54763242
175000,28/06/2011,LA8 9JX,S,N,F,KENDAL,SOUTH LAKELAND,CUMBRIA,2011,6,12.07254697
156500,31/08/2011,TA1 1YE,T,N,F,TAUNTON,TAUNTON DEANE,SOMERSET,2011,8,11.96081768
84950,11/07/2011,B65 9DS,T,N,F,ROWLEY REGIS,SANDWELL,WEST MIDLANDS,2011,7,11.3498299
98000,02/12/2011,L21 9LP,S,N,F,LIVERPOOL,SEFTON,MERSEYSIDE,2011,12,11.49273296
176750,16/12/2011,BB7 1EY,S,N,F,CLITHEROE,RIBBLE VALLEY,LANCASHIRE,2011,12,12.08249724
152945,22/08/2011,LS20 9PX,S,Y,F,LEEDS,LEEDS,WEST YORKSHIRE,2011,8,11.9378402
67400,15/06/2011,LL65 1EA,T,N,F,HOLYHEAD,ISLE OF ANGLESEY,ISLE OF ANGLESEY,2011,6,11.11841513
185000,29/07/2011,LU1 5JH,S,N,F,LUTON,LUTON,LUTON,2011,7,12.12811651
359950,31/08/2011,NP16 6BZ,D,N,F,CHEPSTOW,MONMOUTHSHIRE,MONMOUTHSHIRE,2011,8,12.79372319
37000,21/10/2011,DY5 2RJ,S,N,L,BRIERLEY HILL,DUDLEY,WEST MIDLANDS,2011,10,10.51870022
800000,16/12/2011,NG12 5SB,D,N,F,NOTTINGHAM,RUSHCLIFFE,NOTTINGHAMSHIRE,2011,12,13.59236826
249950,16/12/2011,CR0 6EE,T,N,F,CROYDON,CROYDON,GREATER LONDON,2011,12,12.42902018
260000,07/10/2011,CT6 6HG,D,N,F,HERNE BAY,CANTERBURY,KENT,2011,10,12.46844076
344000,02/12/2011,GL52 2HS,S,N,F,CHELTENHAM,CHELTENHAM,GLOUCESTERSHIRE,2011,12,12.74839984
370000,25/07/2011,SK9 5LD,D,N,L,WILMSLOW,CHESHIRE EAST,CHESHIRE EAST,2011,7,12.82126099
342500,18/05/2011,GU1 2QQ,S,N,F,GUILDFORD,GUILDFORD,SURREY,2011,5,12.74402986
96000,08/09/2011,BL2 2SN,S,N,F,BOLTON,BOLTON,GREATER MANCHESTER,2011,9,11.47211389
139500,15/11/2011,WS11 1UZ,S,N,L,CANNOCK,CANNOCK CHASE,STAFFORDSHIRE,2011,11,11.84582705
300000,27/05/2011,SG2 8PS,S,N,F,STEVENAGE,STEVENAGE,HERTFORDSHIRE,2011,5,12.61154109
201500,18/03/2011,SE18 1BY,T,N,F,LONDON,GREENWICH,GREATER LONDON,2011,3,12.21354962
284000,27/05/2011,SS9 4AQ,D,N,F,LEIGH-ON-SEA,SOUTHEND-ON-SEA,SOUTHEND-ON-SEA,2011,5,12.55673304
130000,04/02/2011,CB8 9DU,S,N,F,NEWMARKET,EAST CAMBRIDGESHIRE,CAMBRIDGESHIRE,2011,2,11.77529742
265000,30/06/2011,DN41 8FL,D,Y,F,GRIMSBY,NORTH EAST LINCOLNSHIRE,NORTH EAST LINCOLNSHIRE,2011,6,12.48748888
117000,22/12/2011,M34 2NE,T,N,F,MANCHESTER,TAMESIDE,GREATER MANCHESTER,2011,12,11.66993776
58000,18/03/2011,NP13 3EG,T,N,F,ABERTILLERY,BLAENAU GWENT,BLAENAU GWENT,2011,3,10.96821553
338000,07/12/2011,BS36 1LB,D,N,F,BRISTOL,SOUTH GLOUCESTERSHIRE,SOUTH GLOUCESTERSHIRE,2011,12,12.73080413
355000,01/12/2011,TW12 2DL,T,N,F,HAMPTON,RICHMOND UPON THAMES,GREATER LONDON,2011,12,12.77987589
170000,28/10/2011,S12 2UY,D,N,L,SHEFFIELD,SHEFFIELD,SOUTH YORKSHIRE,2011,10,12.0435596
250000,01/06/2011,SE11 4RP,F,N,L,LONDON,LAMBETH,GREATER LONDON,2011,6,12.4292202
275000,14/12/2011,BH14 0DB,S,N,F,POOLE,POOLE,POOLE,2011,12,12.52453001
575000,24/01/2011,SW7 4NS,F,N,L,LONDON,KENSINGTON AND CHELSEA,GREATER LONDON,2011,1,13.26212706
94500,05/09/2011,SK6 1RZ,S,N,F,STOCKPORT,STOCKPORT,GREATER MANCHESTER,2011,9,11.4563657
109000,11/05/2011,HP20 2BX,T,N,F,AYLESBURY,AYLESBURY VALE,BUCKINGHAMSHIRE,2011,5,11.59911234
72000,02/12/2011,DY4 0LD,S,N,F,TIPTON,SANDWELL,WEST MIDLANDS,2011,12,11.18443529
227000,08/09/2011,MK7 8DR,D,N,F,MILTON KEYNES,MILTON KEYNES,MILTON KEYNES,2011,9,12.3327097
155000,19/12/2011,TQ13 0DD,T,N,F,NEWTON ABBOT,TEIGNBRIDGE,DEVON,2011,12,11.95118685
98000,29/07/2011,CO14 8DD,F,N,L,WALTON ON THE NAZE,TENDRING,ESSEX,2011,7,11.49273296
139000,26/10/2011,S75 1NA,D,N,F,BARNSLEY,BARNSLEY,SOUTH YORKSHIRE,2011,10,11.84223641
130000,25/11/2011,MK42 0EP,S,N,F,BEDFORD,BEDFORD,BEDFORD,2011,11,11.77529742
152250,12/08/2011,DL12 8LW,S,N,F,BARNARD CASTLE,COUNTY DURHAM,COUNTY DURHAM,2011,8,11.93328575
230000,20/04/2011,CO7 9SW,D,N,F,COLCHESTER,COLCHESTER,ESSEX,2011,4,12.34583894
219995,28/04/2011,RM3 0XB,S,N,F,ROMFORD,HAVERING,GREATER LONDON,2011,4,12.30136464
196500,06/05/2011,BH8 8QL,S,N,F,BOURNEMOUTH,BOURNEMOUTH,BOURNEMOUTH,2011,5,12.1884228
145000,17/11/2011,FY5 1JP,D,N,F,THORNTON-CLEVELEYS,WYRE,LANCASHIRE,2011,11,11.88449592
515000,06/01/2011,NW5 4JR,F,N,L,LONDON,CAMDEN,GREATER LONDON,2011,1,13.15192412
110000,15/12/2011,NP11 6AL,D,N,F,NEWPORT,CAERPHILLY,CAERPHILLY,2011,12,11.60824474
273500,04/02/2011,SE6 1XJ,T,N,F,LONDON,LEWISHAM,GREATER LONDON,2011,2,12.51906056
186000,04/05/2011,NE3 1NN,F,N,L,NEWCASTLE UPON TYNE,NEWCASTLE UPON TYNE,TYNE AND WEAR,2011,5,12.13350733
1000000,14/10/2011,SE24 9LG,T,N,F,LONDON,SOUTHWARK,GREATER LONDON,2011,10,13.81551156
300000,09/03/2011,HA4 6UN,S,N,F,RUISLIP,HILLINGDON,GREATER LONDON,2011,3,12.61154109
125000,01/09/2011,LA12 0NA,T,N,F,ULVERSTON,BARROW-IN-FURNESS,CUMBRIA,2011,9,11.73607702
134950,19/08/2011,GL51 8AP,S,N,F,CHELTENHAM,CHELTENHAM,GLOUCESTERSHIRE,2011,8,11.81266703
152500,01/04/2011,DL6 1SJ,S,N,F,NORTHALLERTON,HAMBLETON,NORTH YORKSHIRE,2011,4,11.93492643
338000,27/05/2011,W9 1UG,F,N,L,LONDON,CITY OF WESTMINSTER,GREATER LONDON,2011,5,12.73080413
300000,20/04/2011,HD9 2TP,T,N,F,HOLMFIRTH,KIRKLEES,WEST YORKSHIRE,2011,4,12.61154109
84000,11/11/2011,B43 6AX,F,N,L,BIRMINGHAM,SANDWELL,WEST MIDLANDS,2011,11,11.33858398
175000,14/03/2011,LL29 8AL,D,N,F,COLWYN BAY,CONWY,CONWY,2011,3,12.07254697
110000,17/10/2011,PE38 0DS,S,N,F,DOWNHAM MARKET,KING'S LYNN AND WEST NORFOLK,NORFOLK,2011,10,11.60824474
485000,11/02/2011,TW17 9DH,S,N,F,SHEPPERTON,SPELTHORNE,SURREY,2011,2,13.09190623
185000,03/06/2011,SW16 6QA,F,N,L,LONDON,WANDSWORTH,GREATER LONDON,2011,6,12.12811651
167500,09/12/2011,B68 8DT,T,N,F,OLDBURY,SANDWELL,WEST MIDLANDS,2011,12,12.0287446
200000,08/11/2011,IP33 3JN,D,N,F,BURY ST EDMUNDS,ST EDMUNDSBURY,SUFFOLK,2011,11,12.20607765
83334,18/02/2011,CF64 3PS,F,N,L,PENARTH,THE VALE OF GLAMORGAN,THE VALE OF GLAMORGAN,2011,2,11.33062391
133000,20/05/2011,NN11 4AN,S,N,F,DAVENTRY,DAVENTRY,NORTHAMPTONSHIRE,2011,5,11.79811193
660000,05/07/2011,NW7 3SJ,S,N,F,LONDON,BARNET,GREATER LONDON,2011,7,13.39999663
155000,02/12/2011,NP16 5HH,S,N,F,CHEPSTOW,MONMOUTHSHIRE,MONMOUTHSHIRE,2011,12,11.95118685
577500,30/09/2011,SG4 7AE,D,N,F,HITCHIN,NORTH HERTFORDSHIRE,HERTFORDSHIRE,2011,9,13.26646545
76000,07/04/2011,M24 1DP,T,N,F,MANCHESTER,ROCHDALE,GREATER MANCHESTER,2011,4,11.23850178
82500,01/07/2011,TF1 2JB,T,N,F,TELFORD,WREKIN,WREKIN,2011,7,11.32056569
76000,16/08/2011,NG9 8LD,T,N,F,NOTTINGHAM,BROXTOWE,NOTTINGHAMSHIRE,2011,8,11.23850178
62250,04/04/2011,NG34 8SQ,S,N,L,SLEAFORD,NORTH KESTEVEN,LINCOLNSHIRE,2011,4,11.03892988
62500,03/02/2011,B77 2HL,T,N,F,TAMWORTH,TAMWORTH,STAFFORDSHIRE,2011,2,11.04293784
395000,27/05/2011,CB5 8EH,T,N,F,CAMBRIDGE,CAMBRIDGE,CAMBRIDGESHIRE,2011,5,12.88664358
125000,26/04/2011,PL16 0DP,T,N,F,LIFTON,WEST DEVON,DEVON,2011,4,11.73607702
163000,27/05/2011,M41 6PS,S,N,F,MANCHESTER,TRAFFORD,GREATER MANCHESTER,2011,5,12.00151161
970000,21/01/2011,E14 9EG,F,Y,L,LONDON,TOWER HAMLETS,GREATER LONDON,2011,1,13.78505238
182650,30/06/2011,SA4 9XZ,D,N,L,SWANSEA,SWANSEA,SWANSEA,2011,6,12.11533251
138000,18/04/2011,SE17 2BS,F,N,L,LONDON,SOUTHWARK,GREATER LONDON,2011,4,11.83501621
185000,09/12/2011,SM4 6NU,T,N,F,MORDEN,MERTON,GREATER LONDON,2011,12,12.12811651
95000,05/07/2011,FY1 4AB,T,N,F,BLACKPOOL,BLACKPOOL,BLACKPOOL,2011,7,11.4616427
180000,24/06/2011,RH20 4JE,T,N,F,PULBOROUGH,HORSHAM,WEST SUSSEX,2011,6,12.10071769
81500,16/09/2011,SL3 8JD,F,N,L,SLOUGH,SLOUGH,SLOUGH,2011,9,11.30837057
220000,05/09/2011,TR11 3NT,T,N,F,FALMOUTH,CORNWALL,CORNWALL,2011,9,12.30138737
195000,16/09/2011,NP4 6QH,D,N,F,PONTYPOOL,TORFAEN,TORFAEN,2011,9,12.18075997
146000,11/11/2011,L40 9RB,S,N,F,ORMSKIRK,WEST LANCASHIRE,LANCASHIRE,2011,11,11.89136875
50000,13/09/2011,TS18 1HN,T,N,F,STOCKTON-ON-TEES,STOCKTON-ON-TEES,STOCKTON-ON-TEES,2011,9,10.81979828
79950,19/12/2011,BL3 4EU,T,N,L,BOLTON,BOLTON,GREATER MANCHESTER,2011,12,11.28916923
212500,25/02/2011,NE7 7QH,T,N,F,NEWCASTLE UPON TYNE,NEWCASTLE UPON TYNE,TYNE AND WEAR,2011,2,12.26670197
148000,30/03/2011,BA16 0TN,S,N,F,STREET,MENDIP,SOMERSET,2011,3,11.90497431
205000,08/04/2011,TR2 5NH,F,N,L,TRURO,CORNWALL,CORNWALL,2011,4,12.23077014
340000,11/07/2011,NW1 0DX,F,N,L,LONDON,CAMDEN,GREATER LONDON,2011,7,12.73670384
94950,20/06/2011,TR7 2DD,F,N,L,NEWQUAY,CORNWALL,CORNWALL,2011,6,11.46111625
240000,29/07/2011,DN5 7QL,D,N,F,DONCASTER,DONCASTER,SOUTH YORKSHIRE,2011,7,12.38839837
177000,08/04/2011,CF83 2BG,D,N,F,CAERPHILLY,CAERPHILLY,CAERPHILLY,2011,4,12.08391066
236000,30/03/2011,RG31 4XD,S,N,F,READING,WEST BERKSHIRE,WEST BERKSHIRE,2011,3,12.37159132
540000,04/10/2011,IP12 2BJ,D,N,F,WOODBRIDGE,SUFFOLK COASTAL,SUFFOLK,2011,10,13.19932627
355000,09/03/2011,GU29 9JZ,D,N,F,MIDHURST,CHICHESTER,WEST SUSSEX,2011,3,12.77987589
145000,26/10/2011,NE62 5YQ,S,N,L,CHOPPINGTON,NORTHUMBERLAND,NORTHUMBERLAND,2011,10,11.88449592
112500,25/11/2011,NG2 3BU,F,N,L,NOTTINGHAM,CITY OF NOTTINGHAM,CITY OF NOTTINGHAM,2011,11,11.63071739
136950,07/10/2011,M41 7NE,T,N,F,MANCHESTER,TRAFFORD,GREATER MANCHESTER,2011,10,11.82737848
169000,12/01/2011,NR9 4HT,T,N,F,NORWICH,SOUTH NORFOLK,NORFOLK,2011,1,12.03765991
224000,06/04/2011,B29 4AW,S,N,F,BIRMINGHAM,BIRMINGHAM,WEST MIDLANDS,2011,4,12.3194058
320000,31/05/2011,B47 5JT,D,N,F,BIRMINGHAM,BROMSGROVE,WORCESTERSHIRE,2011,5,12.6760794
200000,21/12/2011,CO7 8BN,D,Y,F,COLCHESTER,TENDRING,ESSEX,2011,12,12.20607765
365000,11/11/2011,PE28 4TH,S,N,F,HUNTINGDON,HUNTINGDONSHIRE,CAMBRIDGESHIRE,2011,11,12.80765537
117000,28/01/2011,YO22 4HU,S,N,F,WHITBY,SCARBOROUGH,NORTH YORKSHIRE,2011,1,11.66993776
730000,09/08/2011,NW4 1ER,S,N,F,LONDON,BARNET,GREATER LONDON,2011,8,13.50080118
340000,03/10/2011,TF11 9HD,S,N,F,SHIFNAL,SHROPSHIRE,SHROPSHIRE,2011,10,12.73670384
74000,24/11/2011,S43 3AP,S,N,F,CHESTERFIELD,CHESTERFIELD,DERBYSHIRE,2011,11,11.21183389
164900,17/05/2011,SG1 5LQ,T,N,F,STEVENAGE,STEVENAGE,HERTFORDSHIRE,2011,5,12.01310057
132500,31/08/2011,BN11 4JT,F,N,L,WORTHING,WORTHING,WEST SUSSEX,2011,8,11.79434547
143000,28/03/2011,CB9 7NH,S,N,F,HAVERHILL,ST EDMUNDSBURY,SUFFOLK,2011,3,11.8706069
125000,23/08/2011,CM15 9BU,F,N,L,BRENTWOOD,BRENTWOOD,ESSEX,2011,8,11.73607702
85000,18/05/2011,HX1 2HQ,F,Y,L,HALIFAX,CALDERDALE,WEST YORKSHIRE,2011,5,11.3504183
109995,31/03/2011,LS14 6US,F,Y,L,LEEDS,LEEDS,WEST YORKSHIRE,2011,3,11.60819928
245000,05/05/2011,HP15 7RP,T,N,F,HIGH WYCOMBE,WYCOMBE,BUCKINGHAMSHIRE,2011,5,12.40901757
190000,17/10/2011,LE8 0LQ,D,N,F,LEICESTER,HARBOROUGH,LEICESTERSHIRE,2011,10,12.15478461
480000,13/05/2011,GU7 2AS,D,N,F,GODALMING,WAVERLEY,SURREY,2011,5,13.08154347
134995,18/03/2011,BS3 2BF,F,Y,L,BRISTOL,CITY OF BRISTOL,CITY OF BRISTOL,2011,3,11.81300043
178000,17/06/2011,ST8 6UE,D,N,F,STOKE-ON-TRENT,STAFFORDSHIRE MOORLANDS,STAFFORDSHIRE,2011,6,12.08954445
499999,12/05/2011,WR7 4RE,D,N,F,WORCESTER,WYCHAVON,WORCESTERSHIRE,2011,5,13.12236338
155000,28/01/2011,WR12 7BL,F,N,F,BROADWAY,WYCHAVON,WORCESTERSHIRE,2011,1,11.95118685
372500,28/10/2011,TN39 3ET,D,N,F,BEXHILL-ON-SEA,ROTHER,EAST SUSSEX,2011,10,12.827995
107000,28/04/2011,BD10 0LE,S,Y,F,BRADFORD,BRADFORD,WEST YORKSHIRE,2011,4,11.58059346
225000,20/05/2011,RG42 3SX,T,N,F,BRACKNELL,BRACKNELL FOREST,BRACKNELL FOREST,2011,5,12.32386013
154950,27/05/2011,PO5 2RB,T,N,F,SOUTHSEA,PORTSMOUTH,PORTSMOUTH,2011,5,11.95086422
150000,28/04/2011,NN2 8ER,S,N,F,NORTHAMPTON,NORTHAMPTON,NORTHAMPTONSHIRE,2011,4,11.91839724
185000,04/02/2011,SK7 5QZ,S,N,F,STOCKPORT,STOCKPORT,GREATER MANCHESTER,2011,2,12.12811651
130000,18/11/2011,FY6 9BL,S,N,F,POULTON-LE-FYLDE,WYRE,LANCASHIRE,2011,11,11.77529742
490000,28/07/2011,GU15 2BH,D,N,F,CAMBERLEY,SURREY HEATH,SURREY,2011,7,13.10216271
640000,28/09/2011,RG10 8AS,D,N,F,READING,WOKINGHAM,WOKINGHAM,2011,9,13.36922502
450000,24/08/2011,BH21 2NZ,D,N,F,WIMBORNE,EAST DORSET,DORSET,2011,8,13.01700508
295000,01/09/2011,GL56 9NA,S,N,F,MORETON-IN-MARSH,COTSWOLD,GLOUCESTERSHIRE,2011,9,12.59473403
318000,06/09/2011,WV15 6BW,D,N,F,BRIDGNORTH,SHROPSHIRE,SHROPSHIRE,2011,9,12.66980981
197500,24/02/2011,S1 2LL,F,Y,L,SHEFFIELD,SHEFFIELD,SOUTH YORKSHIRE,2011,2,12.19349893
232500,25/10/2011,TR14 7QW,D,N,F,CAMBORNE,CORNWALL,CORNWALL,2011,10,12.35664981
430000,24/11/2011,CB23 7NX,D,N,F,CAMBRIDGE,SOUTH CAMBRIDGESHIRE,CAMBRIDGESHIRE,2011,11,12.97154281
481000,07/12/2011,SL5 7AG,S,N,F,ASCOT,WINDSOR AND MAIDENHEAD,WINDSOR AND MAIDENHEAD,2011,12,13.08362463
115000,30/09/2011,SG2 9RL,T,N,F,STEVENAGE,STEVENAGE,HERTFORDSHIRE,2011,9,11.6526961
89000,25/08/2011,SO19 9AH,F,N,L,SOUTHAMPTON,SOUTHAMPTON,SOUTHAMPTON,2011,8,11.39640288
103000,31/03/2011,NR7 9LS,F,N,L,NORWICH,BROADLAND,NORFOLK,2011,3,11.54249398
41000,11/11/2011,BB1 2JJ,S,N,F,BLACKBURN,BLACKBURN WITH DARWEN,BLACKBURN WITH DARWEN,2011,11,10.62135174
135000,29/06/2011,DY4 0DH,S,N,F,TIPTON,SANDWELL,WEST MIDLANDS,2011,6,11.81303746
114950,28/04/2011,ST14 8ES,F,Y,L,UTTOXETER,EAST STAFFORDSHIRE,STAFFORDSHIRE,2011,4,11.65226123
67500,25/11/2011,WV12 4NR,T,N,F,WILLENHALL,WALSALL,WEST MIDLANDS,2011,11,11.11989769
250000,03/06/2011,EX10 9EB,D,N,F,SIDMOUTH,EAST DEVON,DEVON,2011,6,12.4292202
190000,01/07/2011,EX37 9BD,S,N,F,UMBERLEIGH,TORRIDGE,DEVON,2011,7,12.15478461
428000,09/11/2011,NR13 4RT,D,N,F,NORWICH,BROADLAND,NORFOLK,2011,11,12.96688081
47500,17/10/2011,TS29 6PX,S,N,F,TRIMDON STATION,COUNTY DURHAM,COUNTY DURHAM,2011,10,10.76850604
200000,25/03/2011,RG12 0UR,T,N,F,BRACKNELL,BRACKNELL FOREST,BRACKNELL FOREST,2011,3,12.20607765
85000,02/03/2011,S12 2BJ,T,N,F,SHEFFIELD,SHEFFIELD,SOUTH YORKSHIRE,2011,3,11.3504183
355000,14/09/2011,TW9 3EB,F,N,L,RICHMOND,RICHMOND UPON THAMES,GREATER LONDON,2011,9,12.77987589
180000,06/09/2011,LA2 9NP,S,N,F,LANCASTER,LANCASTER,LANCASHIRE,2011,9,12.10071769
113750,02/12/2011,FY6 7ED,S,N,F,POULTON-LE-FYLDE,WYRE,LANCASHIRE,2011,12,11.64176713
235000,29/06/2011,E7 8AU,T,N,F,LONDON,NEWHAM,GREATER LONDON,2011,6,12.36734505
372500,27/04/2011,TW1 1JR,T,N,L,TWICKENHAM,RICHMOND UPON THAMES,GREATER LONDON,2011,4,12.827995
280000,12/08/2011,EC1Y 8JL,F,N,L,LONDON,ISLINGTON,GREATER LONDON,2011,8,12.54254845
430000,03/06/2011,NW3 7SJ,F,N,L,LONDON,CAMDEN,GREATER LONDON,2011,6,12.97154281
80000,04/11/2011,TW3 3RJ,F,N,L,HOUNSLOW,HOUNSLOW,GREATER LONDON,2011,11,11.28979441
222500,20/05/2011,NW2 6AZ,F,N,L,LONDON,BRENT,GREATER LONDON,2011,5,12.31268687
332500,27/05/2011,AL1 1TS,F,N,L,ST ALBANS,ST ALBANS,HERTFORDSHIRE,2011,5,12.71439815
66000,18/10/2011,BD2 4AW,S,N,F,BRADFORD,BRADFORD,WEST YORKSHIRE,2011,10,11.09742517
270000,14/01/2011,E2 7PF,F,N,L,LONDON,TOWER HAMLETS,GREATER LONDON,2011,1,12.50618094
186000,01/06/2011,DA2 6JH,S,N,F,DARTFORD,DARTFORD,KENT,2011,6,12.13350733
91555,01/04/2011,WR14 4NW,T,N,F,MALVERN,MALVERN HILLS,WORCESTERSHIRE,2011,4,11.42470609
215000,30/11/2011,LN6 9BS,D,N,F,LINCOLN,NORTH KESTEVEN,LINCOLNSHIRE,2011,11,12.27839796
167000,09/02/2011,DA15 7NB,F,N,L,SIDCUP,BEXLEY,GREATER LONDON,2011,2,12.02575508
98000,11/04/2011,TS12 1DU,T,N,F,SALTBURN-BY-THE-SEA,REDCAR AND CLEVELAND,REDCAR AND CLEVELAND,2011,4,11.49273296
230000,24/11/2011,BS2 9YX,T,N,F,BRISTOL,CITY OF BRISTOL,CITY OF BRISTOL,2011,11,12.34583894
245000,13/06/2011,WA10 3AG,S,N,F,ST HELENS,ST HELENS,MERSEYSIDE,2011,6,12.40901757
302000,22/02/2011,TW20 9ER,F,Y,L,EGHAM,RUNNYMEDE,SURREY,2011,2,12.61818561
299000,25/05/2011,E14 9JT,F,Y,L,LONDON,TOWER HAMLETS,GREATER LONDON,2011,5,12.6082022
119000,02/12/2011,S13 9XT,S,N,F,SHEFFIELD,ROTHERHAM,SOUTH YORKSHIRE,2011,12,11.68688718
265000,31/05/2011,GU51 1BN,T,N,F,FLEET,HART,HAMPSHIRE,2011,5,12.48748888
194000,17/02/2011,BA12 9NN,D,N,F,WARMINSTER,WILTSHIRE,WILTSHIRE,2011,2,12.17561859
120000,30/11/2011,B74 4DH,F,Y,L,SUTTON COLDFIELD,BIRMINGHAM,WEST MIDLANDS,2011,11,11.69525536
142500,14/07/2011,DH7 0PL,T,N,F,DURHAM,COUNTY DURHAM,COUNTY DURHAM,2011,7,11.8671043
195000,12/08/2011,RM19 1SH,T,N,F,PURFLEET,THURROCK,THURROCK,2011,8,12.18075997
136000,08/04/2011,NN14 1TH,T,Y,F,KETTERING,KETTERING,NORTHAMPTONSHIRE,2011,4,11.82041752
530000,14/12/2011,AL1 4XP,S,N,F,ST ALBANS,ST ALBANS,HERTFORDSHIRE,2011,12,13.18063417
45000,08/04/2011,NE22 5PU,T,N,F,BEDLINGTON,NORTHUMBERLAND,NORTHUMBERLAND,2011,4,10.71443999
238000,07/10/2011,B94 6JD,T,N,F,SOLIHULL,WARWICK,WARWICKSHIRE,2011,10,12.38003015
182000,27/10/2011,BS48 2SN,T,N,F,BRISTOL,NORTH SOMERSET,NORTH SOMERSET,2011,10,12.11176746
153500,20/05/2011,PR5 5SJ,D,N,F,PRESTON,SOUTH RIBBLE,LANCASHIRE,2011,5,11.94146236
102500,21/01/2011,BH12 3HF,F,N,L,POOLE,POOLE,POOLE,2011,1,11.53762783
600000,05/08/2011,BR7 6RE,D,N,F,CHISLEHURST,BROMLEY,GREATER LONDON,2011,8,13.3046866
130950,22/07/2011,NG19 8DE,S,Y,F,MANSFIELD,MANSFIELD,NOTTINGHAMSHIRE,2011,7,11.78257849
127500,03/05/2011,ST4 5LD,S,N,F,STOKE-ON-TRENT,STOKE-ON-TRENT,STOKE-ON-TRENT,2011,5,11.75587949
140000,15/04/2011,NR10 3HR,S,N,F,NORWICH,BROADLAND,NORFOLK,2011,4,11.84940484
468500,12/05/2011,SW15 2EG,F,N,L,LONDON,WANDSWORTH,GREATER LONDON,2011,5,13.05729352
85000,07/09/2011,WV10 6XN,T,N,F,WOLVERHAMPTON,WOLVERHAMPTON,WEST MIDLANDS,2011,9,11.3504183
90000,29/07/2011,CH1 5DX,S,N,F,CHESTER,CHESHIRE WEST AND CHESTER,CHESHIRE WEST AND CHESTER,2011,7,11.40757606
827500,25/08/2011,TW1 4RG,D,N,F,TWICKENHAM,RICHMOND UPON THAMES,GREATER LONDON,2011,8,13.62616559
92000,27/01/2011,SA9 2JN,S,N,F,SWANSEA,NEATH PORT TALBOT,NEATH PORT TALBOT,2011,1,11.42955473
152000,28/04/2011,EX10 0HD,T,N,F,SIDMOUTH,EAST DEVON,DEVON,2011,4,11.93164238
73500,08/04/2011,DN15 8DR,S,N,F,SCUNTHORPE,NORTH LINCOLNSHIRE,NORTH LINCOLNSHIRE,2011,4,11.20505429
186000,27/07/2011,SK2 6DT,T,N,F,STOCKPORT,STOCKPORT,GREATER MANCHESTER,2011,7,12.13350733
62000,14/01/2011,OL12 8UD,T,N,F,ROCHDALE,ROSSENDALE,LANCASHIRE,2011,1,11.03490579
80000,01/02/2012,DN21 1LD,T,N,F,GAINSBOROUGH,WEST LINDSEY,LINCOLNSHIRE,2012,2,11.28979441
231000,30/11/2012,PE36 6HZ,D,N,F,HUNSTANTON,KING'S LYNN AND WEST NORFOLK,NORFOLK,2012,11,12.35017732
74950,29/11/2012,SA11 3HN,T,N,F,NEATH,NEATH PORT TALBOT,NEATH PORT TALBOT,2012,11,11.22458985
130500,30/11/2012,S5 6GL,D,Y,F,SHEFFIELD,SHEFFIELD,SOUTH YORKSHIRE,2012,11,11.77913617
360000,27/07/2012,DL10 4NT,D,Y,F,RICHMOND,RICHMONDSHIRE,NORTH YORKSHIRE,2012,7,12.79386209
225000,24/10/2012,BA13 3QF,D,N,F,WESTBURY,WILTSHIRE,WILTSHIRE,2012,10,12.32386013
175703,04/07/2012,HU17 0FW,S,N,F,BEVERLEY,EAST RIDING OF YORKSHIRE,EAST RIDING OF YORKSHIRE,2012,7,12.07655604
307000,28/11/2012,RG26 5HQ,D,N,F,TADLEY,BASINGSTOKE AND DEANE,HAMPSHIRE,2012,11,12.63460628
351000,03/08/2012,BS20 6LH,T,N,F,BRISTOL,NORTH SOMERSET,NORTH SOMERSET,2012,8,12.76854435
150000,23/05/2012,L37 4EG,S,N,F,LIVERPOOL,SEFTON,MERSEYSIDE,2012,5,11.91839724
145000,28/08/2012,WR14 1QD,F,N,L,MALVERN,MALVERN HILLS,WORCESTERSHIRE,2012,8,11.88449592
235000,18/05/2012,GL54 1LL,S,N,F,CHELTENHAM,COTSWOLD,GLOUCESTERSHIRE,2012,5,12.36734505
175000,23/02/2012,BR3 1LR,F,N,L,BECKENHAM,BROMLEY,GREATER LONDON,2012,2,12.07254697
325000,01/05/2012,NR25 6HJ,D,N,F,HOLT,NORTH NORFOLK,NORFOLK,2012,5,12.69158354
620000,21/09/2012,AL1 1TG,D,N,F,ST ALBANS,ST ALBANS,HERTFORDSHIRE,2012,9,13.33747637
244950,07/12/2012,TF10 7XY,D,N,F,NEWPORT,WREKIN,WREKIN,2012,12,12.40881347
240000,27/07/2012,PL20 7NA,T,N,F,YELVERTON,WEST DEVON,DEVON,2012,7,12.38839837
210000,04/09/2012,NE31 1RY,D,N,F,HEBBURN,SOUTH TYNESIDE,TYNE AND WEAR,2012,9,12.25486757
120000,12/07/2012,NG9 6GR,T,N,L,NOTTINGHAM,BROXTOWE,NOTTINGHAMSHIRE,2012,7,11.69525536
175000,03/10/2012,DN3 3PQ,D,N,F,DONCASTER,DONCASTER,SOUTH YORKSHIRE,2012,10,12.07254697
154000,01/10/2012,NP7 6NG,S,N,F,ABERGAVENNY,MONMOUTHSHIRE,MONMOUTHSHIRE,2012,10,11.94471437
130000,30/03/2012,B44 9RR,T,N,F,BIRMINGHAM,BIRMINGHAM,WEST MIDLANDS,2012,3,11.77529742
163500,21/09/2012,UB8 2DD,T,N,F,UXBRIDGE,HILLINGDON,GREATER LONDON,2012,9,12.00457439
520000,20/03/2012,GL54 5EP,D,N,F,CHELTENHAM,TEWKESBURY,GLOUCESTERSHIRE,2012,3,13.16158601
306000,01/08/2012,SW11 5JN,F,N,L,LONDON,WANDSWORTH,GREATER LONDON,2012,8,12.63134365
525000,11/04/2012,BR5 4FJ,D,N,F,ORPINGTON,BROMLEY,GREATER LONDON,2012,4,13.17115545
280000,27/01/2012,IP17 3PA,D,N,F,SAXMUNDHAM,SUFFOLK COASTAL,SUFFOLK,2012,1,12.54254845
130000,29/06/2012,GL4 3FT,T,N,F,GLOUCESTER,GLOUCESTER,GLOUCESTERSHIRE,2012,6,11.77529742
36500,30/10/2012,L7 8XB,F,N,L,LIVERPOOL,LIVERPOOL,MERSEYSIDE,2012,10,10.50509494
235000,14/11/2012,CM3 5TZ,D,N,F,CHELMSFORD,CHELMSFORD,ESSEX,2012,11,12.36734505
182000,23/05/2012,SW16 4PY,F,Y,L,LONDON,CROYDON,GREATER LONDON,2012,5,12.11176746
215000,10/09/2012,EX5 1JW,T,N,F,EXETER,EAST DEVON,DEVON,2012,9,12.27839796
225000,05/01/2012,ME10 2EB,D,N,F,SITTINGBOURNE,SWALE,KENT,2012,1,12.32386013
275000,01/10/2012,SW16 2AN,F,N,L,LONDON,LAMBETH,GREATER LONDON,2012,10,12.52453001
168000,02/03/2012,WS9 8RF,S,N,F,WALSALL,WALSALL,WEST MIDLANDS,2012,3,12.03172521
249950,02/08/2012,TS26 0QT,D,Y,F,HARTLEPOOL,HARTLEPOOL,HARTLEPOOL,2012,8,12.42902018
115500,29/06/2012,NG3 5SB,T,N,F,NOTTINGHAM,GEDLING,NOTTINGHAMSHIRE,2012,6,11.65703447
670000,06/06/2012,EC1V 3AN,F,N,L,LONDON,ISLINGTON,GREATER LONDON,2012,6,13.41503448
167500,31/08/2012,SK6 6GA,T,N,F,STOCKPORT,STOCKPORT,GREATER MANCHESTER,2012,8,12.0287446
226000,13/01/2012,PR4 3DY,T,N,F,PRESTON,FYLDE,LANCASHIRE,2012,1,12.3282947
236000,12/07/2012,TR15 3TY,D,N,F,REDRUTH,CORNWALL,CORNWALL,2012,7,12.37159132
105000,11/05/2012,DE24 1AB,T,N,F,DERBY,CITY OF DERBY,CITY OF DERBY,2012,5,11.56172515
185000,07/06/2012,NG3 6AP,S,N,F,NOTTINGHAM,GEDLING,NOTTINGHAMSHIRE,2012,6,12.12811651
215000,23/11/2012,UB3 2FH,F,N,L,HAYES,HILLINGDON,GREATER LONDON,2012,11,12.27839796
105950,29/02/2012,DY11 6TH,F,N,L,KIDDERMINSTER,WYRE FOREST,WORCESTERSHIRE,2012,2,11.570732
60000,22/05/2012,CA2 5UR,T,N,F,CARLISLE,CARLISLE,CUMBRIA,2012,5,11.00211651
206800,26/11/2012,CO3 4EJ,S,N,F,COLCHESTER,COLCHESTER,ESSEX,2012,11,12.23951226
250000,19/11/2012,GU52 8DL,T,N,F,FLEET,HART,HAMPSHIRE,2012,11,12.4292202
370000,14/09/2012,SW4 7LL,F,N,L,LONDON,LAMBETH,GREATER LONDON,2012,9,12.82126099
110000,26/04/2012,SS2 4LA,F,N,L,SOUTHEND-ON-SEA,SOUTHEND-ON-SEA,SOUTHEND-ON-SEA,2012,4,11.60824474
180000,28/09/2012,PO16 9JS,T,N,F,FAREHAM,FAREHAM,HAMPSHIRE,2012,9,12.10071769
175000,09/08/2012,RG30 4XN,T,N,F,READING,READING,READING,2012,8,12.07254697
142000,03/08/2012,NN17 1XS,S,N,F,CORBY,CORBY,NORTHAMPTONSHIRE,2012,8,11.86358938
169000,28/06/2012,ST16 3RE,D,N,F,STAFFORD,STAFFORD,STAFFORDSHIRE,2012,6,12.03765991
121000,07/08/2012,ST7 1PD,S,N,F,STOKE-ON-TRENT,NEWCASTLE-UNDER-LYME,STAFFORDSHIRE,2012,8,11.70355409
315202,10/10/2012,N4 2NE,F,Y,L,LONDON,HACKNEY,GREATER LONDON,2012,10,12.66097215
580000,30/03/2012,BA2 5SF,D,N,F,BATH,BATH AND NORTH EAST SOMERSET,BATH AND NORTH EAST SOMERSET,2012,3,13.27078511
575000,28/09/2012,SN13 0SA,D,N,F,CORSHAM,WILTSHIRE,WILTSHIRE,2012,9,13.26212706
117000,20/08/2012,M35 0RP,T,N,F,MANCHESTER,OLDHAM,GREATER MANCHESTER,2012,8,11.66993776
220000,17/12/2012,BA4 6JG,S,N,F,SHEPTON MALLET,MENDIP,SOMERSET,2012,12,12.30138737
85000,30/03/2012,NE11 9DU,T,N,F,GATESHEAD,GATESHEAD,TYNE AND WEAR,2012,3,11.3504183
145000,30/11/2012,L10 8LB,S,N,F,LIVERPOOL,SEFTON,MERSEYSIDE,2012,11,11.88449592
206000,11/05/2012,WD18 0DY,T,N,F,WATFORD,WATFORD,HERTFORDSHIRE,2012,5,12.2356363
524000,03/09/2012,NE46 1SZ,S,N,F,HEXHAM,NORTHUMBERLAND,NORTHUMBERLAND,2012,9,13.16924887
30000,03/01/2012,WN7 1QZ,T,N,L,LEIGH,WIGAN,GREATER MANCHESTER,2012,1,10.30898599
212000,23/03/2012,OX29 4PY,S,N,F,WITNEY,WEST OXFORDSHIRE,OXFORDSHIRE,2012,3,12.26434627
107000,11/05/2012,BD2 2HF,S,N,F,BRADFORD,BRADFORD,WEST YORKSHIRE,2012,5,11.58059346
197500,05/09/2012,PE23 5HH,D,N,F,SPILSBY,EAST LINDSEY,LINCOLNSHIRE,2012,9,12.19349893
76000,31/08/2012,NG17 7RE,S,N,F,NOTTINGHAM,ASHFIELD,NOTTINGHAMSHIRE,2012,8,11.23850178
265000,20/04/2012,WD3 8YY,T,N,F,RICKMANSWORTH,THREE RIVERS,HERTFORDSHIRE,2012,4,12.48748888
120000,17/08/2012,NR3 4TJ,T,N,F,NORWICH,NORWICH,NORFOLK,2012,8,11.69525536
229950,20/01/2012,TQ14 8FR,F,N,L,TEIGNMOUTH,TEIGNBRIDGE,DEVON,2012,1,12.34562152
175000,24/01/2012,CB22 5JH,S,N,F,CAMBRIDGE,SOUTH CAMBRIDGESHIRE,CAMBRIDGESHIRE,2012,1,12.07254697
112995,14/12/2012,NG31 7GD,S,Y,F,GRANTHAM,SOUTH KESTEVEN,LINCOLNSHIRE,2012,12,11.6351077
111000,27/01/2012,S26 7XG,S,N,F,SHEFFIELD,ROTHERHAM,SOUTH YORKSHIRE,2012,1,11.61729449
275950,15/05/2012,S26 5QB,S,Y,L,SHEFFIELD,ROTHERHAM,SOUTH YORKSHIRE,2012,5,12.52797859
80000,06/11/2012,FY8 1XU,F,N,L,LYTHAM ST ANNES,FYLDE,LANCASHIRE,2012,11,11.28979441
132000,06/07/2012,GL16 7RU,T,N,F,COLEFORD,FOREST OF DEAN,GLOUCESTERSHIRE,2012,7,11.79056478
170000,29/10/2012,DL15 9FQ,D,N,F,CROOK,COUNTY DURHAM,COUNTY DURHAM,2012,10,12.0435596
190000,20/07/2012,S60 2AT,D,N,F,ROTHERHAM,ROTHERHAM,SOUTH YORKSHIRE,2012,7,12.15478461
250000,27/02/2012,HG3 2QN,T,N,F,HARROGATE,HARROGATE,NORTH YORKSHIRE,2012,2,12.4292202
2100000,30/03/2012,W14 0HU,T,N,F,LONDON,HAMMERSMITH AND FULHAM,GREATER LONDON,2012,3,14.55744838
219000,02/11/2012,M21 0TG,S,N,F,MANCHESTER,MANCHESTER,GREATER MANCHESTER,2012,11,12.29683157
87500,11/07/2012,LS9 6AE,T,N,F,LEEDS,LEEDS,WEST YORKSHIRE,2012,7,11.3794055
400000,14/12/2012,CM4 9DR,S,N,F,INGATESTONE,BRENTWOOD,ESSEX,2012,12,12.89922233
450000,27/01/2012,SW10 9QW,F,N,L,LONDON,KENSINGTON AND CHELSEA,GREATER LONDON,2012,1,13.01700508
154995,14/12/2012,DE7 8GT,T,Y,F,ILKESTON,EREWASH,DERBYSHIRE,2012,12,11.95115459
150000,18/10/2012,B36 0HL,S,N,F,BIRMINGHAM,SOLIHULL,WEST MIDLANDS,2012,10,11.91839724
167000,25/01/2012,CM2 9NE,T,N,F,CHELMSFORD,CHELMSFORD,ESSEX,2012,1,12.02575508
227500,14/11/2012,CF23 9DH,S,N,F,CARDIFF,CARDIFF,CARDIFF,2012,11,12.33490991
298000,13/06/2012,BN16 2QU,D,N,F,LITTLEHAMPTON,ARUN,WEST SUSSEX,2012,6,12.60485212
145500,31/08/2012,LS26 8RL,S,N,F,LEEDS,LEEDS,WEST YORKSHIRE,2012,8,11.88793824
327000,15/03/2012,RG9 2JR,F,N,L,HENLEY-ON-THAMES,SOUTH OXFORDSHIRE,OXFORDSHIRE,2012,3,12.69771851
425000,20/01/2012,DY14 0QE,D,N,F,KIDDERMINSTER,SHROPSHIRE,SHROPSHIRE,2012,1,12.9598468
465000,27/03/2012,EN5 1DD,S,N,F,BARNET,BARNET,GREATER LONDON,2012,3,13.04979484
170000,29/06/2012,M7 1AA,S,Y,L,SALFORD,SALFORD,GREATER MANCHESTER,2012,6,12.0435596
240000,14/12/2012,KT18 5BQ,F,N,L,EPSOM,EPSOM AND EWELL,SURREY,2012,12,12.38839837
222000,10/08/2012,BN2 5XY,F,N,L,BRIGHTON,BRIGHTON AND HOVE,BRIGHTON AND HOVE,2012,8,12.31043717
124000,15/06/2012,BH15 4JF,F,N,L,POOLE,POOLE,POOLE,2012,6,11.72804491
217000,19/12/2012,TA18 8LU,S,N,F,CREWKERNE,SOUTH SOMERSET,SOMERSET,2012,12,12.28765724
112000,16/03/2012,CW8 4LU,T,N,F,NORTHWICH,CHESHIRE WEST AND CHESTER,CHESHIRE WEST AND CHESTER,2012,3,11.62626308
431333,30/11/2012,N5 1XF,F,N,L,LONDON,ISLINGTON,GREATER LONDON,2012,11,12.97463801
335000,01/06/2012,BB4 6RL,D,N,L,ROSSENDALE,ROSSENDALE,LANCASHIRE,2012,6,12.7218888
183000,05/04/2012,CA28 8ND,T,N,F,WHITEHAVEN,COPELAND,CUMBRIA,2012,4,12.1172469
239000,23/03/2012,SW11 5TF,F,N,L,LONDON,WANDSWORTH,GREATER LONDON,2012,3,12.38422302
225000,13/04/2012,SE1 3AP,F,N,L,LONDON,SOUTHWARK,GREATER LONDON,2012,4,12.32386013
113000,20/04/2012,CV5 9HU,T,N,F,COVENTRY,COVENTRY,WEST MIDLANDS,2012,4,11.63515195
195750,23/11/2012,ME10 3GF,S,Y,F,SITTINGBOURNE,SWALE,KENT,2012,11,12.18459872
154500,30/10/2012,RG12 0XB,T,N,F,BRACKNELL,BRACKNELL FOREST,BRACKNELL FOREST,2012,10,11.94795585
250000,20/12/2012,GL12 8NP,D,N,F,WOTTON-UNDER-EDGE,SOUTH GLOUCESTERSHIRE,SOUTH GLOUCESTERSHIRE,2012,12,12.4292202
375000,16/04/2012,SK9 2GU,D,Y,L,WILMSLOW,CHESHIRE EAST,CHESHIRE EAST,2012,4,12.83468397
275000,30/04/2012,RG6 4NY,D,N,F,READING,WOKINGHAM,WOKINGHAM,2012,4,12.52453001
138500,02/03/2012,BR6 0UQ,F,N,L,ORPINGTON,BROMLEY,GREATER LONDON,2012,3,11.83863282
248000,04/01/2012,GU21 3HQ,T,N,F,WOKING,WOKING,SURREY,2012,1,12.42118806
154500,01/06/2012,TN24 8RG,S,N,F,ASHFORD,ASHFORD,KENT,2012,6,11.94795585
180000,09/07/2012,NG16 6DQ,D,N,F,NOTTINGHAM,ASHFIELD,NOTTINGHAMSHIRE,2012,7,12.10071769
105000,20/12/2012,ME5 8SS,T,N,F,CHATHAM,MEDWAY,MEDWAY,2012,12,11.56172515
110000,17/02/2012,LE18 4PG,T,N,F,WIGSTON,OADBY AND WIGSTON,LEICESTERSHIRE,2012,2,11.60824474
285000,25/05/2012,RM14 1QA,S,N,F,UPMINSTER,HAVERING,GREATER LONDON,2012,5,12.56024797
85000,09/01/2012,B33 8DH,S,N,F,BIRMINGHAM,BIRMINGHAM,WEST MIDLANDS,2012,1,11.3504183
156000,03/02/2012,CT11 0EL,S,N,F,RAMSGATE,THANET,KENT,2012,2,11.9576177
132000,13/01/2012,SN3 4DU,S,N,F,SWINDON,SWINDON,SWINDON,2012,1,11.79056478
280000,01/06/2012,TN38 0HL,F,N,L,ST LEONARDS-ON-SEA,HASTINGS,EAST SUSSEX,2012,6,12.54254845
44000,28/03/2012,L14 0NZ,T,N,F,LIVERPOOL,LIVERPOOL,MERSEYSIDE,2012,3,10.69196764
325000,01/08/2012,DA5 3EE,D,N,F,BEXLEY,BEXLEY,GREATER LONDON,2012,8,12.69158354
75000,15/06/2012,DN14 5HD,T,N,F,GOOLE,EAST RIDING OF YORKSHIRE,EAST RIDING OF YORKSHIRE,2012,6,11.22525673
119500,25/09/2012,HR1 1PP,T,N,F,HEREFORD,HEREFORDSHIRE,HEREFORDSHIRE,2012,9,11.69108002
206000,10/02/2012,SO22 5BJ,F,N,L,WINCHESTER,WINCHESTER,HAMPSHIRE,2012,2,12.2356363
320000,31/08/2012,DE56 4AR,D,N,F,BELPER,AMBER VALLEY,DERBYSHIRE,2012,8,12.6760794
206000,18/06/2012,WA13 9EH,S,N,L,LYMM,WARRINGTON,WARRINGTON,2012,6,12.2356363
140000,28/09/2012,BD20 7DL,S,N,F,KEIGHLEY,CRAVEN,NORTH YORKSHIRE,2012,9,11.84940484
322000,21/06/2012,SM5 3QH,S,N,F,CARSHALTON,SUTTON,GREATER LONDON,2012,6,12.68230993
153000,06/02/2012,BN3 5PE,F,N,L,HOVE,BRIGHTON AND HOVE,BRIGHTON AND HOVE,2012,2,11.93819974
157500,18/01/2012,PO30 5SZ,S,N,F,NEWPORT,ISLE OF WIGHT,ISLE OF WIGHT,2012,1,11.96718709
75000,02/04/2012,WF7 7AY,T,N,F,PONTEFRACT,WAKEFIELD,WEST YORKSHIRE,2012,4,11.22525673
525000,27/06/2012,CB21 5XN,D,N,F,CAMBRIDGE,SOUTH CAMBRIDGESHIRE,CAMBRIDGESHIRE,2012,6,13.17115545
220000,27/07/2012,WR5 3FR,F,Y,L,WORCESTER,WORCESTER,WORCESTERSHIRE,2012,7,12.30138737
195000,13/09/2012,SY17 5DD,D,N,F,LLANDINAM,POWYS,POWYS,2012,9,12.18075997
92000,31/08/2012,B23 7RG,T,N,F,BIRMINGHAM,BIRMINGHAM,WEST MIDLANDS,2012,8,11.42955473
275000,16/08/2012,CR8 4AF,S,N,F,PURLEY,CROYDON,GREATER LONDON,2012,8,12.52453001
100000,10/12/2012,LA4 5PW,T,N,F,MORECAMBE,LANCASTER,LANCASHIRE,2012,12,11.51293546
110500,30/03/2012,BL0 9QB,S,N,F,BURY,BURY,GREATER MANCHESTER,2012,3,11.61277985
160000,27/07/2012,BN24 6SG,D,N,F,PEVENSEY,WEALDEN,EAST SUSSEX,2012,7,11.98293534
164995,13/12/2012,CB23 7XU,T,N,F,CAMBRIDGE,SOUTH CAMBRIDGESHIRE,CAMBRIDGESHIRE,2012,12,12.01367651
130000,20/03/2012,YO43 3DY,D,Y,F,YORK,EAST RIDING OF YORKSHIRE,EAST RIDING OF YORKSHIRE,2012,3,11.77529742
377500,25/04/2012,RH12 3NX,S,N,F,HORSHAM,HORSHAM,WEST SUSSEX,2012,4,12.8413285
188000,29/03/2012,SK8 2AL,T,N,F,CHEADLE,STOCKPORT,GREATER MANCHESTER,2012,3,12.14420256
209950,19/10/2012,LS18 5DU,T,Y,F,LEEDS,LEEDS,WEST YORKSHIRE,2012,10,12.25462945
210000,23/03/2012,DE6 1SJ,D,N,F,ASHBOURNE,DERBYSHIRE DALES,DERBYSHIRE,2012,3,12.25486757
126000,22/08/2012,NP23 4RP,S,N,F,EBBW VALE,BLAENAU GWENT,BLAENAU GWENT,2012,8,11.74404512
175000,13/12/2012,SR3 2EX,D,Y,F,SUNDERLAND,SUNDERLAND,TYNE AND WEAR,2012,12,12.07254697
181950,08/06/2012,NG2 2AB,T,Y,F,NOTTINGHAM,CITY OF NOTTINGHAM,CITY OF NOTTINGHAM,2012,6,12.1114927
277500,20/08/2012,NG2 5DW,S,N,F,NOTTINGHAM,RUSHCLIFFE,NOTTINGHAMSHIRE,2012,8,12.53357982
890000,27/07/2012,SW11 5EB,T,N,F,LONDON,WANDSWORTH,GREATER LONDON,2012,7,13.69897787
77000,12/07/2012,CV6 6EF,F,N,L,COVENTRY,NUNEATON AND BEDWORTH,WARWICKSHIRE,2012,7,11.25157369
150000,03/09/2012,SA14 8XY,D,N,F,LLANELLI,CARMARTHENSHIRE,CARMARTHENSHIRE,2012,9,11.91839724
70000,06/07/2012,WN2 5JG,T,N,F,WIGAN,WIGAN,GREATER MANCHESTER,2012,7,11.15626481
105000,07/12/2012,BS24 7FW,F,N,F,WESTON-SUPER-MARE,NORTH SOMERSET,NORTH SOMERSET,2012,12,11.56172515
176000,20/07/2012,SE5 8RZ,F,N,L,LONDON,SOUTHWARK,GREATER LONDON,2012,7,12.07824496
495000,04/04/2012,CB11 4DA,D,N,F,SAFFRON WALDEN,UTTLESFORD,ESSEX,2012,4,13.11231506
242000,10/09/2012,LU6 3BY,S,N,F,DUNSTABLE,CENTRAL BEDFORDSHIRE,CENTRAL BEDFORDSHIRE,2012,9,12.39669714
250000,04/05/2012,MK18 2FS,D,Y,F,BUCKINGHAM,AYLESBURY VALE,BUCKINGHAMSHIRE,2012,5,12.4292202
210000,28/02/2012,DH3 4DQ,D,N,L,CHESTER LE STREET,COUNTY DURHAM,COUNTY DURHAM,2012,2,12.25486757
95500,05/04/2012,DE7 6FS,T,N,F,ILKESTON,EREWASH,DERBYSHIRE,2012,4,11.466892
92000,27/11/2012,WS7 4UD,T,N,F,BURNTWOOD,LICHFIELD,STAFFORDSHIRE,2012,11,11.42955473
47500,24/08/2012,CF32 8LP,T,N,F,BRIDGEND,BRIDGEND,BRIDGEND,2012,8,10.76850604
205000,20/04/2012,NE16 5JJ,T,N,F,NEWCASTLE UPON TYNE,GATESHEAD,TYNE AND WEAR,2012,4,12.23077014
230000,18/05/2012,YO32 5BA,D,N,F,YORK,YORK,YORK,2012,5,12.34583894
61000,07/08/2012,TR15 1EY,F,N,L,REDRUTH,CORNWALL,CORNWALL,2012,8,11.01864554
170000,10/08/2012,BH24 1BY,S,N,F,RINGWOOD,NEW FOREST,HAMPSHIRE,2012,8,12.0435596
128000,29/06/2012,B33 0UY,T,N,F,BIRMINGHAM,BIRMINGHAM,WEST MIDLANDS,2012,6,11.75979336
360000,13/11/2012,W9 2NP,F,N,L,LONDON,CITY OF WESTMINSTER,GREATER LONDON,2012,11,12.79386209
62500,28/08/2012,SR6 0QB,S,N,L,SUNDERLAND,SUNDERLAND,TYNE AND WEAR,2012,8,11.04293784
250000,12/01/2012,NE27 0BU,D,Y,L,NEWCASTLE UPON TYNE,NORTH TYNESIDE,TYNE AND WEAR,2012,1,12.4292202
193000,09/08/2012,DA15 9LL,T,N,F,SIDCUP,BEXLEY,GREATER LONDON,2012,8,12.17045065
80000,17/01/2012,BD21 1RH,S,N,F,KEIGHLEY,BRADFORD,WEST YORKSHIRE,2012,1,11.28979441
168500,19/10/2012,LE3 2SR,S,N,F,LEICESTER,BLABY,LEICESTERSHIRE,2012,10,12.03469696
1965000,14/12/2012,GU22 7HQ,D,N,F,WOKING,WOKING,SURREY,2012,12,14.49100331
80750,27/06/2012,SO16 4QP,F,N,L,SOUTHAMPTON,SOUTHAMPTON,SOUTHAMPTON,2012,6,11.29912562
70000,10/05/2012,TS10 3QA,S,N,F,REDCAR,REDCAR AND CLEVELAND,REDCAR AND CLEVELAND,2012,5,11.15626481
272500,16/11/2012,NG15 6FB,D,N,F,NOTTINGHAM,ASHFIELD,NOTTINGHAMSHIRE,2012,11,12.51539756
220000,31/10/2012,GU24 8PA,T,N,F,WOKING,SURREY HEATH,SURREY,2012,10,12.30138737
184000,30/11/2012,SO15 8PL,S,N,F,SOUTHAMPTON,SOUTHAMPTON,SOUTHAMPTON,2012,11,12.12269647
250000,17/12/2012,AL6 0LF,T,N,F,WELWYN,EAST HERTFORDSHIRE,HERTFORDSHIRE,2012,12,12.4292202
257500,01/11/2012,SE3 7BG,F,N,L,LONDON,GREENWICH,GREATER LONDON,2012,11,12.45877888
60000,29/06/2012,DN32 7JN,T,N,F,GRIMSBY,NORTH EAST LINCOLNSHIRE,NORTH EAST LINCOLNSHIRE,2012,6,11.00211651
225000,07/12/2012,SE25 5RR,F,Y,L,LONDON,CROYDON,GREATER LONDON,2012,12,12.32386013
129950,23/03/2012,EX1 2FG,F,Y,L,EXETER,EXETER,DEVON,2012,3,11.77491274
225000,04/07/2012,LS18 5SH,S,N,F,LEEDS,LEEDS,WEST YORKSHIRE,2012,7,12.32386013
225000,25/05/2012,KT20 5NP,T,N,F,TADWORTH,REIGATE AND BANSTEAD,SURREY,2012,5,12.32386013
210000,12/12/2012,HP3 9UB,T,N,F,HEMEL HEMPSTEAD,DACORUM,HERTFORDSHIRE,2012,12,12.25486757
229950,26/10/2012,DN22 7GZ,D,Y,F,RETFORD,BASSETLAW,NOTTINGHAMSHIRE,2012,10,12.34562152
281000,01/06/2012,YO30 5FW,D,N,F,YORK,YORK,YORK,2012,6,12.54611351
525000,08/11/2012,N4 2JY,F,N,L,LONDON,HACKNEY,GREATER LONDON,2012,11,13.17115545
367000,20/08/2012,PE28 2BQ,D,N,F,HUNTINGDON,HUNTINGDONSHIRE,CAMBRIDGESHIRE,2012,8,12.81311985
197500,18/06/2012,NE3 5TR,S,N,F,NEWCASTLE UPON TYNE,NEWCASTLE UPON TYNE,TYNE AND WEAR,2012,6,12.19349893
210000,12/01/2012,OX7 5LX,S,N,F,CHIPPING NORTON,WEST OXFORDSHIRE,OXFORDSHIRE,2012,1,12.25486757
150000,07/11/2012,PE30 2LB,D,N,F,KING'S LYNN,KING'S LYNN AND WEST NORFOLK,NORFOLK,2012,11,11.91839724
250000,29/06/2012,EX7 0EP,D,Y,F,DAWLISH,TEIGNBRIDGE,DEVON,2012,6,12.4292202
128750,20/12/2012,NN9 6DA,T,N,F,WELLINGBOROUGH,EAST NORTHAMPTONSHIRE,NORTHAMPTONSHIRE,2012,12,11.76563559
70000,05/10/2012,NN18 8DT,S,N,F,CORBY,CORBY,NORTHAMPTONSHIRE,2012,10,11.15626481
106000,18/10/2012,CB7 4XS,F,N,L,ELY,EAST CAMBRIDGESHIRE,CAMBRIDGESHIRE,2012,10,11.57120381
131500,14/02/2012,ST8 6ER,T,N,F,STOKE-ON-TRENT,STAFFORDSHIRE MOORLANDS,STAFFORDSHIRE,2012,2,11.78676974
120500,30/11/2012,DL3 0GD,T,N,F,DARLINGTON,DARLINGTON,DARLINGTON,2012,11,11.69941333
45000,07/12/2012,CH41 1AS,F,N,L,BIRKENHEAD,WIRRAL,MERSEYSIDE,2012,12,10.71443999
117000,26/10/2012,DN6 8NN,D,N,F,DONCASTER,DONCASTER,SOUTH YORKSHIRE,2012,10,11.66993776
237000,11/06/2012,WA13 0SF,D,N,F,LYMM,WARRINGTON,WARRINGTON,2012,6,12.37581964
120000,03/08/2012,NG10 1PU,S,Y,F,NOTTINGHAM,EREWASH,DERBYSHIRE,2012,8,11.69525536
111000,08/08/2012,M19 2SW,S,N,F,MANCHESTER,MANCHESTER,GREATER MANCHESTER,2012,8,11.61729449
1750000,30/05/2012,PL27 6LW,D,N,F,WADEBRIDGE,CORNWALL,CORNWALL,2012,5,14.37512692
205000,28/09/2012,E5 9SS,F,N,L,LONDON,HACKNEY,GREATER LONDON,2012,9,12.23077014
185000,27/01/2012,BN18 0JW,T,N,F,ARUNDEL,ARUN,WEST SUSSEX,2012,1,12.12811651
249950,27/01/2012,GU15 1BQ,S,N,F,CAMBERLEY,SURREY HEATH,SURREY,2012,1,12.42902018
320000,05/01/2012,PO16 7RL,S,N,F,FAREHAM,FAREHAM,HAMPSHIRE,2012,1,12.6760794
230000,05/03/2012,LS17 6LZ,D,N,F,LEEDS,LEEDS,WEST YORKSHIRE,2012,3,12.34583894
71600,09/08/2012,FY3 9SW,T,N,F,BLACKPOOL,BLACKPOOL,BLACKPOOL,2012,8,11.17886432
153000,21/02/2012,B18 6HU,F,N,L,BIRMINGHAM,BIRMINGHAM,WEST MIDLANDS,2012,2,11.93819974
272500,21/12/2012,B60 3QB,D,N,F,BROMSGROVE,BROMSGROVE,WORCESTERSHIRE,2012,12,12.51539756
163500,21/03/2012,GU6 7JB,T,N,L,CRANLEIGH,WAVERLEY,SURREY,2012,3,12.00457439
325000,07/09/2012,KT12 5QA,T,N,F,WALTON-ON-THAMES,ELMBRIDGE,SURREY,2012,9,12.69158354
140000,20/07/2012,DA12 5RU,S,N,F,GRAVESEND,GRAVESHAM,KENT,2012,7,11.84940484
340000,23/08/2012,NE3 5JE,D,N,F,NEWCASTLE UPON TYNE,NEWCASTLE UPON TYNE,TYNE AND WEAR,2012,8,12.73670384
189950,30/11/2012,EX20 1FN,F,N,L,OKEHAMPTON,WEST DEVON,DEVON,2012,11,12.15452142
249000,20/12/2012,BN43 5UP,S,N,F,SHOREHAM-BY-SEA,ADUR,WEST SUSSEX,2012,12,12.42521219
169950,05/10/2012,LE4 3NQ,S,Y,F,LEICESTER,CHARNWOOD,LEICESTERSHIRE,2012,10,12.04326544
171000,31/08/2012,RG6 4DS,T,N,F,READING,WOKINGHAM,WOKINGHAM,2012,8,12.04942468
211000,09/10/2012,SN6 7NG,S,N,F,SWINDON,SWINDON,SWINDON,2012,10,12.25961815
219950,08/11/2012,RG24 9SG,T,N,F,BASINGSTOKE,BASINGSTOKE AND DEANE,HAMPSHIRE,2012,11,12.30116007
97500,19/12/2012,CM23 5LN,F,N,L,BISHOP'S STORTFORD,EAST HERTFORDSHIRE,HERTFORDSHIRE,2012,12,11.48761791
259950,04/07/2012,TW1 2JQ,F,N,L,TWICKENHAM,RICHMOND UPON THAMES,GREATER LONDON,2012,7,12.46824843
300000,04/04/2012,RH1 2HJ,S,N,F,REDHILL,REIGATE AND BANSTEAD,SURREY,2012,4,12.61154109
300000,10/05/2012,BS16 5BG,D,N,F,BRISTOL,CITY OF BRISTOL,CITY OF BRISTOL,2012,5,12.61154109
128000,22/11/2012,NR20 3AR,T,N,F,DEREHAM,BRECKLAND,NORFOLK,2012,11,11.75979336
670000,15/03/2012,EN2 8QL,D,N,F,ENFIELD,ENFIELD,GREATER LONDON,2012,3,13.41503448
307500,20/04/2012,M28 2TN,D,N,L,MANCHESTER,SALFORD,GREATER MANCHESTER,2012,4,12.63623362
177500,15/06/2012,WR5 1EX,S,N,F,WORCESTER,WORCESTER,WORCESTERSHIRE,2012,6,12.08673152
194000,23/11/2012,LE65 2FS,D,N,F,ASHBY-DE-LA-ZOUCH,NORTH WEST LEICESTERSHIRE,LEICESTERSHIRE,2012,11,12.17561859
330000,08/03/2012,DA15 8AD,S,N,F,SIDCUP,BEXLEY,GREATER LONDON,2012,3,12.70685096
230000,02/07/2012,E14 6FY,F,Y,L,LONDON,TOWER HAMLETS,GREATER LONDON,2012,7,12.34583894
172500,28/03/2012,WF3 3FN,S,Y,F,WAKEFIELD,WAKEFIELD,WEST YORKSHIRE,2012,3,12.05815831
277000,30/11/2012,NN15 7BP,D,N,F,KETTERING,KETTERING,NORTHAMPTONSHIRE,2012,11,12.5317764
125000,26/01/2012,B1 1JX,F,N,L,BIRMINGHAM,BIRMINGHAM,WEST MIDLANDS,2012,1,11.73607702
234950,19/03/2012,EN3 6PS,T,Y,F,ENFIELD,ENFIELD,GREATER LONDON,2012,3,12.36713226
249950,20/07/2012,DN33 3AY,D,Y,F,GRIMSBY,NORTH EAST LINCOLNSHIRE,NORTH EAST LINCOLNSHIRE,2012,7,12.42902018
210000,27/07/2012,LS15 7AN,S,N,F,LEEDS,LEEDS,WEST YORKSHIRE,2012,7,12.25486757
166950,29/06/2012,LA3 2GR,D,Y,L,MORECAMBE,LANCASTER,LANCASHIRE,2012,6,12.02545564
90000,12/03/2012,FY4 4YD,S,N,L,BLACKPOOL,BLACKPOOL,BLACKPOOL,2012,3,11.40757606
124995,06/07/2012,NE23 7UE,D,N,F,CRAMLINGTON,NORTH TYNESIDE,TYNE AND WEAR,2012,7,11.73603702
289999,29/03/2012,HU16 4BY,D,Y,F,COTTINGHAM,EAST RIDING OF YORKSHIRE,EAST RIDING OF YORKSHIRE,2012,3,12.5776362
82000,16/11/2012,DN34 4RF,T,N,F,GRIMSBY,NORTH EAST LINCOLNSHIRE,NORTH EAST LINCOLNSHIRE,2012,11,11.31448672
267000,24/02/2012,SS9 1SE,T,N,F,LEIGH-ON-SEA,SOUTHEND-ON-SEA,SOUTHEND-ON-SEA,2012,2,12.49500768
225000,20/01/2012,PL18 9QL,S,N,F,CALSTOCK,CORNWALL,CORNWALL,2012,1,12.32386013
124995,23/11/2012,SK14 4TU,T,Y,L,HYDE,TAMESIDE,GREATER MANCHESTER,2012,11,11.73603702
119000,02/03/2012,E4 6TB,F,N,L,LONDON,WALTHAM FOREST,GREATER LONDON,2012,3,11.68688718
487000,10/08/2012,GU30 7XE,D,N,F,LIPHOOK,EAST HAMPSHIRE,HAMPSHIRE,2012,8,13.09602146
137500,22/03/2012,SY8 2DT,S,N,F,LUDLOW,SHROPSHIRE,SHROPSHIRE,2012,3,11.83138647
274000,18/05/2012,SK4 4JJ,S,N,F,STOCKPORT,STOCKPORT,GREATER MANCHESTER,2012,5,12.52088703
373000,14/09/2012,WD3 3SS,S,N,F,RICKMANSWORTH,THREE RIVERS,HERTFORDSHIRE,2012,9,12.82933638
275000,28/03/2012,TN39 5DA,D,N,F,BEXHILL-ON-SEA,ROTHER,EAST SUSSEX,2012,3,12.52453001
245000,22/02/2012,WA4 6SE,D,N,L,WARRINGTON,WARRINGTON,WARRINGTON,2012,2,12.40901757
145000,12/03/2012,PO30 5NL,S,N,F,NEWPORT,ISLE OF WIGHT,ISLE OF WIGHT,2012,3,11.88449592
160000,03/02/2012,WS11 9TU,D,N,F,CANNOCK,CANNOCK CHASE,STAFFORDSHIRE,2012,2,11.98293534
455000,27/07/2012,BH23 4RQ,D,N,F,CHRISTCHURCH,CHRISTCHURCH,DORSET,2012,7,13.0280549
224000,03/08/2012,TS22 5QL,S,N,F,BILLINGHAM,STOCKTON-ON-TEES,STOCKTON-ON-TEES,2012,8,12.3194058
166000,14/12/2012,BA21 4PG,S,N,F,YEOVIL,SOUTH SOMERSET,SOMERSET,2012,12,12.01974909
260000,17/08/2012,SK11 7EQ,D,N,L,MACCLESFIELD,CHESHIRE EAST,CHESHIRE EAST,2012,8,12.46844076
50000,11/05/2012,OL11 2AH,F,N,L,ROCHDALE,ROCHDALE,GREATER MANCHESTER,2012,5,10.81979828
425000,27/04/2012,TW2 7QX,S,N,F,TWICKENHAM,RICHMOND UPON THAMES,GREATER LONDON,2012,4,12.9598468
240000,27/09/2012,BS16 6WD,T,N,F,BRISTOL,SOUTH GLOUCESTERSHIRE,SOUTH GLOUCESTERSHIRE,2012,9,12.38839837
115000,06/01/2012,CM8 1JA,F,N,L,WITHAM,BRAINTREE,ESSEX,2012,1,11.6526961
150000,23/03/2012,M7 1AH,S,Y,L,SALFORD,SALFORD,GREATER MANCHESTER,2012,3,11.91839724
318000,31/08/2012,RG12 7BS,S,N,F,BRACKNELL,BRACKNELL FOREST,BRACKNELL FOREST,2012,8,12.66980981
845000,05/10/2012,N16 9AA,T,N,F,LONDON,HACKNEY,GREATER LONDON,2012,10,13.64709309
166250,20/02/2012,HP22 5GR,F,Y,L,AYLESBURY,AYLESBURY VALE,BUCKINGHAMSHIRE,2012,2,12.02125397
222500,30/01/2012,TW3 3FL,F,Y,L,HOUNSLOW,HOUNSLOW,GREATER LONDON,2012,1,12.31268687
335000,22/08/2012,CM2 6GY,T,N,F,CHELMSFORD,CHELMSFORD,ESSEX,2012,8,12.7218888
1100000,01/06/2012,SW6 3ER,T,N,F,LONDON,HAMMERSMITH AND FULHAM,GREATER LONDON,2012,6,13.91082165
665000,20/12/2012,HA8 8PA,D,N,F,EDGWARE,BARNET,GREATER LONDON,2012,12,13.40754382
151000,17/12/2012,BN41 1SW,T,N,F,BRIGHTON,BRIGHTON AND HOVE,BRIGHTON AND HOVE,2012,12,11.92504174
480000,21/06/2012,SO31 7LZ,D,Y,F,SOUTHAMPTON,FAREHAM,HAMPSHIRE,2012,6,13.08154347
400000,14/12/2012,EN11 9EY,D,N,F,HODDESDON,BROXBOURNE,HERTFORDSHIRE,2012,12,12.89922233
655000,16/11/2012,UB9 5AY,S,N,F,UXBRIDGE,SOUTH BUCKS,BUCKINGHAMSHIRE,2012,11,13.39239204
142500,23/07/2012,L34 6LL,S,N,F,PRESCOT,KNOWSLEY,MERSEYSIDE,2012,7,11.8671043
225000,31/08/2012,ME16 0QB,S,N,F,MAIDSTONE,MAIDSTONE,KENT,2012,8,12.32386013
141995,29/06/2012,NP10 8FP,T,Y,F,NEWPORT,NEWPORT,NEWPORT,2012,6,11.86355417
245000,21/11/2012,YO61 2QZ,S,N,F,YORK,HAMBLETON,NORTH YORKSHIRE,2012,11,12.40901757
205000,02/11/2012,CV37 0DJ,S,N,F,STRATFORD-UPON-AVON,STRATFORD-ON-AVON,WARWICKSHIRE,2012,11,12.23077014
330000,09/07/2012,MK11 1HL,D,N,F,MILTON KEYNES,MILTON KEYNES,MILTON KEYNES,2012,7,12.70685096
209000,08/10/2012,SW16 6JA,F,N,L,LONDON,LAMBETH,GREATER LONDON,2012,10,12.25009432
378500,04/05/2012,PO16 8JY,D,N,F,FAREHAM,FAREHAM,HAMPSHIRE,2012,5,12.84397399
245000,06/01/2012,BN3 4FS,F,N,L,HOVE,BRIGHTON AND HOVE,BRIGHTON AND HOVE,2012,1,12.40901757
305000,15/02/2012,CM17 9JA,T,N,F,HARLOW,HARLOW,ESSEX,2012,2,12.62807033
842500,23/04/2012,KT22 8NJ,D,N,F,LEATHERHEAD,MOLE VALLEY,SURREY,2012,4,13.64413013
212950,29/05/2012,RG18 3DN,S,N,F,THATCHAM,WEST BERKSHIRE,WEST BERKSHIRE,2012,5,12.26881737
97000,09/05/2012,L6 7UG,F,N,L,LIVERPOOL,LIVERPOOL,MERSEYSIDE,2012,5,11.48247657
215000,30/11/2012,E16 3EF,T,N,F,LONDON,NEWHAM,GREATER LONDON,2012,11,12.27839796
122500,06/01/2012,RG1 5DH,F,N,L,READING,READING,READING,2012,1,11.71587447
165000,28/03/2012,ME19 4TP,F,Y,F,WEST MALLING,TONBRIDGE AND MALLING,KENT,2012,3,12.01370681
84500,27/04/2012,LE2 9AN,T,N,F,LEICESTER,LEICESTER,LEICESTER,2012,4,11.34451865
108000,12/03/2012,B44 8LG,S,N,F,BIRMINGHAM,BIRMINGHAM,WEST MIDLANDS,2012,3,11.58989577
270000,12/10/2012,OL6 9HT,D,N,L,ASHTON-UNDER-LYNE,TAMESIDE,GREATER MANCHESTER,2012,10,12.50618094
265000,29/06/2012,BN42 4LR,S,N,F,BRIGHTON,ADUR,WEST SUSSEX,2012,6,12.48748888
365000,20/11/2012,RH7 6HD,D,N,F,LINGFIELD,TANDRIDGE,SURREY,2012,11,12.80765537
118000,22/06/2012,CT4 6QL,T,N,F,CANTERBURY,CANTERBURY,KENT,2012,6,11.67844838
304000,26/04/2012,HD7 4ED,D,N,F,HUDDERSFIELD,KIRKLEES,WEST YORKSHIRE,2012,4,12.62478627
185000,22/11/2012,CR2 7JU,F,N,L,SOUTH CROYDON,CROYDON,GREATER LONDON,2012,11,12.12811651
248000,27/07/2012,ME16 9HP,S,N,F,MAIDSTONE,MAIDSTONE,KENT,2012,7,12.42118806
445000,05/10/2012,TW7 7HT,S,N,F,ISLEWORTH,HOUNSLOW,GREATER LONDON,2012,10,13.00583181
240000,15/06/2012,DE11 9LH,D,N,F,SWADLINCOTE,SOUTH DERBYSHIRE,DERBYSHIRE,2012,6,12.38839837
310000,12/01/2012,HP3 9GS,T,Y,F,HEMEL HEMPSTEAD,DACORUM,HERTFORDSHIRE,2012,1,12.6443308
249995,10/07/2012,BR3 6PQ,F,N,L,BECKENHAM,BROMLEY,GREATER LONDON,2012,7,12.4292002
100000,05/04/2012,BD2 1NX,S,N,F,BRADFORD,BRADFORD,WEST YORKSHIRE,2012,4,11.51293546
156000,19/07/2012,SO53 3GX,T,N,F,EASTLEIGH,EASTLEIGH,HAMPSHIRE,2012,7,11.9576177
190000,19/03/2012,HP11 2QF,T,N,F,HIGH WYCOMBE,WYCOMBE,BUCKINGHAMSHIRE,2012,3,12.15478461
122000,07/12/2012,BH9 2NL,F,N,L,BOURNEMOUTH,BOURNEMOUTH,BOURNEMOUTH,2012,12,11.71178452
67000,29/06/2012,SA2 0XD,S,N,F,SWANSEA,SWANSEA,SWANSEA,2012,6,11.11246282
125000,06/08/2012,FY7 8AS,D,N,F,FLEETWOOD,WYRE,LANCASHIRE,2012,8,11.73607702
173000,19/10/2012,B63 1AD,S,N,F,HALESOWEN,DUDLEY,WEST MIDLANDS,2012,10,12.06105265
234000,17/07/2012,BN13 1NU,S,N,F,WORTHING,WORTHING,WEST SUSSEX,2012,7,12.36308067
130000,15/10/2012,ST10 1QS,D,N,F,STOKE-ON-TRENT,STAFFORDSHIRE MOORLANDS,STAFFORDSHIRE,2012,10,11.77529742
125000,31/07/2012,PE14 7EJ,D,N,F,WISBECH,KING'S LYNN AND WEST NORFOLK,NORFOLK,2012,7,11.73607702
111000,16/11/2012,TN21 8LS,F,N,L,HEATHFIELD,WEALDEN,EAST SUSSEX,2012,11,11.61729449
358000,05/04/2012,HP10 8AT,D,N,F,HIGH WYCOMBE,WYCOMBE,BUCKINGHAMSHIRE,2012,4,12.78829106
311000,18/10/2012,N11 2QS,T,N,F,LONDON,HARINGEY,GREATER LONDON,2012,10,12.64755141
120000,12/10/2012,HX3 6LL,T,N,F,HALIFAX,CALDERDALE,WEST YORKSHIRE,2012,10,11.69525536
115995,26/03/2012,SN11 8FR,F,Y,L,CALNE,WILTSHIRE,WILTSHIRE,2012,3,11.66131099
135500,04/05/2012,NN29 7BH,S,N,F,WELLINGBOROUGH,WELLINGBOROUGH,NORTHAMPTONSHIRE,2012,5,11.8167343
250000,26/07/2012,SL1 6AN,S,N,F,SLOUGH,SLOUGH,SLOUGH,2012,7,12.4292202
151500,28/09/2012,PL3 4NY,T,N,F,PLYMOUTH,CITY OF PLYMOUTH,CITY OF PLYMOUTH,2012,9,11.9283475
168500,28/11/2012,LS8 1LR,S,N,F,LEEDS,LEEDS,WEST YORKSHIRE,2012,11,12.03469696
215000,28/09/2012,DN22 9HP,D,N,F,RETFORD,BASSETLAW,NOTTINGHAMSHIRE,2012,9,12.27839796
75999,31/05/2012,YO43 3DD,T,Y,F,YORK,EAST RIDING OF YORKSHIRE,EAST RIDING OF YORKSHIRE,2012,5,11.23848862
70000,23/10/2012,HU5 3RH,T,N,F,HULL,CITY OF KINGSTON UPON HULL,CITY OF KINGSTON UPON HULL,2012,10,11.15626481
175000,02/05/2012,HD9 6ER,S,N,F,HOLMFIRTH,KIRKLEES,WEST YORKSHIRE,2012,5,12.07254697
115000,03/04/2012,TS12 2UZ,S,N,F,SALTBURN-BY-THE-SEA,REDCAR AND CLEVELAND,REDCAR AND CLEVELAND,2012,4,11.6526961
229950,29/08/2012,E2 0EQ,F,N,L,LONDON,TOWER HAMLETS,GREATER LONDON,2012,8,12.34562152
322000,16/02/2012,SE6 2NN,T,N,F,LONDON,LEWISHAM,GREATER LONDON,2012,2,12.68230993
156000,22/08/2012,PR8 4JP,S,N,F,SOUTHPORT,SEFTON,MERSEYSIDE,2012,8,11.9576177
183000,02/11/2012,TN6 3LF,T,N,F,CROWBOROUGH,WEALDEN,EAST SUSSEX,2012,11,12.1172469
175000,06/08/2012,NE30 3EY,T,N,F,NORTH SHIELDS,NORTH TYNESIDE,TYNE AND WEAR,2012,8,12.07254697
160000,20/01/2012,TR8 5NE,T,N,F,NEWQUAY,CORNWALL,CORNWALL,2012,1,11.98293534
123000,16/03/2012,WV3 9PP,T,N,F,WOLVERHAMPTON,WOLVERHAMPTON,WEST MIDLANDS,2012,3,11.71994776
214995,15/06/2012,CV10 0QF,D,Y,F,NUNEATON,NUNEATON AND BEDWORTH,WARWICKSHIRE,2012,6,12.2783747
760000,12/07/2012,SL9 7JD,D,N,F,GERRARDS CROSS,SOUTH BUCKS,BUCKINGHAMSHIRE,2012,7,13.54107503
210000,10/08/2012,AL10 0UE,S,N,F,HATFIELD,WELWYN HATFIELD,HERTFORDSHIRE,2012,8,12.25486757
95000,15/11/2012,NR1 2HA,F,N,L,NORWICH,NORWICH,NORFOLK,2012,11,11.4616427
145000,08/06/2012,CW1 4RT,D,N,F,CREWE,CHESHIRE EAST,CHESHIRE EAST,2012,6,11.88449592
625000,13/12/2012,SS9 2QS,D,N,F,LEIGH-ON-SEA,SOUTHEND-ON-SEA,SOUTHEND-ON-SEA,2012,12,13.34550853
175000,17/08/2012,GL5 4HD,S,N,F,STROUD,STROUD,GLOUCESTERSHIRE,2012,8,12.07254697
365000,21/02/2012,LA8 9PW,T,N,F,KENDAL,SOUTH LAKELAND,CUMBRIA,2012,2,12.80765537
55000,16/03/2012,L6 3AP,T,N,F,LIVERPOOL,LIVERPOOL,MERSEYSIDE,2012,3,10.91510665
95000,11/05/2012,NE34 6RP,T,N,F,SOUTH SHIELDS,SOUTH TYNESIDE,TYNE AND WEAR,2012,5,11.4616427
106500,28/05/2012,LE9 7JJ,T,Y,F,LEICESTER,HINCKLEY AND BOSWORTH,LEICESTERSHIRE,2012,5,11.57590965
119000,20/09/2012,LS25 6HX,T,N,F,LEEDS,SELBY,NORTH YORKSHIRE,2012,9,11.68688718
155000,29/03/2012,E1 0EF,F,N,L,LONDON,TOWER HAMLETS,GREATER LONDON,2012,3,11.95118685
86500,04/05/2012,DE24 5AG,T,N,F,DERBY,SOUTH DERBYSHIRE,DERBYSHIRE,2012,5,11.36791125
312000,16/11/2012,KT12 1HU,F,N,L,WALTON-ON-THAMES,ELMBRIDGE,SURREY,2012,11,12.65076167
269995,26/10/2012,RG27 8WX,T,Y,F,HOOK,HART,HAMPSHIRE,2012,10,12.50616242
310000,17/02/2012,BN3 6GR,F,N,L,HOVE,BRIGHTON AND HOVE,BRIGHTON AND HOVE,2012,2,12.6443308
156000,23/03/2012,CT5 3HE,T,N,F,WHITSTABLE,CANTERBURY,KENT,2012,3,11.9576177
149000,05/03/2012,SE10 8GA,F,Y,L,LONDON,GREENWICH,GREATER LONDON,2012,3,11.9117083
204000,27/04/2012,LE12 9EP,D,N,F,LOUGHBOROUGH,CHARNWOOD,LEICESTERSHIRE,2012,4,12.22588017
525000,27/03/2012,LN1 2RD,D,N,F,LINCOLN,WEST LINDSEY,LINCOLNSHIRE,2012,3,13.17115545
2150000,16/03/2012,SL7 2BZ,D,N,F,MARLOW,WYCOMBE,BUCKINGHAMSHIRE,2012,3,14.58097887
215000,19/11/2012,W2 5SU,F,N,L,LONDON,CITY OF WESTMINSTER,GREATER LONDON,2012,11,12.27839796
65000,16/03/2012,SR2 8SL,T,N,F,SUNDERLAND,SUNDERLAND,TYNE AND WEAR,2012,3,11.08215793
145500,31/07/2012,NN9 5GP,S,Y,F,WELLINGBOROUGH,EAST NORTHAMPTONSHIRE,NORTHAMPTONSHIRE,2012,7,11.88793824
103995,28/05/2012,S9 5AT,T,Y,F,SHEFFIELD,SHEFFIELD,SOUTH YORKSHIRE,2012,5,11.55210772
190000,13/07/2012,BR5 3LS,S,N,F,ORPINGTON,BROMLEY,GREATER LONDON,2012,7,12.15478461
167000,25/05/2012,ME5 0AA,D,N,F,CHATHAM,MEDWAY,MEDWAY,2012,5,12.02575508
245000,12/01/2012,E4 7RG,S,N,F,LONDON,EPPING FOREST,ESSEX,2012,1,12.40901757
220000,20/07/2012,NR34 7SF,D,N,F,BECCLES,WAVENEY,SUFFOLK,2012,7,12.30138737
107500,21/03/2012,S12 4RR,S,N,F,SHEFFIELD,SHEFFIELD,SOUTH YORKSHIRE,2012,3,11.58525543
220000,11/01/2012,SW16 2BB,F,N,L,LONDON,LAMBETH,GREATER LONDON,2012,1,12.30138737
123500,04/09/2012,EX32 8PS,S,N,F,BARNSTAPLE,NORTH DEVON,DEVON,2012,9,11.72400453
110000,23/07/2012,DL16 7LT,T,N,F,SPENNYMOOR,COUNTY DURHAM,COUNTY DURHAM,2012,7,11.60824474
140000,13/01/2012,HU12 8XH,S,N,F,HULL,EAST RIDING OF YORKSHIRE,EAST RIDING OF YORKSHIRE,2012,1,11.84940484
164995,10/10/2012,CB9 7PS,S,N,F,HAVERHILL,ST EDMUNDSBURY,SUFFOLK,2012,10,12.01367651
114000,11/05/2012,CH5 4RH,S,N,F,DEESIDE,FLINTSHIRE,FLINTSHIRE,2012,5,11.6439625
485000,25/07/2012,HG3 2JH,D,N,F,HARROGATE,HARROGATE,NORTH YORKSHIRE,2012,7,13.09190623
152270,14/09/2012,M4 7BG,F,Y,L,MANCHESTER,MANCHESTER,GREATER MANCHESTER,2012,9,11.93341711
349950,17/10/2012,CT6 6JB,D,N,F,HERNE BAY,CANTERBURY,KENT,2012,10,12.76554842
199950,14/12/2012,EX31 4AP,S,N,F,BARNSTAPLE,NORTH DEVON,DEVON,2012,12,12.20582762
240750,30/03/2012,BN22 0EB,D,N,F,EASTBOURNE,EASTBOURNE,EAST SUSSEX,2012,3,12.39151848
227500,27/07/2012,CV35 8TJ,D,N,F,WARWICK,WARWICK,WARWICKSHIRE,2012,7,12.33490991
145000,29/03/2012,NG10 5NB,D,N,F,NOTTINGHAM,EREWASH,DERBYSHIRE,2012,3,11.88449592
487500,07/08/2012,EN10 7JQ,D,N,F,BROXBOURNE,BROXBOURNE,HERTFORDSHIRE,2012,8,13.09704762
150000,05/04/2012,WV3 7LD,S,N,F,WOLVERHAMPTON,WOLVERHAMPTON,WEST MIDLANDS,2012,4,11.91839724
85000,11/10/2012,NR27 9EF,F,N,L,CROMER,NORTH NORFOLK,NORFOLK,2012,10,11.3504183
245000,24/02/2012,TN4 0BE,S,N,F,TUNBRIDGE WELLS,TUNBRIDGE WELLS,KENT,2012,2,12.40901757
195000,23/03/2012,EX12 2BN,S,N,F,SEATON,EAST DEVON,DEVON,2012,3,12.18075997
114500,12/04/2012,PE28 5SF,T,N,F,HUNTINGDON,HUNTINGDONSHIRE,CAMBRIDGESHIRE,2012,4,11.64833884
145000,11/12/2012,EX39 3JZ,T,N,F,BIDEFORD,TORRIDGE,DEVON,2012,12,11.88449592
180000,16/11/2012,RG12 9EF,T,N,F,BRACKNELL,BRACKNELL FOREST,BRACKNELL FOREST,2012,11,12.10071769
125000,09/08/2012,CT1 1DP,T,N,F,CANTERBURY,CANTERBURY,KENT,2012,8,11.73607702
305000,09/11/2012,YO51 9JF,D,N,F,YORK,HARROGATE,NORTH YORKSHIRE,2012,11,12.62807033
355500,19/09/2012,LN1 1JP,S,Y,F,LINCOLN,LINCOLN,LINCOLNSHIRE,2012,9,12.78128334
138000,25/01/2012,M27 8XF,D,N,F,MANCHESTER,SALFORD,GREATER MANCHESTER,2012,1,11.83501621
105000,16/01/2012,WS12 1QL,S,N,F,CANNOCK,CANNOCK CHASE,STAFFORDSHIRE,2012,1,11.56172515
110000,18/10/2012,BN27 1TU,S,N,F,HAILSHAM,WEALDEN,EAST SUSSEX,2012,10,11.60824474
187500,25/05/2012,BB1 9LP,D,N,F,BLACKBURN,RIBBLE VALLEY,LANCASHIRE,2012,5,12.14153946
137500,19/10/2012,M35 0PF,S,N,F,MANCHESTER,OLDHAM,GREATER MANCHESTER,2012,10,11.83138647
282450,21/09/2012,TN34 1TG,T,N,F,HASTINGS,HASTINGS,EAST SUSSEX,2012,9,12.55126036
67000,06/02/2012,CF37 5PS,T,N,F,PONTYPRIDD,RHONDDA CYNON TAFF,RHONDDA CYNON TAFF,2012,2,11.11246282
200000,25/05/2012,TQ2 5NZ,F,Y,L,TORQUAY,TORBAY,TORBAY,2012,5,12.20607765
208000,12/01/2012,TW17 0ET,F,N,L,SHEPPERTON,SPELTHORNE,SURREY,2012,1,12.24529817
110000,29/06/2012,PR1 9LJ,D,N,F,PRESTON,SOUTH RIBBLE,LANCASHIRE,2012,6,11.60824474
202500,01/05/2012,HP23 6AY,T,N,F,TRING,DACORUM,HERTFORDSHIRE,2012,5,12.2185001
299000,01/06/2012,SW17 9HL,F,N,L,LONDON,WANDSWORTH,GREATER LONDON,2012,6,12.6082022
162500,05/10/2012,B75 7JQ,F,N,L,SUTTON COLDFIELD,BIRMINGHAM,WEST MIDLANDS,2012,10,11.99843943
298500,14/12/2012,CR8 5NR,S,N,F,KENLEY,CROYDON,GREATER LONDON,2012,12,12.60652856
111000,18/05/2012,ME12 3FE,F,Y,L,SHEERNESS,SWALE,KENT,2012,5,11.61729449
108000,20/04/2012,S43 4DE,S,N,F,CHESTERFIELD,BOLSOVER,DERBYSHIRE,2012,4,11.58989577
425000,16/08/2012,SW6 2AR,F,N,L,LONDON,HAMMERSMITH AND FULHAM,GREATER LONDON,2012,8,12.9598468
387500,20/09/2012,GU22 8DS,S,N,F,WOKING,WOKING,SURREY,2012,9,12.86747371
275000,31/07/2012,LN8 3YS,D,N,F,MARKET RASEN,WEST LINDSEY,LINCOLNSHIRE,2012,7,12.52453001
205000,09/01/2012,ME8 9BE,T,N,F,GILLINGHAM,MEDWAY,MEDWAY,2012,1,12.23077014
118000,31/05/2012,PR8 5NY,S,N,F,SOUTHPORT,SEFTON,MERSEYSIDE,2012,5,11.67844838
439000,06/09/2012,SL2 3HY,S,N,F,SLOUGH,SOUTH BUCKS,BUCKINGHAMSHIRE,2012,9,12.99225697
113000,24/02/2012,IP20 9HT,S,N,F,HARLESTON,SOUTH NORFOLK,NORFOLK,2012,2,11.63515195
93000,03/02/2012,S43 3BB,S,N,F,CHESTERFIELD,CHESTERFIELD,DERBYSHIRE,2012,2,11.44036552
828000,30/11/2012,SW16 1LA,S,N,F,LONDON,LAMBETH,GREATER LONDON,2012,11,13.62676964
144995,23/03/2012,NN10 6AD,S,N,F,RUSHDEN,EAST NORTHAMPTONSHIRE,NORTHAMPTONSHIRE,2012,3,11.88446143
118500,14/06/2012,NN10 6BH,S,N,F,RUSHDEN,EAST NORTHAMPTONSHIRE,NORTHAMPTONSHIRE,2012,6,11.68267668
189995,29/06/2012,OX11 6AU,T,Y,F,DIDCOT,SOUTH OXFORDSHIRE,OXFORDSHIRE,2012,6,12.1547583
340000,29/10/2012,IP20 0JN,D,N,F,HARLESTON,MID SUFFOLK,SUFFOLK,2012,10,12.73670384
299950,13/03/2012,SW16 6BW,F,N,L,LONDON,WANDSWORTH,GREATER LONDON,2012,3,12.61137441
102500,26/06/2012,RM8 1NB,F,N,L,DAGENHAM,BARKING AND DAGENHAM,GREATER LONDON,2012,6,11.53762783
500000,12/01/2012,CV35 7QU,D,N,F,WARWICK,WARWICK,WARWICKSHIRE,2012,1,13.12236538
136000,28/11/2012,SN14 0YD,T,N,F,CHIPPENHAM,WILTSHIRE,WILTSHIRE,2012,11,11.82041752
499950,30/11/2012,CH3 9EP,D,N,F,CHESTER,CHESHIRE WEST AND CHESTER,CHESHIRE WEST AND CHESTER,2012,11,13.12226537
203000,22/03/2012,BS3 3DW,T,N,F,BRISTOL,CITY OF BRISTOL,CITY OF BRISTOL,2012,3,12.22096618
95000,23/08/2012,BD7 3JQ,T,N,F,BRADFORD,BRADFORD,WEST YORKSHIRE,2012,8,11.4616427
71000,07/09/2012,SY18 6AS,T,N,F,LLANIDLOES,POWYS,POWYS,2012,9,11.17044924
91250,11/01/2012,LA1 3AY,T,N,F,LANCASTER,LANCASTER,LANCASHIRE,2012,1,11.42136923
302500,10/08/2012,CV32 7SU,D,N,F,LEAMINGTON SPA,WARWICK,WARWICKSHIRE,2012,8,12.61983986
80000,02/03/2012,SK1 4HU,T,N,F,STOCKPORT,STOCKPORT,GREATER MANCHESTER,2012,3,11.28979441
195000,05/04/2012,CF64 5UX,D,N,F,PENARTH,THE VALE OF GLAMORGAN,THE VALE OF GLAMORGAN,2012,4,12.18075997
98000,22/03/2012,WF1 3TY,F,N,L,WAKEFIELD,WAKEFIELD,WEST YORKSHIRE,2012,3,11.49273296
168500,12/12/2012,CB8 0SS,F,N,F,NEWMARKET,FOREST HEATH,SUFFOLK,2012,12,12.03469696
116000,22/03/2012,RG30 2BE,D,N,F,READING,READING,READING,2012,3,11.66135409
295000,24/09/2012,PR4 3YB,S,N,F,PRESTON,FYLDE,LANCASHIRE,2012,9,12.59473403
69000,20/09/2012,NP11 4GD,T,N,F,NEWPORT,CAERPHILLY,CAERPHILLY,2012,9,11.14187628
178000,17/12/2012,DN3 2JX,D,N,F,DONCASTER,DONCASTER,SOUTH YORKSHIRE,2012,12,12.08954445
65000,06/07/2012,PR8 5DZ,F,N,L,SOUTHPORT,SEFTON,MERSEYSIDE,2012,7,11.08215793
265000,10/08/2012,B74 2LG,D,N,F,SUTTON COLDFIELD,WALSALL,WEST MIDLANDS,2012,8,12.48748888
202000,14/09/2012,TF1 6QZ,D,N,F,TELFORD,WREKIN,WREKIN,2012,9,12.21602793
229950,26/04/2012,PR25 3UL,D,N,L,LEYLAND,SOUTH RIBBLE,LANCASHIRE,2012,4,12.34562152
225000,29/06/2012,SE13 6NT,S,N,F,LONDON,LEWISHAM,GREATER LONDON,2012,6,12.32386013
235000,09/01/2012,NE4 9UX,S,N,F,NEWCASTLE UPON TYNE,NEWCASTLE UPON TYNE,TYNE AND WEAR,2012,1,12.36734505
123000,23/03/2012,DY5 3QA,S,N,L,BRIERLEY HILL,DUDLEY,WEST MIDLANDS,2012,3,11.71994776
167000,19/03/2012,SE20 7TT,F,N,L,LONDON,BROMLEY,GREATER LONDON,2012,3,12.02575508
195000,20/12/2012,SW2 1RB,F,N,L,LONDON,LAMBETH,GREATER LONDON,2012,12,12.18075997
149950,14/09/2012,GL51 7ND,S,N,F,CHELTENHAM,CHELTENHAM,GLOUCESTERSHIRE,2012,9,11.91806385
112000,16/03/2012,ME7 1QY,T,N,F,GILLINGHAM,MEDWAY,MEDWAY,2012,3,11.62626308
72500,06/03/2012,PE15 9PA,D,N,F,MARCH,FENLAND,CAMBRIDGESHIRE,2012,3,11.19135563
145000,20/12/2012,BS35 2FH,F,N,L,BRISTOL,SOUTH GLOUCESTERSHIRE,SOUTH GLOUCESTERSHIRE,2012,12,11.88449592
80745,16/03/2012,CV3 1PJ,T,Y,F,COVENTRY,COVENTRY,WEST MIDLANDS,2012,3,11.2990637
112250,30/11/2012,L6 0DW,S,N,F,LIVERPOOL,LIVERPOOL,MERSEYSIDE,2012,11,11.62849271
185000,21/06/2012,BA1 6FD,F,N,L,BATH,BATH AND NORTH EAST SOMERSET,BATH AND NORTH EAST SOMERSET,2012,6,12.12811651
113000,24/08/2012,CF10 5NT,F,N,L,CARDIFF,CARDIFF,CARDIFF,2012,8,11.63515195
250000,06/03/2012,NP10 8UY,D,N,F,NEWPORT,NEWPORT,NEWPORT,2012,3,12.4292202
224000,27/01/2012,BA21 3TB,D,N,F,YEOVIL,SOUTH SOMERSET,SOMERSET,2012,1,12.3194058
245250,10/12/2012,CH7 3GA,D,N,F,BUCKLEY,FLINTSHIRE,FLINTSHIRE,2012,12,12.41003745
120000,15/06/2012,SS8 0HB,S,N,F,CANVEY ISLAND,CASTLE POINT,ESSEX,2012,6,11.69525536
168000,21/09/2012,NR5 9PG,D,N,F,NORWICH,NORWICH,NORFOLK,2012,9,12.03172521
180000,19/06/2012,BN17 5HN,T,N,F,LITTLEHAMPTON,ARUN,WEST SUSSEX,2012,6,12.10071769
580000,27/07/2012,W14 0DY,F,N,L,LONDON,HAMMERSMITH AND FULHAM,GREATER LONDON,2012,7,13.27078511
42000,04/05/2012,SA72 6AR,T,N,F,PEMBROKE DOCK,PEMBROKESHIRE,PEMBROKESHIRE,2012,5,10.64544871
213500,02/04/2012,SE16 3RQ,T,N,F,LONDON,SOUTHWARK,GREATER LONDON,2012,4,12.2713968
40000,09/02/2012,DN17 2EU,T,N,F,SCUNTHORPE,NORTH LINCOLNSHIRE,NORTH LINCOLNSHIRE,2012,2,10.59665973
70000,27/04/2012,DE23 8FW,T,N,F,DERBY,CITY OF DERBY,CITY OF DERBY,2012,4,11.15626481
169950,31/10/2012,NR7 8RH,F,N,L,NORWICH,BROADLAND,NORFOLK,2012,10,12.04326544
215000,18/05/2012,NG9 5JB,D,Y,F,NOTTINGHAM,BROXTOWE,NOTTINGHAMSHIRE,2012,5,12.27839796
350000,31/05/2012,SO15 2SW,T,Y,F,SOUTHAMPTON,SOUTHAMPTON,SOUTHAMPTON,2012,5,12.76569129
310000,30/03/2012,HA3 9EU,S,N,F,HARROW,HARROW,GREATER LONDON,2012,3,12.6443308
525000,14/09/2012,CF32 0PH,D,N,F,BRIDGEND,THE VALE OF GLAMORGAN,THE VALE OF GLAMORGAN,2012,9,13.17115545
185000,26/10/2012,OX14 3UX,T,N,F,ABINGDON,VALE OF WHITE HORSE,OXFORDSHIRE,2012,10,12.12811651
83500,12/09/2012,CH66 1PW,S,N,F,ELLESMERE PORT,CHESHIRE WEST AND CHESTER,CHESHIRE WEST AND CHESTER,2012,9,11.33261389
249950,17/07/2012,GU47 8NJ,S,N,F,SANDHURST,BRACKNELL FOREST,BRACKNELL FOREST,2012,7,12.42902018
238000,12/07/2012,BH18 9PA,D,N,F,BROADSTONE,POOLE,POOLE,2012,7,12.38003015
185000,16/11/2012,DH1 1LR,S,N,F,DURHAM,COUNTY DURHAM,COUNTY DURHAM,2012,11,12.12811651
170000,23/03/2012,DL10 7TP,T,N,F,RICHMOND,RICHMONDSHIRE,NORTH YORKSHIRE,2012,3,12.0435596
163500,03/05/2012,PE19 1LJ,T,N,F,ST NEOTS,HUNTINGDONSHIRE,CAMBRIDGESHIRE,2012,5,12.00457439
250000,29/10/2012,CM23 3NT,S,N,F,BISHOP'S STORTFORD,EAST HERTFORDSHIRE,HERTFORDSHIRE,2012,10,12.4292202
107000,08/10/2012,S5 6AP,D,N,F,SHEFFIELD,SHEFFIELD,SOUTH YORKSHIRE,2012,10,11.58059346
575000,14/03/2012,KT12 5NY,D,N,F,WALTON-ON-THAMES,ELMBRIDGE,SURREY,2012,3,13.26212706
230000,02/03/2012,WS15 2FB,D,Y,F,RUGELEY,CANNOCK CHASE,STAFFORDSHIRE,2012,3,12.34583894
192000,30/05/2012,EN1 1ED,F,N,L,ENFIELD,ENFIELD,GREATER LONDON,2012,5,12.16525586
547000,06/09/2012,OX2 7GY,F,N,L,OXFORD,OXFORD,OXFORDSHIRE,2012,9,13.21220591
203500,11/05/2012,CB8 8HD,T,N,F,NEWMARKET,FOREST HEATH,SUFFOLK,2012,5,12.2234262
139950,25/05/2012,TS23 2EY,T,Y,F,BILLINGHAM,STOCKTON-ON-TEES,STOCKTON-ON-TEES,2012,5,11.84904764
190000,27/11/2012,B90 4QP,S,N,F,SOLIHULL,SOLIHULL,WEST MIDLANDS,2012,11,12.15478461
125000,09/02/2012,CF64 3AR,F,N,L,PENARTH,THE VALE OF GLAMORGAN,THE VALE OF GLAMORGAN,2012,2,11.73607702
230000,15/08/2012,NW10 7DH,S,N,F,LONDON,EALING,GREATER LONDON,2012,8,12.34583894
134000,15/02/2012,HR4 9YD,T,N,F,HEREFORD,HEREFORDSHIRE,HEREFORDSHIRE,2012,2,11.80560254
125000,05/12/2012,GU21 5QZ,T,N,L,WOKING,WOKING,SURREY,2012,12,11.73607702
195000,24/02/2012,PR4 1YP,D,N,F,PRESTON,FYLDE,LANCASHIRE,2012,2,12.18075997
273000,04/05/2012,BS21 7TD,D,N,F,CLEVEDON,NORTH SOMERSET,NORTH SOMERSET,2012,5,12.51723074
420000,30/01/2012,EX10 9AP,D,N,F,SIDMOUTH,EAST DEVON,DEVON,2012,1,12.94801237
975000,15/03/2013,SE22 8UR,T,N,F,WOODWARDE ROAD,DULWICH,LONDON,2013,3,13.79019378
250000,12/04/2013,PE38 9WB,D,N,F,CORIANDER ROAD,,DOWNHAM MARKET,2013,4,12.4292202
132000,06/09/2013,TA5 2GL,T,Y,F,ANGELICA DRIVE,NORTH PETHERTON,BRIDGWATER,2013,9,11.79056478
237000,18/02/2013,RH16 4PE,S,N,F,SUNNYWOOD DRIVE,,HAYWARDS HEATH,2013,2,12.37581964
227500,16/05/2013,CB6 2SN,S,N,F,ELY ROAD,LITTLE DOWNHAM,ELY,2013,5,12.33490991
153000,07/11/2013,ME1 2LJ,T,N,F,MARLEY WAY,,ROCHESTER,2013,11,11.93819974
250000,29/11/2013,MK7 7FF,S,Y,F,NORDEN MEAD,WALTON,MILTON KEYNES,2013,11,12.4292202
325000,15/02/2013,E14 9WB,F,N,L,DOCKERS TANNER ROAD,,LONDON,2013,2,12.69158354
130000,24/09/2013,M20 2BG,F,N,L,THE BEECHES,,MANCHESTER,2013,9,11.77529742
268000,26/04/2013,DT4 0ET,S,N,F,GOLDCROFT AVENUE,,WEYMOUTH,2013,4,12.49874599
97000,21/08/2013,BN1 1TT,F,N,L,BREAD STREET,,BRIGHTON,2013,8,11.48247657
194000,13/12/2013,SS6 8LL,S,N,F,HELENA ROAD,,RAYLEIGH,2013,12,12.17561859
215000,23/12/2013,DH1 4GA,F,N,L,HIGHGATE,,DURHAM,2013,12,12.27839796
122000,05/07/2013,CB6 1HR,T,N,L,SAFFRON CLOSE,LITTLEPORT,ELY,2013,7,11.71178452
88500,07/01/2013,ST3 2AH,S,N,F,BROOKSIDE DRIVE,,STOKE-ON-TRENT,2013,1,11.39076913
133000,08/11/2013,CF24 3HL,T,N,F,TREHARRIS STREET,,CARDIFF,2013,11,11.79811193
128000,26/04/2013,TQ3 1LJ,F,N,L,SOUTHFIELD AVENUE,PRESTON,PAIGNTON,2013,4,11.75979336
157000,29/11/2013,B14 6LG,S,N,F,WYCHE AVENUE,,BIRMINGHAM,2013,11,11.96400745
230000,22/03/2013,TR16 4JG,D,N,F,,HARRIS MILL,REDRUTH,2013,3,12.34583894
1200000,17/07/2013,E14 9HR,F,N,L,PAN PENINSULA SQUARE,,LONDON,2013,7,13.99783295
75000,22/03/2013,BH2 6QA,F,N,L,WIMBORNE ROAD,,BOURNEMOUTH,2013,3,11.22525673
258000,04/11/2013,E4 8HB,T,N,F,RUSSELL ROAD,CHINGFORD,LONDON,2013,11,12.46071874
37000,19/06/2013,DN21 2PR,T,N,F,BURNS STREET,,GAINSBOROUGH,2013,6,10.51870022
110000,31/10/2013,L9 8DJ,S,N,F,WARBRECK AVENUE,,LIVERPOOL,2013,10,11.60824474
158000,14/11/2013,TR15 2RF,D,N,F,SPARNON TERRACE,,REDRUTH,2013,11,11.97035664
365000,20/05/2013,CM23 4HL,D,N,F,NORMAN AVENUE,,BISHOP'S STORTFORD,2013,5,12.80765537
172000,24/05/2013,CA13 0AR,S,N,F,DALTON STREET,,COCKERMOUTH,2013,5,12.05525557
365000,24/09/2013,TF8 7LN,D,N,F,THE WOODLANDS,JACKFIELD,TELFORD,2013,9,12.80765537
250000,12/11/2013,UB8 3DN,S,N,F,DICKENS AVENUE,,UXBRIDGE,2013,11,12.4292202
133500,11/11/2013,CT20 1LF,S,N,F,CHARLOTTE STREET,,FOLKESTONE,2013,11,11.80186425
88000,19/12/2013,NG19 9LU,F,N,L,MANOR HOUSE,MANSFIELD WOODHOUSE,MANSFIELD,2013,12,11.38510346
136000,01/11/2013,NG6 8YX,T,N,F,HIGH MAIN DRIVE,BESTWOOD VILLAGE,NOTTINGHAM,2013,11,11.82041752
244345,04/01/2013,EX5 1PA,T,N,F,FULFORD WAY,WOODBURY,EXETER,2013,1,12.40634053
92000,03/12/2013,SR4 7HU,T,N,F,WOLSELEY TERRACE,,SUNDERLAND,2013,12,11.42955473
219000,24/09/2013,WD17 4EP,F,N,L,ESSEX ROAD,,WATFORD,2013,9,12.29683157
199000,06/12/2013,GU34 1NY,T,N,F,BOW STREET,,ALTON,2013,12,12.20106513
200000,03/10/2013,BS16 4LP,T,N,F,RAILWAY TERRACE,,BRISTOL,2013,10,12.20607765
485000,24/05/2013,RH2 9PX,D,N,F,CASTLE WALK,,REIGATE,2013,5,13.09190623
92500,20/12/2013,M34 7SD,S,N,F,DANWOOD CLOSE,DENTON,MANCHESTER,2013,12,11.43497473
187500,10/09/2013,BN20 7RY,F,Y,L,GAUDICK PLACE,,EASTBOURNE,2013,9,12.14153946
250000,24/01/2013,ME14 1UT,T,N,F,HOLLAND ROAD,,MAIDSTONE,2013,1,12.4292202
201500,28/06/2013,LE67 2RN,D,N,F,BELCHER CLOSE,HEATHER,COALVILLE,2013,6,12.21354962
250000,03/10/2013,SO17 3SJ,S,N,F,SIRDAR ROAD,,SOUTHAMPTON,2013,10,12.4292202
200000,27/03/2013,HU4 6UP,D,N,F,SANDPIPER DRIVE,,HULL,2013,3,12.20607765
149000,30/01/2013,WA14 2WG,F,N,L,DENMARK STREET,,ALTRINCHAM,2013,1,11.9117083
158000,06/12/2013,B14 7RN,T,N,F,GRANGE ROAD,KINGS HEATH,BIRMINGHAM,2013,12,11.97035664
150000,05/12/2013,SE18 7JU,F,N,L,BURRAGE ROAD,,LONDON,2013,12,11.91839724
115000,16/05/2013,NG14 6HY,S,N,F,TITHE LANE,CALVERTON,NOTTINGHAM,2013,5,11.6526961
875000,02/08/2013,OX10 9JD,D,N,F,,MOULSFORD,WALLINGFORD,2013,8,13.68198031
149000,15/03/2013,TS19 0UT,D,N,F,WELLAND CRESCENT,,STOCKTON-ON-TEES,2013,3,11.9117083
130000,29/07/2013,B33 8PA,T,N,F,CHURCH ROAD,YARDLEY,BIRMINGHAM,2013,7,11.77529742
240000,11/12/2013,DE21 2JA,D,N,F,DUNSMORE DRIVE,OAKWOOD,DERBY,2013,12,12.38839837
300000,25/10/2013,HP18 0HZ,D,Y,F,MORGAN DRIVE,,AYLESBURY,2013,10,12.61154109
212000,01/03/2013,SM5 1QG,T,N,F,TINTERN ROAD,,CARSHALTON,2013,3,12.26434627
83000,01/11/2013,WS2 0LL,T,N,F,QUILTER CLOSE,,WALSALL,2013,11,11.32660793
77000,15/04/2013,HU2 8DG,F,Y,L,FRANCIS STREET,,HULL,2013,4,11.25157369
184950,24/05/2013,SN3 4PW,S,N,F,SWINDON ROAD,STRATTON ST MARGARET,SWINDON,2013,5,12.1278462
283500,12/06/2013,RG31 4SF,D,N,F,BLAGRAVE RISE,TILEHURST,READING,2013,6,12.55497093
530000,31/01/2013,ST7 2SF,D,N,F,PIKEMERE ROAD,ALSAGER,STOKE-ON-TRENT,2013,1,13.18063417
240000,16/12/2013,SO41 0GB,D,N,F,ASHLEY LANE,HORDLE,LYMINGTON,2013,12,12.38839837
120000,02/08/2013,BS16 1JF,F,N,L,NUTHATCH GARDENS,,BRISTOL,2013,8,11.69525536
169995,22/11/2013,S70 4NL,D,Y,F,BLUEBELL BANK,,BARNSLEY,2013,11,12.04353019
163000,11/10/2013,CM20 3NN,T,N,F,LONG LEY,,HARLOW,2013,10,12.00151161
89650,27/09/2013,CF44 6LB,T,N,F,GLANRHYD STREET,CWMAMAN,ABERDARE,2013,9,11.40367963
450000,07/10/2013,NG12 5NU,D,N,F,THE LEYS,NORMANTON ON THE WOLDS,NOTTINGHAM,2013,10,13.01700508
95000,08/11/2013,S13 9WN,S,N,L,RODMAN DRIVE,,SHEFFIELD,2013,11,11.4616427
330000,06/09/2013,DA15 8RB,S,N,F,RAEBURN ROAD,,SIDCUP,2013,9,12.70685096
269000,08/11/2013,RH15 0GE,T,N,F,CURF WAY,,BURGESS HILL,2013,11,12.50247038
106000,17/05/2013,LA9 6HA,S,N,F,BROAD ING CRESCENT,,KENDAL,2013,5,11.57120381
261000,25/10/2013,B47 6EP,T,N,F,ANN ROAD,WYTHALL,BIRMINGHAM,2013,10,12.47227952
183000,08/07/2013,NR4 7JE,S,N,F,DE HAGUE ROAD,,NORWICH,2013,7,12.1172469
480000,06/09/2013,CM14 5NJ,D,N,F,NAGS HEAD LANE,,BRENTWOOD,2013,9,13.08154347
530000,23/08/2013,SE10 0DG,T,N,F,CALVERT ROAD,,LONDON,2013,8,13.18063417
81000,12/04/2013,BL3 1DX,S,N,L,MELROSE ROAD,LITTLE LEVER,BOLTON,2013,4,11.30221678
124995,21/08/2013,CW1 3DQ,T,N,F,BATEMAN CLOSE,,CREWE,2013,8,11.73603702
635000,14/02/2013,CR8 2HJ,D,N,F,HIGHER DRIVE,,PURLEY,2013,2,13.36138185
455000,12/07/2013,LA11 6BF,D,Y,F,PENGARTH,,GRANGE-OVER-SANDS,2013,7,13.0280549
250000,20/12/2013,NG10 3GN,D,N,F,MIKADO ROAD,LONG EATON,NOTTINGHAM,2013,12,12.4292202
92000,26/04/2013,BD9 4RQ,T,N,F,VICTOR TERRACE,,BRADFORD,2013,4,11.42955473
140000,01/02/2013,NG20 0RX,D,N,F,RECTORY ROAD,CHURCH WARSOP,MANSFIELD,2013,2,11.84940484
115000,29/11/2013,OL2 6AQ,S,N,L,ANGELA AVENUE,ROYTON,OLDHAM,2013,11,11.6526961
92700,28/03/2013,B64 7HG,S,N,F,BARRS ROAD,,CRADLEY HEATH,2013,3,11.43713454
184000,26/06/2013,DA1 4FQ,F,Y,L,ALCOCK CRESCENT,CRAYFORD,DARTFORD,2013,6,12.12269647
147000,14/11/2013,BH12 1QB,T,N,F,COOKE ROAD,BRANKSOME,POOLE,2013,11,11.89819467
205000,14/11/2013,SN3 3RE,S,N,F,PURBECK CLOSE,,SWINDON,2013,11,12.23077014
708506,12/08/2013,MK18 3AL,S,N,F,HORN STREET,WINSLOW,BUCKINGHAM,2013,8,13.47091522
310000,16/08/2013,BN26 6FF,D,Y,F,POPPY CLOSE,,POLEGATE,2013,8,12.6443308
365000,08/02/2013,ME18 5DQ,D,N,F,LENEY ROAD,WATERINGBURY,MAIDSTONE,2013,2,12.80765537
226500,19/07/2013,SO53 1PZ,T,N,F,NORBURY CLOSE,CHANDLER'S FORD,EASTLEIGH,2013,7,12.33050464
312500,18/10/2013,WA3 4LR,D,N,F,LANGCLIFFE CLOSE,CULCHETH,WARRINGTON,2013,10,12.65236295
218000,31/05/2013,CF64 1SE,T,N,F,LLWYN PASSAT,,PENARTH,2013,5,12.29225493
143000,28/06/2013,TQ12 1PW,T,N,F,WOODLEIGH ROAD,,NEWTON ABBOT,2013,6,11.8706069
135000,27/11/2013,S60 5UD,S,N,F,OLIVERS WAY,CATCLIFFE,ROTHERHAM,2013,11,11.81303746
240000,10/07/2013,SM4 6BW,T,N,F,BISHOPSFORD ROAD,,MORDEN,2013,7,12.38839837
1000000,30/08/2013,MK5 8EB,D,N,F,WHITWORTH LANE,LOUGHTON,MILTON KEYNES,2013,8,13.81551156
230000,18/04/2013,PO30 4LT,D,N,F,NEW ROAD,PORCHFIELD,NEWPORT,2013,4,12.34583894
150000,19/12/2013,IP12 1QU,S,N,F,RIVERVIEW,MELTON,WOODBRIDGE,2013,12,11.91839724
170000,02/12/2013,LU4 8QU,S,N,F,ATHERSTONE ROAD,,LUTON,2013,12,12.0435596
143200,04/01/2013,ME15 6GX,F,N,L,CORNHILL PLACE,,MAIDSTONE,2013,1,11.87200452
132500,27/03/2013,DE21 7NE,S,N,F,STATION ROAD,SPONDON,DERBY,2013,3,11.79434547
175000,07/06/2013,GU35 8PD,S,N,F,FARTHING FIELDS,HEADLEY,BORDON,2013,6,12.07254697
267500,15/05/2013,PO19 8SH,S,N,F,BELGRAVE CRESCENT,,CHICHESTER,2013,5,12.49687858
315000,12/11/2013,KT9 1PF,S,N,F,HOOK ROAD,,CHESSINGTON,2013,11,12.66033109
249995,06/11/2013,BS32 8DW,D,N,F,THE BLUEBELLS,BRADLEY STOKE,BRISTOL,2013,11,12.4292002
329000,28/08/2013,SO41 8HH,D,N,F,LODGE ROAD,PENNINGTON,LYMINGTON,2013,8,12.70381607
735000,04/12/2013,RG8 7AP,D,N,F,ST JAMES CLOSE,PANGBOURNE,READING,2013,12,13.50762714
490000,05/06/2013,CR8 3AW,D,N,F,PURLEY RISE,,PURLEY,2013,6,13.10216271
169995,31/05/2013,ST16 3WG,T,Y,F,SHIELDING WAY,,STAFFORD,2013,5,12.04353019
665000,09/08/2013,RG9 1RB,D,N,F,NICHOLAS ROAD,,HENLEY-ON-THAMES,2013,8,13.40754382
83000,09/12/2013,WS11 4QB,S,N,F,BEVAN LEE ROAD,,CANNOCK,2013,12,11.32660793
112000,26/07/2013,PL26 8UA,S,N,F,PENTREVAH ROAD,PENWITHICK,ST AUSTELL,2013,7,11.62626308
163000,07/11/2013,YO22 5AA,S,N,F,COACH ROAD,SLEIGHTS,WHITBY,2013,11,12.00151161
225000,16/09/2013,GU14 9PU,S,N,F,BROOMHILL ROAD,COVE,FARNBOROUGH,2013,9,12.32386013
250000,07/01/2013,SW9 9NS,F,N,L,LANDOR ROAD,,LONDON,2013,1,12.4292202
73000,17/07/2013,CA15 8QT,T,N,F,MASON TERRACE,FLIMBY,MARYPORT,2013,7,11.19822842
125000,03/09/2013,M21 7WH,F,N,L,MAITLAND AVENUE,,MANCHESTER,2013,9,11.73607702
145000,20/08/2013,NR26 8NY,S,N,F,LABURNUM GROVE,,SHERINGHAM,2013,8,11.88449592
150000,18/04/2013,RM8 1TT,T,N,F,CLARIDGE ROAD,,DAGENHAM,2013,4,11.91839724
284000,10/07/2013,BH25 5GX,D,N,F,DANESBURY MEADOWS,,NEW MILTON,2013,7,12.55673304
142000,02/12/2013,PO3 6JB,T,N,F,CHASEWATER AVENUE,,PORTSMOUTH,2013,12,11.86358938
195000,27/06/2013,CF64 3QU,S,N,F,BYRD CRESCENT,,PENARTH,2013,6,12.18075997
135000,17/05/2013,CW1 5JQ,S,N,F,KIPLING WAY,,CREWE,2013,5,11.81303746
132000,22/11/2013,PE7 8DN,T,N,F,BEAUMONT WAY,HAMPTON HARGATE,PETERBOROUGH,2013,11,11.79056478
700000,24/05/2013,HA7 4PZ,D,N,F,JULIUS CAESAR WAY,,STANMORE,2013,5,13.45883704
165000,25/10/2013,WF3 1FG,S,Y,F,BALMORAL COURT,TINGLEY,WAKEFIELD,2013,10,12.01370681
135000,06/12/2013,TN29 9SH,S,N,F,THE LIMES,OLD ROMNEY,ROMNEY MARSH,2013,12,11.81303746
349000,26/03/2013,BH25 5GN,D,N,F,DOE COPSE WAY,,NEW MILTON,2013,3,12.76283007
352500,20/05/2013,GU10 4RG,S,N,F,UPPER BOURNE LANE,WRECCLESHAM,FARNHAM,2013,5,12.77280874
185995,20/12/2013,TQ12 1SD,T,Y,F,LARKSPUR DRIVE,,NEWTON ABBOT,2013,12,12.13348045
165000,15/02/2013,M28 7AJ,T,N,L,HAWFINCH GROVE,WORSLEY,MANCHESTER,2013,2,12.01370681
201000,31/05/2013,CO12 3LU,S,N,F,MAIN ROAD,,HARWICH,2013,5,12.21106516
840000,26/02/2013,NW6 3DB,F,N,L,COMPAYNE GARDENS,,LONDON,2013,2,13.64115836
110000,01/03/2013,NN16 9PD,T,N,F,PRIMROSE CLOSE,,KETTERING,2013,3,11.60824474
150000,06/12/2013,PE38 9TB,D,N,F,RICHMOND ROAD,,DOWNHAM MARKET,2013,12,11.91839724
310000,19/07/2013,E3 2GY,F,N,L,ROACH ROAD,,LONDON,2013,7,12.6443308
247000,01/11/2013,EX8 1DR,T,N,F,VICTORIA ROAD,,EXMOUTH,2013,11,12.41714766
145000,05/12/2013,BH16 6DN,F,N,L,HANNAMS CLOSE,LYTCHETT MATRAVERS,POOLE,2013,12,11.88449592
480000,04/01/2013,W12 9RA,T,N,F,UXBRIDGE ROAD,,LONDON,2013,1,13.08154347
123000,29/11/2013,DT11 7NB,T,N,F,NEWMAN CLOSE,,BLANDFORD FORUM,2013,11,11.71994776
125000,19/04/2013,NP16 5NB,D,N,F,NORMANDY WAY,,CHEPSTOW,2013,4,11.73607702
82000,12/02/2013,FY8 2SU,F,N,L,CLIFTON DRIVE NORTH,,LYTHAM ST ANNES,2013,2,11.31448672
475000,11/12/2013,PO33 4LE,D,N,F,KITE HILL,WOOTTON BRIDGE,RYDE,2013,12,13.07107219
265000,28/02/2013,CO10 8JJ,D,N,F,ASHEN HILL,ASHEN,SUDBURY,2013,2,12.48748888
690000,13/12/2013,TW16 5PW,D,N,F,RIVERSIDE,,SUNBURY-ON-THAMES,2013,12,13.44444833
155000,29/05/2013,YO31 9BR,S,N,F,HUNTINGTON ROAD,,YORK,2013,5,11.95118685
390000,11/02/2013,HX7 8PU,D,N,F,DAISY BANK,,HEBDEN BRIDGE,2013,2,12.87390458
55000,13/09/2013,CV6 6JL,T,N,L,DALWOOD WAY,,COVENTRY,2013,9,10.91510665
165000,15/11/2013,SN16 0QJ,S,N,F,PARKLANDS,,MALMESBURY,2013,11,12.01370681
249950,17/05/2013,ST10 1PB,D,N,F,THE TERRACE,CHEADLE,STOKE-ON-TRENT,2013,5,12.42902018
820000,02/12/2013,SL5 9SQ,T,Y,F,SUMMERWOOD,SUNNINGDALE,ASCOT,2013,12,13.61706084
435000,02/07/2013,EC1V 8AZ,F,N,L,CENTRAL STREET,,LONDON,2013,7,12.98310361
67500,23/08/2013,ST3 2EA,S,N,F,LUNDY ROAD,,STOKE-ON-TRENT,2013,8,11.11989769
59000,18/10/2013,CF46 6SB,T,N,F,BEDLINOG TERRACE,BEDLINOG,TREHARRIS,2013,10,10.98530967
290000,25/10/2013,NN14 1SY,D,N,F,STONEYFIELD,MAWSLEY,KETTERING,2013,10,12.57763965
388000,05/07/2013,NW1 9AX,F,N,L,CAMDEN PARK ROAD,,LONDON,2013,7,12.8687632
180000,26/03/2013,CT6 6SF,S,N,F,OSBORNE GARDENS,,HERNE BAY,2013,3,12.10071769
270000,20/06/2013,W3 7LH,F,N,L,LARCH AVENUE,,LONDON,2013,6,12.50618094
335000,29/05/2013,TN38 0SR,D,N,F,LIME CLOSE,,ST LEONARDS-ON-SEA,2013,5,12.7218888
182000,29/08/2013,CA16 6HU,S,N,F,RIVINGTON PARK,,APPLEBY-IN-WESTMORLAND,2013,8,12.11176746
82000,02/04/2013,PE3 6AU,T,N,F,PERCIVAL STREET,,PETERBOROUGH,2013,4,11.31448672
123000,09/08/2013,PE25 2QG,S,N,F,MORRIS GARDENS,,SKEGNESS,2013,8,11.71994776
180000,03/06/2013,WA8 9FY,D,N,F,GILTBROOK CLOSE,,WIDNES,2013,6,12.10071769
161500,02/08/2013,BH22 8HF,F,N,L,FERNLEA AVENUE,,FERNDOWN,2013,8,11.99226661
138000,03/05/2013,TA2 8QG,T,N,F,STANDFAST PLACE,,TAUNTON,2013,5,11.83501621
587999,07/11/2013,BS27 3UJ,S,N,F,,RODNEY STOKE,CHEDDAR,2013,11,13.28448223
555000,21/10/2013,NW2 1QT,S,N,F,COTSWOLD GARDENS,,LONDON,2013,10,13.22672519
170000,10/05/2013,YO41 1HA,D,N,F,BRIDLINGTON ROAD,STAMFORD BRIDGE,YORK,2013,5,12.0435596
385000,15/11/2013,TW10 6SD,F,Y,L,WAKEFIELD ROAD,,RICHMOND,2013,11,12.86100121
292500,04/10/2013,SO16 8DW,D,N,F,BOSSINGTON CLOSE,ROWNHAMS,SOUTHAMPTON,2013,10,12.58622336
149500,18/12/2013,HD9 5AJ,T,Y,F,ACORN DRIVE,MELTHAM,HOLMFIRTH,2013,12,11.91505836
605000,03/05/2013,SE11 5AY,F,N,L,HARLEYFORD ROAD,,LONDON,2013,5,13.31298539
1000000,11/12/2013,BS8 2HG,S,N,F,ST JOHNS ROAD,CLIFTON,BRISTOL,2013,12,13.81551156
317500,15/01/2013,IG3 9BH,T,N,F,MEADWAY,,ILFORD,2013,1,12.66823625
225000,20/09/2013,BA14 8SG,D,N,F,ST THOMAS ROAD,,TROWBRIDGE,2013,9,12.32386013
160000,25/10/2013,ME3 9QW,S,N,F,AVERY WAY,ALLHALLOWS,ROCHESTER,2013,10,11.98293534
147000,24/06/2013,M28 1FY,S,N,F,HILTON CRESCENT,WORSLEY,MANCHESTER,2013,6,11.89819467
106000,20/12/2013,TF3 5FB,F,Y,L,POYNER COURT,,TELFORD,2013,12,11.57120381
150000,26/04/2013,DN21 2JD,S,N,F,NORTHOLME,,GAINSBOROUGH,2013,4,11.91839724
155000,24/05/2013,CW5 6HR,S,N,F,BIRCHWOOD DRIVE,,NANTWICH,2013,5,11.95118685
215000,12/03/2013,PL28 8DU,T,N,F,SARAHS VIEW,,PADSTOW,2013,3,12.27839796
246000,02/12/2013,AL7 1QW,T,N,F,DANIELLS,,WELWYN GARDEN CITY,2013,12,12.41309088
139000,22/05/2013,S8 7BH,F,N,L,BOCKING LANE,,SHEFFIELD,2013,5,11.84223641
160000,31/10/2013,EX39 3HW,D,N,F,OAKLANDS,,BIDEFORD,2013,10,11.98293534
420000,28/03/2013,DA6 7AP,D,N,F,OAKLANDS CLOSE,,BEXLEYHEATH,2013,3,12.94801237
172000,28/03/2013,B45 9SY,S,N,F,SEGBOURNE ROAD,RUBERY,BIRMINGHAM,2013,3,12.05525557
358500,21/11/2013,BS23 4JQ,D,N,F,BREAN DOWN AVENUE,,WESTON-SUPER-MARE,2013,11,12.78968673
192000,18/12/2013,GL5 3JH,D,N,F,FROME HALL LANE,,STROUD,2013,12,12.16525586
70000,08/11/2013,NP4 6PW,T,N,F,PLEASANT VIEW,PONTNEWYNYDD,PONTYPOOL,2013,11,11.15626481
193000,26/07/2013,NG16 5BU,S,N,F,BROAD LANE,BRINSLEY,NOTTINGHAM,2013,7,12.17045065
244000,26/04/2013,B16 9TA,S,N,F,STANMORE ROAD,,BIRMINGHAM,2013,4,12.4049276
150000,24/06/2013,NE5 4PJ,S,N,F,WESTGARTH,NEWBIGGIN HALL,NEWCASTLE UPON TYNE,2013,6,11.91839724
215000,01/11/2013,PR6 9JQ,D,N,L,WATERFORD CLOSE,HEATH CHARNOCK,CHORLEY,2013,11,12.27839796
192000,11/01/2013,SG18 8LH,T,N,F,DELLS LANE,,BIGGLESWADE,2013,1,12.16525586
155000,27/09/2013,PO12 1GH,F,N,L,SALT MEAT LANE,,GOSPORT,2013,9,11.95118685
100000,11/10/2013,DE14 2EX,S,N,F,THE GRANGE,,BURTON-ON-TRENT,2013,10,11.51293546
125000,22/11/2013,M21 7DA,F,N,L,NELL LANE,,MANCHESTER,2013,11,11.73607702
90000,05/12/2013,WN5 9ES,S,N,F,LINLEY ROAD,,WIGAN,2013,12,11.40757606
245000,28/02/2013,RG12 9JL,S,N,F,SEGSBURY GROVE,,BRACKNELL,2013,2,12.40901757
120000,15/08/2013,LN2 4UL,S,N,F,WINSTER CLOSE,,LINCOLN,2013,8,11.69525536
265000,26/11/2013,GU14 9JG,S,N,F,LAKESIDE GARDENS,,FARNBOROUGH,2013,11,12.48748888
222000,17/10/2013,CO3 9EJ,S,N,F,DUGARD AVENUE,,COLCHESTER,2013,10,12.31043717
630000,17/09/2013,CM15 0LS,D,N,F,OUTINGS LANE,DODDINGHURST,BRENTWOOD,2013,9,13.35347669
50000,06/06/2013,NP44 4QZ,T,N,F,FAIRHILL WALK,FAIRWATER,CWMBRAN,2013,6,10.81979828
137000,20/11/2013,EX13 5JA,S,N,F,KIRBY CLOSE,,AXMINSTER,2013,11,11.8277435
285000,15/02/2013,TR15 3YX,D,N,F,HIGHER TREGAJORRAN,CARN BREA,REDRUTH,2013,2,12.56024797
320000,14/05/2013,BN17 5DA,T,N,F,MARINERS QUAY,,LITTLEHAMPTON,2013,5,12.6760794
600000,18/10/2013,SE10 9FP,F,Y,L,DREADNOUGHT WALK,,LONDON,2013,10,13.3046866
250000,23/08/2013,SL7 3BW,F,N,L,DEAN STREET,,MARLOW,2013,8,12.4292202
290000,08/04/2013,SM4 5QN,T,N,F,HARTLAND WAY,,MORDEN,2013,4,12.57763965
65000,26/07/2013,ST6 2NS,S,N,F,SNEYD STREET,,STOKE-ON-TRENT,2013,7,11.08215793
134720,25/10/2013,BS21 7QJ,F,N,L,ALEXANDRA ROAD,,CLEVEDON,2013,10,11.81096125
151000,13/12/2013,CH62 7HJ,S,N,F,ALLPORT LANE,,WIRRAL,2013,12,11.92504174
288000,20/06/2013,SE13 7GG,F,N,L,CORNMILL LANE,,LONDON,2013,6,12.57071923
248500,14/08/2013,EX2 5RL,S,N,L,GRAINGER CLOSE,,EXETER,2013,8,12.42320215
179950,02/07/2013,CB6 2SS,S,N,F,CANNON STREET,LITTLE DOWNHAM,ELY,2013,7,12.10043987
380000,08/04/2013,E17 8QD,T,N,F,BELGRAVE ROAD,WALTHAMSTOW,LONDON,2013,4,12.84792916
108000,25/11/2013,S10 1RA,T,N,L,NETHERFIELD ROAD,,SHEFFIELD,2013,11,11.58989577
580000,04/06/2013,SM5 4PP,D,N,F,DALMENY ROAD,,CARSHALTON,2013,6,13.27078511
110000,18/10/2013,LN5 7XZ,T,N,F,BOULTHAM AVENUE,,LINCOLN,2013,10,11.60824474
390000,03/05/2013,SW17 9TW,T,N,F,SOUTHCROFT ROAD,,LONDON,2013,5,12.87390458
210000,16/08/2013,N3 2DF,F,N,L,PRINCES AVENUE,,LONDON,2013,8,12.25486757
102000,01/02/2013,PR2 8AQ,T,N,F,FENTON ROAD,FULWOOD,PRESTON,2013,2,11.5327379
162500,29/11/2013,TS12 1GA,F,N,L,ZETLAND COURT,,SALTBURN-BY-THE-SEA,2013,11,11.99843943
360000,12/07/2013,IP28 7JU,D,N,F,WAMIL WAY,MILDENHALL,BURY ST EDMUNDS,2013,7,12.79386209
44600,26/06/2013,WN7 1RJ,T,N,L,GLEBE STREET,,LEIGH,2013,6,10.70551156
202500,23/09/2013,PO7 7BJ,S,N,F,GLOUCESTER ROAD,,WATERLOOVILLE,2013,9,12.2185001
207500,21/06/2013,TW15 2PQ,F,Y,L,ELMCROFT DRIVE,,ASHFORD,2013,6,12.24289144
250000,24/06/2013,CV3 6NL,S,N,F,LONSCALE DRIVE,,COVENTRY,2013,6,12.4292202
160000,08/02/2013,SK7 5PF,S,N,F,LONGMEAD AVENUE,HAZEL GROVE,STOCKPORT,2013,2,11.98293534
114400,20/09/2013,OL16 2AH,T,Y,L,THE PASS,,ROCHDALE,2013,9,11.6474651
210500,18/11/2013,ME4 3NX,S,N,F,REDSHANK ROAD,ST MARYS ISLAND,CHATHAM,2013,11,12.25724568
242500,05/07/2013,E17 7QP,F,N,L,PRIORY AVENUE,,LONDON,2013,7,12.39876111
50000,22/05/2013,IP30 0QF,S,N,F,GEDDING CORNER,GEDDING,BURY ST EDMUNDS,2013,5,10.81979828
79995,18/06/2013,WA5 3TF,F,Y,L,LOUISIANA DRIVE,GREAT SANKEY,WARRINGTON,2013,6,11.28973191
45000,26/04/2013,S71 4PZ,S,N,F,FILEY AVENUE,ROYSTON,BARNSLEY,2013,4,10.71443999
360000,15/11/2013,PL15 9NX,D,N,F,,REZARE,LAUNCESTON,2013,11,12.79386209
177500,20/05/2013,YO24 4AD,T,Y,F,HOLLY BANK CLOSE,,YORK,2013,5,12.08673152
55000,01/03/2013,WS15 4BL,T,N,F,MILLMOOR AVENUE,,RUGELEY,2013,3,10.91510665
174995,28/03/2013,IP28 8WU,T,Y,F,WINTERGREEN ROAD,RED LODGE,BURY ST EDMUNDS,2013,3,12.0725184
247945,26/04/2013,SW16 5HA,T,N,F,HASSOCKS ROAD,,LONDON,2013,4,12.42096626
223000,20/12/2013,BH11 9PT,D,N,F,SHAPLAND AVENUE,,BOURNEMOUTH,2013,12,12.31493153
225000,11/07/2013,PL3 4PZ,T,N,F,SHORT PARK ROAD,,PLYMOUTH,2013,7,12.32386013
335000,12/07/2013,RH7 6BJ,S,N,F,NEWCHAPEL ROAD,,LINGFIELD,2013,7,12.7218888
133000,12/03/2013,EX12 2XN,F,N,L,HARBOUR ROAD,,SEATON,2013,3,11.79811193
190000,06/12/2013,KT12 3FE,F,Y,L,AMBLESIDE AVENUE,,WALTON-ON-THAMES,2013,12,12.15478461
142400,05/02/2013,SE9 3QG,F,N,L,COLYER CLOSE,,LONDON,2013,2,11.8664023
59500,06/11/2013,OL8 2DQ,T,N,L,ABBEYHILLS ROAD,,OLDHAM,2013,11,10.9937484
173000,16/08/2013,ME1 2JH,T,N,F,BRETON ROAD,,ROCHESTER,2013,8,12.06105265
149250,06/09/2013,M32 0GB,S,N,L,AVONDALE ROAD,STRETFORD,MANCHESTER,2013,9,11.91338473
50000,18/01/2013,S20 7HE,F,N,L,RASEBY AVENUE,WATERTHORPE,SHEFFIELD,2013,1,10.81979828
225000,01/02/2013,N8 0DB,F,N,L,CLARENDON ROAD,HORNSEY,LONDON,2013,2,12.32386013
66000,08/02/2013,NE6 2ST,S,N,F,CLAPHAM AVENUE,,NEWCASTLE UPON TYNE,2013,2,11.09742517
141000,29/11/2013,SE28 8ER,T,N,F,SORREL CLOSE,,LONDON,2013,11,11.85652226
153000,04/09/2013,SL2 2LS,F,N,L,LOVEGROVE DRIVE,,SLOUGH,2013,9,11.93819974
178000,07/06/2013,CM1 2UZ,F,N,L,CEDAR AVENUE,,CHELMSFORD,2013,6,12.08954445
495000,20/12/2013,SW4 6DN,F,N,L,LITTLEBURY ROAD,,LONDON,2013,12,13.11231506
171000,21/11/2013,B46 1EP,S,N,F,ENNERSDALE ROAD,COLESHILL,BIRMINGHAM,2013,11,12.04942468
216500,27/09/2013,LE19 3YA,D,N,F,MARIGOLD WAY,NARBOROUGH,LEICESTER,2013,9,12.28535045
76000,09/08/2013,NR31 6LF,T,N,F,JOHN ROAD,GORLESTON,GREAT YARMOUTH,2013,8,11.23850178
110000,17/12/2013,PO36 0DZ,F,N,L,STATION GARDENS,BRADING,SANDOWN,2013,12,11.60824474
85000,09/12/2013,PE25 3RA,S,N,F,BEVERLEY GROVE,,SKEGNESS,2013,12,11.3504183
149000,28/08/2013,EX32 7HG,S,N,F,LETHABY ROAD,,BARNSTAPLE,2013,8,11.9117083
125000,29/07/2013,PE13 1LJ,D,N,F,MAGAZINE LANE,,WISBECH,2013,7,11.73607702
155000,19/12/2013,YO26 4UW,T,N,F,POPPLETON ROAD,,YORK,2013,12,11.95118685
120000,31/10/2013,TQ12 3TE,T,N,F,FURZE CAP,KINGSTEIGNTON,NEWTON ABBOT,2013,10,11.69525536
74950,25/01/2013,CT9 2PU,F,N,L,CRAWFORD GARDENS,,MARGATE,2013,1,11.22458985
90000,24/04/2013,CF62 7EY,S,N,F,ISLAND ROAD,,BARRY,2013,4,11.40757606
2000000,04/09/2013,TN15 9AY,D,N,F,COMMON ROAD,IGHTHAM,SEVENOAKS,2013,9,14.50865824
154000,30/09/2013,BS16 1UF,T,N,F,WHINCHAT GARDENS,,BRISTOL,2013,9,11.94471437
278000,06/12/2013,MK19 6GF,D,N,F,HONEY HILL DRIVE,DEANSHANGER,MILTON KEYNES,2013,12,12.53537999
399950,27/09/2013,SW8 3PE,T,N,L,INGELOW ROAD,,LONDON,2013,9,12.89909732
77000,09/10/2013,CA1 3QW,T,N,F,PENNINE WAY,,CARLISLE,2013,10,11.25157369
275716,22/02/2013,CV4 9WR,D,Y,F,AUBURNDALE AVENUE,,COVENTRY,2013,2,12.52713026
72500,10/12/2013,DE7 8PA,S,N,F,NELSON STREET,,ILKESTON,2013,12,11.19135563
165000,22/08/2013,MK42 0TY,S,N,F,STIRLING ROAD,SHORTSTOWN,BEDFORD,2013,8,12.01370681
1860000,25/01/2013,GU10 1JL,S,N,F,LITTLEWORTH ROAD,SEALE,FARNHAM,2013,1,14.43608758
176000,24/05/2013,YO26 5QZ,S,N,F,ALBION AVENUE,,YORK,2013,5,12.07824496
282000,12/08/2013,NE61 3QZ,D,N,F,GHYLL EDGE,LANCASTER PARK,MORPETH,2013,8,12.5496659
212500,22/02/2013,CM6 2AN,S,N,F,ST EDMUNDS FIELDS,,DUNMOW,2013,2,12.26670197
185000,23/09/2013,PE12 0PP,S,N,F,LONG LANE,GEDNEY HILL,SPALDING,2013,9,12.12811651
320000,15/11/2013,DA15 8EU,S,N,F,WYNCHAM AVENUE,,SIDCUP,2013,11,12.6760794
950000,18/11/2013,NR11 6HE,D,N,F,CROMER ROAD,AYLSHAM,NORWICH,2013,11,13.76421832
186000,20/12/2013,ST16 3LT,T,N,F,CORPORATION STREET,,STAFFORD,2013,12,12.13350733
215000,05/04/2013,NW9 5PZ,F,Y,L,TANNER CLOSE,,LONDON,2013,4,12.27839796
250000,16/12/2013,DE4 2GJ,S,N,F,GREEN LANE,DARLEY DALE,MATLOCK,2013,12,12.4292202
265000,08/04/2013,OX14 3UL,D,N,F,CURTIS AVENUE,,ABINGDON,2013,4,12.48748888
125000,02/08/2013,LE8 6NR,S,N,F,EARL SMITH CLOSE,WHETSTONE,LEICESTER,2013,8,11.73607702
297000,01/11/2013,TR16 5SB,D,Y,F,CARNMARTH,CARHARRACK,REDRUTH,2013,11,12.60149078
92500,18/06/2013,HX5 9BG,T,N,F,DEWSBURY ROAD,,ELLAND,2013,6,11.43497473
25900,09/04/2013,DN40 1AN,T,N,F,KINGS ROAD,,IMMINGHAM,2013,4,10.16203686
21500,05/12/2013,DN32 7ND,T,N,F,RUTLAND STREET,,GRIMSBY,2013,12,9.975854725
235000,04/09/2013,CO4 0LD,D,N,F,ANTHONY CLOSE,,COLCHESTER,2013,9,12.36734505
85000,19/07/2013,DH8 6JY,T,N,F,BRADLEY COTTAGES,,CONSETT,2013,7,11.3504183
120000,16/08/2013,M16 0NN,S,N,F,LIME GROVE,,MANCHESTER,2013,8,11.69525536
1835000,03/12/2013,KT13 9EF,D,N,F,WOODLAND GROVE,,WEYBRIDGE,2013,12,14.42255558
97500,17/05/2013,NG31 7LL,S,N,F,SHORWELL CLOSE,,GRANTHAM,2013,5,11.48761791
145000,17/07/2013,B62 9RL,T,N,F,MERRIVALE ROAD,,HALESOWEN,2013,7,11.88449592
240000,12/04/2013,SW16 4UW,F,N,L,BEATRICE AVENUE,,LONDON,2013,4,12.38839837
270000,05/04/2013,BR7 6DG,T,N,F,WHITE HORSE HILL,,CHISLEHURST,2013,4,12.50618094
245000,18/11/2013,SE13 6US,F,N,L,HIGHFIELD CLOSE,HITHER GREEN,LONDON,2013,11,12.40901757
460000,18/06/2013,DE13 0AA,D,N,F,FIELD LANE,,BURTON-ON-TRENT,2013,6,13.03898394
110500,22/02/2013,CV12 0LS,S,N,F,ASTLEY LANE,,BEDWORTH,2013,2,11.61277985
415000,30/09/2013,RG40 4PG,D,N,F,OREGON WALK,FINCHAMPSTEAD,WOKINGHAM,2013,9,12.93603621
129000,28/03/2013,GL2 5GJ,T,Y,F,MAINSAIL LANE,HEMPSTED,GLOUCESTER,2013,3,11.76757544
80000,25/11/2013,M5 4SS,F,Y,L,DERWENT STREET,,SALFORD,2013,11,11.28979441
315000,05/12/2013,B43 6BB,D,N,F,BOSCOBEL ROAD,,BIRMINGHAM,2013,12,12.66033109
234995,20/12/2013,NN5 4AT,S,Y,F,BETONY CLOSE,DUSTON,NORTHAMPTON,2013,12,12.36732377
44000,25/11/2013,OL7 0AH,T,N,F,HARDWICK STREET,,ASHTON-UNDER-LYNE,2013,11,10.69196764
190000,12/08/2013,EX8 3JG,S,N,F,SEYMOUR ROAD,,EXMOUTH,2013,8,12.15478461
335000,26/02/2013,PE9 2FJ,T,Y,F,ANSERES PLACE,,STAMFORD,2013,2,12.7218888
250000,01/03/2013,PO22 9PR,D,N,F,BERSTED STREET,,BOGNOR REGIS,2013,3,12.4292202
81000,14/11/2013,M43 6RW,S,N,F,MASEFIELD CRESCENT,DROYLSDEN,MANCHESTER,2013,11,11.30221678
1900000,06/09/2013,W1H 6LJ,F,N,L,PORTMAN SQUARE,,LONDON,2013,9,14.45736497
190000,14/06/2013,PE28 3QY,D,N,F,GREENFIELDS,EARITH,HUNTINGDON,2013,6,12.15478461
270000,09/10/2013,OX10 9GR,F,Y,L,BASILDON COURT,CHOLSEY,WALLINGFORD,2013,10,12.50618094
97500,26/07/2013,SK5 7QR,T,N,F,NORWAY GROVE,,STOCKPORT,2013,7,11.48761791
475000,29/11/2013,GU16 6JG,D,N,F,HAMESMOOR WAY,MYTCHETT,CAMBERLEY,2013,11,13.07107219
187000,22/10/2013,NR10 4DR,D,N,F,TAVERHAM ROAD,FELTHORPE,NORWICH,2013,10,12.13886924
139000,14/08/2013,SO16 9ER,S,N,F,EVENLODE ROAD,,SOUTHAMPTON,2013,8,11.84223641
200000,25/07/2013,BS7 9HL,T,N,F,ORCHARD ROAD,BISHOPSTON,BRISTOL,2013,7,12.20607765
137500,24/06/2013,PE6 0JS,S,N,F,JUBILEE WAY,CROWLAND,PETERBOROUGH,2013,6,11.83138647
162500,05/11/2013,L15 9HF,T,N,F,BEVERLEY ROAD,WAVERTREE,LIVERPOOL,2013,11,11.99843943
75000,29/11/2013,TS13 4DT,S,N,F,CLIFFE AVENUE,CARLIN HOW,SALTBURN-BY-THE-SEA,2013,11,11.22525673
184000,29/11/2013,TQ2 5SQ,T,N,F,CHURCH STREET,,TORQUAY,2013,11,12.12269647
350000,01/07/2013,DA3 7AR,S,N,F,MONKREED VILLAS,,LONGFIELD,2013,7,12.76569129
107000,04/11/2013,DY8 5SA,T,N,F,TRINITY CLOSE,,STOURBRIDGE,2013,11,11.58059346
190000,31/10/2013,PL12 6ED,D,N,F,CALLINGTON ROAD,,SALTASH,2013,10,12.15478461
164000,21/01/2013,EX10 0HD,T,N,F,CAPPER CLOSE,NEWTON POPPLEFORD,SIDMOUTH,2013,1,12.0076278
165000,05/11/2013,HD6 3QF,S,N,F,SAGE GROVE,,BRIGHOUSE,2013,11,12.01370681
162750,14/06/2013,SK10 3FS,F,Y,L,VICTORIA ROAD,,MACCLESFIELD,2013,6,11.9999767
500000,07/03/2013,OX18 4DU,D,N,F,,WIDFORD,BURFORD,2013,3,13.12236538
85000,22/01/2013,FY5 2QD,T,N,F,NORTH DRIVE,,THORNTON-CLEVELEYS,2013,1,11.3504183
125000,20/09/2013,S6 2XB,T,N,F,FREEDOM ROAD,,SHEFFIELD,2013,9,11.73607702
209950,16/08/2013,BH16 5PD,S,N,F,BEACON PARK ROAD,UPTON,POOLE,2013,8,12.25462945
151500,22/11/2013,CB11 3GA,F,N,L,RADWINTER ROAD,,SAFFRON WALDEN,2013,11,11.9283475
1500000,11/07/2013,W2 4AB,T,N,F,HEREFORD ROAD,,LONDON,2013,7,14.22097633
210000,03/05/2013,ME20 7LX,S,N,F,ORCHARD AVENUE,,AYLESFORD,2013,5,12.25486757
124000,10/06/2013,BB1 9AZ,T,N,L,WHALLEY NEW ROAD,,BLACKBURN,2013,6,11.72804491
124999,20/11/2013,SK6 2LJ,T,N,F,GREENWOOD GARDENS,BREDBURY,STOCKPORT,2013,11,11.73606902
405000,31/07/2013,NN4 6NA,D,Y,F,SCHOLEY CLOSE,WOOTTON,NORTHAMPTON,2013,7,12.91164482
120000,13/09/2013,RG8 0QW,F,N,L,FOLLY ORCHARD ROAD,WOODCOTE,READING,2013,9,11.69525536
155000,30/08/2013,CO2 9JR,S,N,F,GOSBECKS ROAD,,COLCHESTER,2013,8,11.95118685
205000,18/10/2013,CF5 2EP,T,N,F,SPENCERS ROW,,CARDIFF,2013,10,12.23077014
295000,14/08/2013,SP2 8AX,D,N,F,MILTON ROAD,,SALISBURY,2013,8,12.59473403
327000,04/10/2013,HD7 4NE,D,N,F,SLADES ROAD,GOLCAR,HUDDERSFIELD,2013,10,12.69771851
143000,12/06/2013,ME2 3BZ,T,N,F,PROSPECT AVENUE,,ROCHESTER,2013,6,11.8706069
260000,12/07/2013,NR21 0NB,T,N,F,THE STREET,BARNEY,FAKENHAM,2013,7,12.46844076
167500,19/07/2013,NW10 0DS,F,N,L,BRAEMAR AVENUE,,LONDON,2013,7,12.0287446
156500,31/01/2013,TN35 5BU,T,N,F,VICTORIA AVENUE,,HASTINGS,2013,1,11.96081768
133000,21/10/2013,BS24 9EB,T,N,F,DUNSTER CRESCENT,,WESTON-SUPER-MARE,2013,10,11.79811193
785000,12/07/2013,N3 1AG,S,N,F,FINCHLEY WAY,,LONDON,2013,7,13.57344027
211950,28/08/2013,DA1 5SX,T,N,F,MELDON VIEW,,DARTFORD,2013,8,12.26411039
158000,18/10/2013,OX29 9XL,F,N,L,FOX CLOSE,HAILEY,WITNEY,2013,10,11.97035664
290000,09/08/2013,SL4 2NH,T,N,F,KINGSBURY DRIVE,OLD WINDSOR,WINDSOR,2013,8,12.57763965
185000,10/05/2013,CV3 5EW,S,N,F,MARY HERBERT STREET,CHEYLESMORE,COVENTRY,2013,5,12.12811651
185000,02/07/2013,SE17 1TB,F,N,L,CONGREVE STREET,,LONDON,2013,7,12.12811651
275000,11/01/2013,SW8 4PL,F,N,L,QUEENSTOWN ROAD,,LONDON,2013,1,12.52453001
260000,19/02/2013,E6 2BH,T,N,F,BURGES ROAD,,LONDON,2013,2,12.46844076
330000,02/04/2013,E8 4LD,F,N,L,LIVERMERE ROAD,,LONDON,2013,4,12.70685096
85000,16/08/2013,DL12 8UQ,S,N,F,THE OVAL,STAINTON GROVE,BARNARD CASTLE,2013,8,11.3504183
57500,14/06/2013,M14 7PP,T,N,F,YEW TREE ROAD,,MANCHESTER,2013,6,10.95955762
386000,23/07/2013,SW6 7EN,F,N,L,DAWES ROAD,,LONDON,2013,7,12.86359524
168000,16/04/2013,E14 6HE,F,N,L,SARACEN STREET,,LONDON,2013,4,12.03172521
76000,07/10/2013,TS5 6LL,S,N,F,YORK ROAD,,MIDDLESBROUGH,2013,10,11.23850178
150000,04/10/2013,GU35 0GZ,F,N,L,COMPTON PLACE,,BORDON,2013,10,11.91839724
117000,08/02/2013,DL1 4HS,S,N,F,GENEVA ROAD,,DARLINGTON,2013,2,11.66993776
120000,28/10/2013,NR3 3LS,T,N,F,MILLCROFT,,NORWICH,2013,10,11.69525536
78250,20/03/2013,DH2 1RN,T,N,F,THE OVAL,OUSTON,CHESTER LE STREET,2013,3,11.26767689
280000,05/07/2013,NR25 6EH,D,N,F,PEARSONS CLOSE,,HOLT,2013,7,12.54254845
169995,27/06/2013,CO16 8GB,D,Y,F,LEGERTON DRIVE,,CLACTON-ON-SEA,2013,6,12.04353019
117000,29/11/2013,ST3 6FA,T,Y,F,PIPERS VIEW,,STOKE-ON-TRENT,2013,11,11.66993776
140000,14/02/2013,SK8 2HY,S,N,F,COUNCILLOR LANE,,CHEADLE,2013,2,11.84940484
250000,06/03/2013,LL57 2AW,D,N,F,LLYS ADDA,,BANGOR,2013,3,12.4292202
220000,11/10/2013,CV11 6AS,S,N,F,HIGHAM LANE,,NUNEATON,2013,10,12.30138737
124500,19/12/2013,PE6 7QE,S,N,F,DECOY ROAD,BOROUGH FEN,PETERBOROUGH,2013,12,11.73206903
350000,04/10/2013,PO8 9GY,D,N,F,FARMERS WAY,,WATERLOOVILLE,2013,10,12.76569129
491000,16/12/2013,NW7 1LL,S,N,F,DEVONSHIRE ROAD,,LONDON,2013,12,13.10420144
333000,15/05/2013,BN22 7AE,T,N,F,ROYAL PARADE,,EASTBOURNE,2013,5,12.71590077
210000,15/02/2013,S36 7JD,D,N,F,CHAPPELL ROAD,HOYLANDSWAINE,SHEFFIELD,2013,2,12.25486757
185000,05/07/2013,WS6 6HJ,D,N,F,GORSEY LANE,GREAT WYRLEY,WALSALL,2013,7,12.12811651
385000,04/12/2013,SW2 4PF,F,N,L,STERNHOLD AVENUE,,LONDON,2013,12,12.86100121
125000,04/03/2013,GL18 2AL,T,N,F,THE CRYPT ESTATE,,DYMOCK,2013,3,11.73607702
249950,28/02/2013,SL6 0DH,T,N,F,YE MEADS,TAPLOW,MAIDENHEAD,2013,2,12.42902018
135000,27/08/2013,OL5 9NZ,S,N,L,REGENT DRIVE,MOSSLEY,ASHTON-UNDER-LYNE,2013,8,11.81303746
365000,12/11/2013,GU32 2AF,S,N,F,TOWN LANE,,PETERSFIELD,2013,11,12.80765537
1290000,06/06/2013,SW6 2LG,T,N,F,GILSTEAD ROAD,,LONDON,2013,6,14.07015355
235000,27/09/2013,SS6 9DU,S,N,F,LOUIS DRIVE EAST,,RAYLEIGH,2013,9,12.36734505
85500,10/05/2013,CA8 7LH,T,N,F,CHAPEL TERRACE,LAMBLEY,BRAMPTON,2013,5,11.35628335
755100,14/02/2013,NW6 1NP,T,N,F,RAVENSHAW STREET,,LONDON,2013,2,13.53460679
230000,03/07/2013,EN9 1LR,T,N,F,BROOMSTICK HALL ROAD,,WALTHAM ABBEY,2013,7,12.34583894
249950,26/07/2013,PL7 4LH,S,N,F,TRELAWNY ROAD,PLYMPTON,PLYMOUTH,2013,7,12.42902018
540000,09/12/2013,SE27 9NA,T,N,F,EYLEWOOD ROAD,,LONDON,2013,12,13.19932627
154950,16/08/2013,HG1 4NP,T,N,F,CECIL STREET,,HARROGATE,2013,8,11.95086422
198000,30/08/2013,NN11 4RN,D,N,F,TRINITY CLOSE,,DAVENTRY,2013,8,12.19602736
125000,19/07/2013,TS7 8QW,T,N,F,MAIDSTONE DRIVE,MARTON IN CLEVELAND,MIDDLESBROUGH,2013,7,11.73607702
200000,18/01/2013,B77 1BH,D,N,F,REEDMACE,KETTLEBROOK,TAMWORTH,2013,1,12.20607765
298500,01/08/2013,BH22 9HR,D,N,F,MAYFIELD DRIVE,,FERNDOWN,2013,8,12.60652856
128500,20/11/2013,CH8 7UX,S,N,F,FRON PARK ROAD,,HOLYWELL,2013,11,11.76369197
276000,18/11/2013,ST16 3YL,S,N,F,SHERINGHAM COVERT,,STAFFORD,2013,11,12.52815977
86500,25/09/2013,B14 5NY,S,N,F,LOUISE CROFT,,BIRMINGHAM,2013,9,11.36791125
86000,28/02/2013,NG2 4JS,T,N,F,ST STEPHENS ROAD,,NOTTINGHAM,2013,2,11.3621142
210000,05/09/2013,CM1 7PU,S,N,F,WEAR DRIVE,,CHELMSFORD,2013,9,12.25486757
93500,26/04/2013,BB5 6QB,T,N,L,AVENUE PARADE,,ACCRINGTON,2013,4,11.44572741
230000,28/06/2013,UB10 9EF,T,N,F,LYNHURST CRESCENT,,UXBRIDGE,2013,6,12.34583894
520000,16/09/2013,LU7 9RD,D,Y,F,OLD FARM,PITSTONE,LEIGHTON BUZZARD,2013,9,13.16158601
128000,06/03/2013,WS15 1HG,S,N,F,LODGE ROAD,,RUGELEY,2013,3,11.75979336
102000,01/05/2013,DE1 3SD,T,N,F,CAMP STREET,,DERBY,2013,5,11.5327379
197500,15/11/2013,GU51 4QF,F,N,L,BRAMSHOTT PLACE,,FLEET,2013,11,12.19349893
123500,04/03/2013,CO4 0BZ,T,N,F,GORING ROAD,,COLCHESTER,2013,3,11.72400453
249950,09/08/2013,HA1 3DU,F,N,L,BESSBOROUGH ROAD,,HARROW,2013,8,12.42902018
164000,03/06/2013,TW15 1AT,F,N,L,THE CLUMPS,,ASHFORD,2013,6,12.0076278
120000,05/04/2013,S75 5NS,S,N,F,BARNSLEY ROAD,DARTON,BARNSLEY,2013,4,11.69525536
110000,11/10/2013,BN11 2JJ,T,N,F,COTTENHAM ROAD,,WORTHING,2013,10,11.60824474
175000,31/05/2013,GL2 5GJ,T,Y,F,MAINSAIL LANE,HEMPSTED,GLOUCESTER,2013,5,12.07254697
380000,12/12/2013,RG42 2LA,D,N,F,FOLDERS LANE,,BRACKNELL,2013,12,12.84792916
156000,16/12/2013,TF1 3QD,D,N,F,PLOVER GATE,,TELFORD,2013,12,11.9576177
125000,31/05/2013,GL6 6UN,F,N,L,NEW STREET,PAINSWICK,STROUD,2013,5,11.73607702
232000,12/12/2013,SG6 4AN,S,N,F,ICKNIELD WAY,,LETCHWORTH GARDEN CITY,2013,12,12.35449696
699000,10/01/2013,SW6 3BT,F,N,L,PETERBOROUGH ROAD,,LONDON,2013,1,13.45740745
245000,30/04/2013,BR5 2AA,S,N,F,LOCKESLEY DRIVE,,ORPINGTON,2013,4,12.40901757
167500,15/11/2013,CV1 5FH,T,N,F,PENSILVA WAY,,COVENTRY,2013,11,12.0287446
73000,12/07/2013,WV2 2DT,S,N,F,ROOKER AVENUE,,WOLVERHAMPTON,2013,7,11.19822842
65000,24/09/2013,S71 1UR,S,N,F,RYE CROFT,,BARNSLEY,2013,9,11.08215793
245000,21/11/2013,CV37 9QL,T,N,F,ST ANDREWS CRESCENT,,STRATFORD-UPON-AVON,2013,11,12.40901757
115000,31/05/2013,NN16 9UQ,S,N,F,BRAMBLESIDE,,KETTERING,2013,5,11.6526961
277500,20/12/2013,SN6 7BL,T,N,F,CRICKLADE ROAD,HIGHWORTH,SWINDON,2013,12,12.53357982
279995,10/10/2013,PO5 2QU,S,N,F,DUNCAN ROAD,,SOUTHSEA,2013,10,12.5425306
120000,31/05/2013,NR31 8SY,T,N,F,EL ALAMEIN WAY,BRADWELL,GREAT YARMOUTH,2013,5,11.69525536
150000,16/08/2013,PR6 7HF,S,N,L,NEW MOSS LANE,WHITTLE LE WOODS,CHORLEY,2013,8,11.91839724
105000,13/02/2013,TF12 5PG,T,N,F,WINDSOR CRESCENT,,BROSELEY,2013,2,11.56172515
183000,08/02/2013,HP12 3HW,S,N,F,CHAIRBOROUGH ROAD,,HIGH WYCOMBE,2013,2,12.1172469
152500,07/10/2013,IP12 1JX,T,N,F,WARWICK AVENUE,,WOODBRIDGE,2013,10,11.93492643
185000,24/05/2013,ME3 8AY,S,N,F,CAGNEY CLOSE,WAINSCOTT,ROCHESTER,2013,5,12.12811651
240000,06/03/2013,GU30 7QE,S,N,F,AVENUE CLOSE,,LIPHOOK,2013,3,12.38839837
172000,12/04/2013,SP8 4GH,T,N,F,RIDGEWAY ROAD,,GILLINGHAM,2013,4,12.05525557
570000,14/11/2013,SW6 2QS,F,N,L,TYNEMOUTH STREET,,LONDON,2013,11,13.25339339
71500,09/09/2013,LA14 5BJ,T,N,F,AINSLIE STREET,,BARROW-IN-FURNESS,2013,9,11.17746671
105000,10/07/2013,CT11 7LF,T,N,F,MONTAGUE ROAD,,RAMSGATE,2013,7,11.56172515
440000,21/06/2013,SW19 1HL,T,N,F,HAYDONS ROAD,,LONDON,2013,6,12.99453228
203000,13/09/2013,NG3 5GD,D,N,F,CRESTA GARDENS,,NOTTINGHAM,2013,9,12.22096618
245000,20/12/2013,SE12 8AZ,T,N,L,LEEWOOD CLOSE,,LONDON,2013,12,12.40901757
350000,16/07/2013,BH31 6XE,D,N,F,PENRITH CLOSE,,VERWOOD,2013,7,12.76569129
315000,10/05/2013,TN24 9SB,D,N,F,ATKINSON WALK,KENNINGTON,ASHFORD,2013,5,12.66033109
133000,13/12/2013,TA9 3ET,T,N,F,MORLAND ROAD,,HIGHBRIDGE,2013,12,11.79811193
264000,20/06/2013,LN2 3FT,D,N,F,WOODS END,DUNHOLME,LINCOLN,2013,6,12.48370817
90000,04/01/2013,BH2 6AJ,F,Y,L,NORWICH AVENUE WEST,,BOURNEMOUTH,2013,1,11.40757606
237000,15/11/2013,PL6 7SU,D,N,F,ROWAN WAY,,PLYMOUTH,2013,11,12.37581964
180500,21/01/2013,TQ14 8BW,T,N,F,STRAND,,TEIGNMOUTH,2013,1,12.1034916
246000,31/10/2013,FY8 4UD,T,N,L,COOPERS ROW,,LYTHAM ST ANNES,2013,10,12.41309088
250000,29/11/2013,CT6 6ND,D,N,F,RECULVER ROAD,,HERNE BAY,2013,11,12.4292202
210000,15/03/2013,CR4 2JP,T,N,F,FIR TREE AVENUE,,MITCHAM,2013,3,12.25486757
420000,22/03/2013,SL6 6SE,D,N,F,AVONDALE,,MAIDENHEAD,2013,3,12.94801237
185000,14/06/2013,S60 3NF,S,N,F,BEECHWOOD ROAD,,ROTHERHAM,2013,6,12.12811651
89000,01/11/2013,NG9 8EU,T,N,F,PARK STREET,STAPLEFORD,NOTTINGHAM,2013,11,11.39640288
190000,25/03/2013,BS22 9AZ,D,N,F,SPRING HILL,,WESTON-SUPER-MARE,2013,3,12.15478461
685000,18/10/2013,EC1V 8BJ,F,N,L,CENTRAL STREET,,LONDON,2013,10,13.43717558
148000,26/04/2013,IP14 5NB,S,N,F,SWIFT DRIVE,,STOWMARKET,2013,4,11.90497431
222000,22/03/2013,LS27 7RF,D,N,F,GRANGE PARK MEWS,CHURWELL,LEEDS,2013,3,12.31043717
418000,22/03/2013,SN12 8ND,D,N,F,THE COMMON,BROUGHTON GIFFORD,MELKSHAM,2013,3,12.9432391
66500,12/12/2013,DE23 6LH,F,N,L,WARWICK AVENUE,,DERBY,2013,12,11.10497226
210000,04/02/2013,YO43 4EG,D,N,F,CHAPEL GARTH,HOLME ON SPALDING MOOR,YORK,2013,2,12.25486757
772500,31/05/2013,N16 5SP,T,N,F,LISTRIA PARK,,LONDON,2013,5,13.55738858
185000,09/08/2013,B96 6BY,S,N,F,WESTERN HILL CLOSE,ASTWOOD BANK,REDDITCH,2013,8,12.12811651
242500,22/03/2013,NG13 0AQ,D,N,F,BOWBRIDGE LANE,BOTTESFORD,NOTTINGHAM,2013,3,12.39876111
870000,04/12/2013,NW2 5LG,T,N,F,CHAPTER ROAD,,LONDON,2013,12,13.67624964
54000,31/07/2013,NE28 6RH,F,N,L,TIBERIUS CLOSE,,WALLSEND,2013,7,10.89675784
262000,23/08/2013,RG42 2BN,S,N,F,SHEPHERDS LANE,,BRACKNELL,2013,8,12.4761036
125000,13/03/2013,SN2 1AX,T,N,F,NORMAN ROAD,,SWINDON,2013,3,11.73607702
230000,11/02/2013,E5 8RE,F,N,L,BRIGGEFORD CLOSE,,LONDON,2013,2,12.34583894
249999,29/07/2013,LE7 9YA,D,N,F,HUNTERS AVENUE,SKEFFINGTON,LEICESTER,2013,7,12.4292162
170000,28/02/2013,LE9 9JB,D,N,F,CAMBRIDGE DRIVE,DESFORD,LEICESTER,2013,2,12.0435596
495000,01/02/2013,N11 2QU,T,N,F,QUEENS ROAD,,LONDON,2013,2,13.11231506
325000,22/11/2013,CT5 1HA,D,N,F,FOUNTAIN STREET,,WHITSTABLE,2013,11,12.69158354
139000,28/03/2013,NR31 6TR,D,N,L,LAWYER CORYS,GORLESTON,GREAT YARMOUTH,2013,3,11.84223641
149950,30/08/2013,B73 5XF,F,N,L,JOCKEY ROAD,,SUTTON COLDFIELD,2013,8,11.91806385
275000,16/08/2013,CW8 2FF,D,N,F,ST CATHERINE DRIVE,HARTFORD,NORTHWICH,2013,8,12.52453001
317500,26/07/2013,EN8 0FD,D,Y,F,MAGNOLIA WAY,CHESHUNT,WALTHAM CROSS,2013,7,12.66823625
120000,10/01/2013,TS11 8JA,S,N,F,PINEHURST WAY,NEW MARSKE,REDCAR,2013,1,11.69525536
210000,16/10/2013,PO10 8DG,T,N,F,RUSSET GARDENS,,EMSWORTH,2013,10,12.25486757
72500,26/04/2013,NE4 9TQ,S,N,F,ROYAL CRESCENT,,NEWCASTLE UPON TYNE,2013,4,11.19135563
143000,11/06/2013,DA11 7AQ,T,N,F,CHURCHILL ROAD,,GRAVESEND,2013,6,11.8706069
95000,18/01/2013,CW2 5LL,S,N,F,FERNDALE CLOSE,WESTON,CREWE,2013,1,11.4616427
215000,08/08/2013,TA7 0NU,D,N,F,KICKS HILL,MIDDLEZOY,BRIDGWATER,2013,8,12.27839796
110000,15/03/2013,B76 9RB,T,N,F,KIMBERLEY WALK,MINWORTH,SUTTON COLDFIELD,2013,3,11.60824474
148500,14/11/2013,EX14 2FE,T,N,F,BRAND CLOSE,,HONITON,2013,11,11.90834697
175000,01/02/2013,GL7 1DH,S,N,F,QUEEN ELIZABETH ROAD,,CIRENCESTER,2013,2,12.07254697
85000,18/11/2013,YO19 6NZ,T,N,F,THE HAWTHORNS,RICCALL,YORK,2013,11,11.3504183
82000,22/11/2013,PE30 2AH,T,N,F,SIR LEWIS STREET,,KING'S LYNN,2013,11,11.31448672
340000,28/10/2013,RG41 5GR,S,N,F,DEXTER WAY,WINNERSH,WOKINGHAM,2013,10,12.73670384
145000,12/09/2013,PE2 9SB,T,N,F,CARRIER CLOSE,,PETERBOROUGH,2013,9,11.88449592
110000,20/06/2013,NN5 6LE,S,N,F,WARWICK CLOSE,,NORTHAMPTON,2013,6,11.60824474
243000,17/06/2013,SO22 4AH,S,N,F,STANMORE LANE,,WINCHESTER,2013,6,12.40082084
465000,22/03/2013,TR11 4EQ,D,N,F,TREDOVA CRESCENT,,FALMOUTH,2013,3,13.04979484
205000,17/10/2013,BH23 2FF,T,Y,L,HYDE MEWS,,CHRISTCHURCH,2013,10,12.23077014
125000,26/07/2013,PR9 7AW,S,N,F,GLADSTONE ROAD,,SOUTHPORT,2013,7,11.73607702
145000,22/04/2013,NP4 5EF,S,N,F,LANSDOWNE,SEBASTOPOL,PONTYPOOL,2013,4,11.88449592
1600000,28/03/2013,NW5 3EH,F,Y,L,RYLAND ROAD,,LONDON,2013,3,14.28551481
105000,03/10/2013,DH2 1JD,S,N,F,ARUNDEL WALK,PELTON,CHESTER LE STREET,2013,10,11.56172515
250000,08/03/2013,CB24 8TQ,D,N,F,PELHAM WAY,COTTENHAM,CAMBRIDGE,2013,3,12.4292202
167300,18/11/2013,B93 0DW,T,N,F,THISTLEWOOD GROVE,CHADWICK END,SOLIHULL,2013,11,12.02754986
307500,10/02/2014,BN1 3LP,T,N,F,ST NICHOLAS ROAD,,BRIGHTON,2014,2,12.63623362
225000,18/09/2014,NP4 0BX,D,N,F,COED Y FELIN,NEW INN,PONTYPOOL,2014,9,12.32386013
245000,03/11/2014,SE27 9QS,F,N,L,GIPSY ROAD,,LONDON,2014,11,12.40901757
422000,19/12/2014,E7 9EY,T,N,F,RAMSAY ROAD,,LONDON,2014,12,12.95276296
187500,29/10/2014,IP24 2EZ,D,N,F,GREEN LANE,,THETFORD,2014,10,12.14153946
107245,24/10/2014,B36 0RW,F,Y,L,TAME AVENUE,,BIRMINGHAM,2014,10,11.58288054
229950,27/06/2014,RG26 3YJ,T,N,F,FINCH CLOSE,,TADLEY,2014,6,12.34562152
175000,07/02/2014,IP12 4HD,S,N,F,BULLARDS LANE,,WOODBRIDGE,2014,2,12.07254697
165000,07/11/2014,LS12 6HB,S,N,F,WHITEHALL ROAD,,LEEDS,2014,11,12.01370681
60000,19/12/2014,B44 8PE,F,N,L,ALDRIDGE ROAD,GREAT BARR,BIRMINGHAM,2014,12,11.00211651
78500,02/10/2014,L36 0SG,T,N,F,MEADOW DRIVE,,LIVERPOOL,2014,10,11.27086664
146000,22/08/2014,HX2 0TJ,T,N,F,MALTINGS ROAD,,HALIFAX,2014,8,11.89136875
1050000,09/05/2014,E5 0AE,T,N,F,MILLFIELDS ROAD,,LONDON,2014,5,13.86430167
247500,18/09/2014,TA7 8EU,D,N,F,HIGHCROFT,WOOLAVINGTON,BRIDGWATER,2014,9,12.4191699
396000,26/09/2014,NW9 5ZU,F,N,L,EAST DRIVE,,LONDON,2014,9,12.88917202
125000,13/02/2014,CH45 7NY,T,N,F,ZIG ZAG ROAD,,WALLASEY,2014,2,11.73607702
450000,15/01/2014,HG2 0DR,S,N,F,HARLOW OVAL,,HARROGATE,2014,1,13.01700508
215000,27/06/2014,CO13 0LA,D,N,F,CHESTNUT AVENUE,KIRBY CROSS,FRINTON-ON-SEA,2014,6,12.27839796
830000,03/09/2014,HA6 3HU,D,N,F,ROSS WAY,,NORTHWOOD,2014,9,13.62918218
425000,07/08/2014,TN13 2QT,T,N,F,THE FLOATS,RIVERHEAD,SEVENOAKS,2014,8,12.9598468
230000,21/07/2014,E4 6BF,F,Y,L,THE RIDGEWAY,CHINGFORD,LONDON,2014,7,12.34583894
222000,06/06/2014,HP19 9BG,S,N,F,BICESTER ROAD,,AYLESBURY,2014,6,12.31043717
295950,14/11/2014,HA8 6QR,F,N,L,WHITCHURCH LANE,,EDGWARE,2014,11,12.59794918
315000,13/06/2014,BA20 2QQ,D,N,F,SOUTHWOODS,,YEOVIL,2014,6,12.66033109
45000,28/05/2014,YO11 2LF,F,N,L,GROSVENOR CRESCENT,,SCARBOROUGH,2014,5,10.71443999
237500,21/03/2014,WD18 7HG,F,N,L,THE GATEWAY,,WATFORD,2014,3,12.37792711
280000,14/10/2014,LL46 2SB,D,N,F,,LLANDANWG,HARLECH,2014,10,12.54254845
53000,30/05/2014,WA5 0EU,T,N,L,LEVENS CLOSE,,WARRINGTON,2014,5,10.87806606
165000,29/04/2014,WA3 2PH,D,N,F,MALTON AVENUE,LOWTON,WARRINGTON,2014,4,12.01370681
500000,19/06/2014,TW2 7RD,S,N,F,TALMA GARDENS,,TWICKENHAM,2014,6,13.12236538
289000,03/06/2014,PO7 7PY,D,N,F,HIGHFIELD AVENUE,,WATERLOOVILLE,2014,6,12.57418543
192000,16/06/2014,GL6 6ER,S,N,F,TOWNSEND,RANDWICK,STROUD,2014,6,12.16525586
53550,30/04/2014,LE11 2NZ,S,N,F,PINE CLOSE,,LOUGHBOROUGH,2014,4,10.88838975
182500,15/08/2014,NR17 2PS,S,N,F,RICHMOND PARK,,ATTLEBOROUGH,2014,8,12.11451093
182000,01/05/2014,PL9 7LB,S,N,F,THORNYVILLE VILLAS,,PLYMOUTH,2014,5,12.11176746
247750,16/12/2014,SN10 1GA,F,N,L,WHARF STREET,,DEVIZES,2014,12,12.42017949
75000,30/04/2014,LS9 8AE,F,N,L,EAST STREET,,LEEDS,2014,4,11.22525673
185000,21/03/2014,CF61 1YE,S,N,F,VOSS PARK DRIVE,,LLANTWIT MAJOR,2014,3,12.12811651
111995,11/04/2014,SN25 2PL,F,Y,L,VAUGHAN WILLIAMS WAY,,SWINDON,2014,4,11.62621844
215000,27/05/2014,LS29 0QF,S,N,F,SOUTHFIELD ROAD,ADDINGHAM,ILKLEY,2014,5,12.27839796
245000,29/10/2014,HP9 1BF,F,N,L,BEACONSFIELD MEWS,,BEACONSFIELD,2014,10,12.40901757
156000,28/03/2014,N14 4BW,F,N,L,AVENUE ROAD,,LONDON,2014,3,11.9576177
152500,05/09/2014,IP19 8GY,D,Y,F,POND LANE,UPPER HOLTON,HALESWORTH,2014,9,11.93492643
270000,10/07/2014,IP4 5TJ,D,N,F,FOXHALL ROAD,,IPSWICH,2014,7,12.50618094
158000,23/05/2014,LU1 5RL,T,N,F,CASTLE CROFT ROAD,,LUTON,2014,5,11.97035664
168000,03/01/2014,CM15 9GL,F,N,L,ONGAR ROAD,,BRENTWOOD,2014,1,12.03172521
105000,29/07/2014,S8 0RA,F,N,L,TADCASTER ROAD,,SHEFFIELD,2014,7,11.56172515
435000,19/06/2014,L18 3JG,S,N,F,DOWSEFIELD LANE,,LIVERPOOL,2014,6,12.98310361
235000,19/08/2014,BB18 6TD,D,N,F,COLNE ROAD,SOUGH,BARNOLDSWICK,2014,8,12.36734505
72500,28/03/2014,M24 6JN,T,N,F,COOPER FOLD,MIDDLETON,MANCHESTER,2014,3,11.19135563
115000,24/07/2014,LA17 7XJ,T,N,F,SPRING GARDENS,GRIZEBECK,KIRKBY-IN-FURNESS,2014,7,11.6526961
126000,13/02/2014,PE3 9XB,D,N,F,TOLLGATE,BRETTON,PETERBOROUGH,2014,2,11.74404512
1012500,26/11/2014,CM23 4BL,D,N,F,BUTLERS HALL LANE,THORLEY,BISHOP'S STORTFORD,2014,11,13.82793407
421500,17/04/2014,GU2 7RT,D,N,F,HIGH VIEW ROAD,,GUILDFORD,2014,4,12.95157743
225000,10/11/2014,RG19 4GT,S,N,F,PEACHEY DRIVE,,THATCHAM,2014,11,12.32386013
250000,29/05/2014,TQ5 8LL,D,N,F,WOLSTON CLOSE,,BRIXHAM,2014,5,12.4292202
570000,26/09/2014,SW17 8QG,F,N,L,RITHERDON ROAD,,LONDON,2014,9,13.25339339
104000,28/03/2014,TQ12 2SA,T,N,F,WAIN LANE,,NEWTON ABBOT,2014,3,11.55215579
279950,31/01/2014,LS5 3NH,D,N,F,VESPER GATE DRIVE,,LEEDS,2014,1,12.54236987
171000,30/05/2014,LE3 3UG,D,N,F,GAVIN CLOSE,THORPE ASTLEY,LEICESTER,2014,5,12.04942468
265000,30/10/2014,SM5 2JT,F,N,L,MILLPOND PLACE,,CARSHALTON,2014,10,12.48748888
468000,03/01/2014,BR4 9BB,S,N,F,CORKSCREW HILL,,WEST WICKHAM,2014,1,13.05622571
226995,28/11/2014,BS39 7AA,T,Y,F,PAPER LANE,PAULTON,BRISTOL,2014,11,12.33268768
470000,29/01/2014,TW3 3AH,S,N,F,DENE AVENUE,,HOUNSLOW,2014,1,13.0604901
147000,20/08/2014,LU1 3QH,T,N,F,HARCOURT STREET,,LUTON,2014,8,11.89819467
250000,02/05/2014,SN3 5BH,S,N,F,MERLIN WAY,,SWINDON,2014,5,12.4292202
735000,20/11/2014,EX9 6QS,S,N,F,LITTLE KNOWLE,,BUDLEIGH SALTERTON,2014,11,13.50762714
295000,27/02/2014,CV5 6NP,S,N,F,SPENCER AVENUE,,COVENTRY,2014,2,12.59473403
125000,27/06/2014,CH65 6SX,S,N,L,MAXWELL CLOSE,WHITBY,ELLESMERE PORT,2014,6,11.73607702
280000,24/04/2014,BA11 2JZ,D,N,F,LEYS HILL,,FROME,2014,4,12.54254845
133500,27/06/2014,LE8 6JF,T,N,F,COLLEGE ROAD,WHETSTONE,LEICESTER,2014,6,11.80186425
285000,03/02/2014,RH11 8BJ,D,N,F,GOSSOPS GREEN LANE,,CRAWLEY,2014,2,12.56024797
124950,05/12/2014,PL24 2LG,S,N,F,ROSE HILL,ST BLAZEY,PAR,2014,12,11.73567694
250000,16/06/2014,S11 7AR,T,N,L,PEVERIL ROAD,,SHEFFIELD,2014,6,12.4292202
143000,11/07/2014,S43 2JW,S,N,F,TROUGHBROOK ROAD,HOLLINGWOOD,CHESTERFIELD,2014,7,11.8706069
151500,23/05/2014,HR8 2RB,T,N,F,,PIXLEY,LEDBURY,2014,5,11.9283475
335000,21/05/2014,EX8 1TR,D,N,F,REGENTS GATE,,EXMOUTH,2014,5,12.7218888
562500,05/09/2014,OX18 4SZ,D,N,F,ORCHARD RISE,,BURFORD,2014,9,13.24014819
365000,25/11/2014,DT9 6BY,D,N,F,RIDGEWAY,,SHERBORNE,2014,11,12.80765537
180000,15/08/2014,L40 5SR,S,N,L,ALEXANDER CLOSE,BURSCOUGH,ORMSKIRK,2014,8,12.10071769
338000,20/03/2014,TR1 2HS,D,N,F,UPPER SCHOOL LANE,,TRURO,2014,3,12.73080413
200000,20/06/2014,TA1 5GA,S,N,F,MOUNTWAY LANE,BISHOPS HULL,TAUNTON,2014,6,12.20607765
110000,11/08/2014,LE2 1ND,F,N,L,LONDON ROAD,,LEICESTER,2014,8,11.60824474
199950,24/10/2014,DH4 5JF,D,Y,F,BELLFLOWER CLOSE,,HOUGHTON LE SPRING,2014,10,12.20582762
420000,09/05/2014,WA4 5FQ,D,N,F,WESTCLIFF GARDENS,APPLETON,WARRINGTON,2014,5,12.94801237
298000,30/01/2014,LN4 3PL,D,N,F,FARRIERS COURT,SCOPWICK,LINCOLN,2014,1,12.60485212
31000,27/05/2014,PO38 2EJ,T,N,L,BOXERS LANE,NITON,VENTNOR,2014,5,10.34177474
239950,30/06/2014,SN15 3NZ,D,N,F,MONTAGUE CLOSE,,CHIPPENHAM,2014,6,12.38819001
64995,10/11/2014,NE1 4BW,F,Y,L,ST JAMES BOULEVARD,,NEWCASTLE UPON TYNE,2014,11,11.08208101
160000,21/05/2014,NG9 6JR,S,N,F,WOODSTOCK ROAD,TOTON,NOTTINGHAM,2014,5,11.98293534
178500,04/07/2014,OL2 8HR,S,N,F,HILLSIDE AVENUE,SHAW,OLDHAM,2014,7,12.09234948
229000,17/04/2014,PO22 0JS,D,N,F,FARNHURST ROAD,BARNHAM,BOGNOR REGIS,2014,4,12.34148165
485000,16/10/2014,SW4 6PU,F,Y,L,MCCALL CLOSE,,LONDON,2014,10,13.09190623
272650,28/03/2014,N7 8QD,F,N,L,LIVERPOOL ROAD,,LONDON,2014,3,12.51594787
329950,02/07/2014,CF38 1EW,D,N,F,CHURCH ROAD,TONTEG,PONTYPRIDD,2014,7,12.70669944
275000,03/07/2014,KT17 4QB,F,Y,L,CHURCH STREET,,EPSOM,2014,7,12.52453001
117000,10/12/2014,PO2 7RJ,F,N,L,NEW ROAD,,PORTSMOUTH,2014,12,11.66993776
112500,15/04/2014,M31 4PT,S,N,F,THIRLMERE ROAD,PARTINGTON,MANCHESTER,2014,4,11.63071739
209995,19/06/2014,IP33 1UQ,F,Y,L,EAST CLOSE,,BURY ST EDMUNDS,2014,6,12.25484376
225000,12/12/2014,BN15 9LN,D,N,F,FRESHFIELDS DRIVE,,LANCING,2014,12,12.32386013
168500,10/01/2014,DT2 7EZ,T,Y,F,PADDOCK ROW,TOLPUDDLE,DORCHESTER,2014,1,12.03469696
299000,14/02/2014,LS16 5RT,T,N,F,HUNTINGTON CRESCENT,,LEEDS,2014,2,12.6082022
200000,12/12/2014,ST4 8ER,S,N,F,CHESSINGTON CRESCENT,,STOKE-ON-TRENT,2014,12,12.20607765
165000,25/04/2014,OX12 7BB,T,N,F,STIRLINGS ROAD,,WANTAGE,2014,4,12.01370681
1728800,07/02/2014,SW8 2BW,F,Y,L,ST GEORGE WHARF,,LONDON,2014,2,14.36293866
158000,08/08/2014,LL29 6DG,S,N,F,SUNNINGDALE GROVE,,COLWYN BAY,2014,8,11.97035664
104950,19/09/2014,ST7 8AF,S,N,F,HIGH STREET,HALMER END,STOKE-ON-TRENT,2014,9,11.56124885
82000,19/12/2014,LL18 2AA,T,N,F,MARSH ROAD,,RHYL,2014,12,11.31448672
122500,04/09/2014,DN9 2JE,T,N,F,GREENHILL ROAD,HAXEY,DONCASTER,2014,9,11.71587447
133000,27/06/2014,SK2 5BN,S,N,F,FIRWOOD CLOSE,,STOCKPORT,2014,6,11.79811193
299995,28/03/2014,DL3 9XU,D,Y,F,CLARENCE DRIVE,,DARLINGTON,2014,3,12.61152442
690000,28/11/2014,OX49 5SU,D,N,F,SCHOOL LANE,ASTON ROWANT,WATLINGTON,2014,11,13.44444833
225000,30/06/2014,EX5 1DX,D,N,F,MIREY LANE,WOODBURY,EXETER,2014,6,12.32386013
285000,07/11/2014,E13 9NS,T,N,F,SUTTON COURT ROAD,,LONDON,2014,11,12.56024797
264500,12/12/2014,PE11 1GG,D,N,F,FERN DRIVE,,SPALDING,2014,12,12.48560031
83000,14/02/2014,CH43 7NX,T,N,F,OAKWOOD DRIVE,,PRENTON,2014,2,11.32660793
620000,18/07/2014,OX15 6BJ,D,N,F,,HORLEY,BANBURY,2014,7,13.33747637
170000,30/05/2014,WR11 8XA,S,N,F,RIDSDALE CLOSE,SALFORD PRIORS,EVESHAM,2014,5,12.0435596
240000,28/11/2014,DN6 9BJ,D,N,F,PARK LANE,WOMERSLEY,DONCASTER,2014,11,12.38839837
140000,18/09/2014,WN7 2BA,S,N,L,SANDERSONS CROFT,,LEIGH,2014,9,11.84940484
119000,09/05/2014,WS9 8AQ,F,N,L,THE BRIARS,ALDRIDGE,WALSALL,2014,5,11.68688718
390000,07/07/2014,LE17 6NU,D,N,F,MAIN STREET,MOWSLEY,LUTTERWORTH,2014,7,12.87390458
511000,15/08/2014,TW15 3SB,D,N,F,FORD CLOSE,,ASHFORD,2014,8,13.14412683
134000,03/10/2014,PO21 2DU,F,Y,L,DORSET ROAD,,BOGNOR REGIS,2014,10,11.80560254
175000,18/12/2014,B92 0HS,T,N,F,BARSTON LANE,HAMPTON IN ARDEN,SOLIHULL,2014,12,12.07254697
202000,01/09/2014,PR4 5SN,T,N,F,LIVERPOOL ROAD,HUTTON,PRESTON,2014,9,12.21602793
340000,31/07/2014,CR0 8YG,T,N,F,PARSLEY GARDENS,,CROYDON,2014,7,12.73670384
148000,17/02/2014,PE11 1YB,D,N,F,TRURO WAY,,SPALDING,2014,2,11.90497431
121000,17/11/2014,LS27 0SF,S,N,F,ALDEN AVENUE,MORLEY,LEEDS,2014,11,11.70355409
110000,08/04/2014,RM6 4AT,F,N,L,HIGH ROAD,,ROMFORD,2014,4,11.60824474
152000,04/07/2014,LE1 1TL,F,N,L,BURTON STREET,,LEICESTER,2014,7,11.93164238
123000,25/07/2014,SS2 4PB,F,N,L,ILFRACOMBE ROAD,,SOUTHEND-ON-SEA,2014,7,11.71994776
350000,10/02/2014,EN5 2RN,T,N,F,SAMPSON AVENUE,,BARNET,2014,2,12.76569129
95000,05/09/2014,M14 6AG,F,N,L,WELLINGTON ROAD,FALLOWFIELD,MANCHESTER,2014,9,11.4616427
221000,31/03/2014,SK17 6WJ,D,N,F,WYATVILLE AVENUE,,BUXTON,2014,3,12.30592251
179000,04/07/2014,SE18 4GE,F,N,L,GUNYARD MEWS,,LONDON,2014,7,12.09514667
86000,22/12/2014,NN16 8QH,T,N,F,REGENT STREET,,KETTERING,2014,12,11.3621142
340000,28/01/2014,CV36 4EZ,D,N,F,SPRINGFIELD CLOSE,,SHIPSTON-ON-STOUR,2014,1,12.73670384
140000,03/10/2014,GU11 1TF,T,N,F,ARTILLERY ROAD,,ALDERSHOT,2014,10,11.84940484
337500,26/09/2014,GL55 6SJ,D,N,F,BACK LANE,MICKLETON,CHIPPING CAMPDEN,2014,9,12.72932375
138000,22/12/2014,TN23 3FD,F,N,L,ORDINANCE WAY,,ASHFORD,2014,12,11.83501621
83000,25/09/2014,M28 0HL,S,N,F,HULTON AVENUE,WORSLEY,MANCHESTER,2014,9,11.32660793
300000,21/08/2014,CR0 5UA,F,N,L,MARESFIELD,,CROYDON,2014,8,12.61154109
170000,10/06/2014,NR23 1BH,T,N,F,BRIG SQUARE,,WELLS-NEXT-THE-SEA,2014,6,12.0435596
250000,23/09/2014,IG1 3BQ,T,N,F,ARGYLE ROAD,,ILFORD,2014,9,12.4292202
500000,10/07/2014,RG45 6DZ,D,N,F,ALDERBROOK CLOSE,,CROWTHORNE,2014,7,13.12236538
250000,15/07/2014,DT11 0PP,S,N,F,THE CLIFF,BRYANSTON,BLANDFORD FORUM,2014,7,12.4292202
192000,14/03/2014,PR8 6NQ,S,N,F,CEDAR STREET,,SOUTHPORT,2014,3,12.16525586
158000,03/01/2014,SR6 8BT,S,N,F,SEABURN GARDENS,,SUNDERLAND,2014,1,11.97035664
475000,23/09/2014,BS9 4BZ,S,N,F,PRIORY AVENUE,,BRISTOL,2014,9,13.07107219
222000,19/12/2014,PO1 3BF,F,N,L,GUNWHARF QUAYS,,PORTSMOUTH,2014,12,12.31043717
324500,26/02/2014,UB10 0DG,T,N,F,PARKFIELD AVENUE,HILLINGDON,UXBRIDGE,2014,2,12.6900439
165950,09/10/2014,LS10 1PJ,F,N,L,CHADWICK STREET,,LEEDS,2014,10,12.01944784
337500,14/05/2014,TA1 3RR,S,N,L,KINGLAKE DRIVE,,TAUNTON,2014,5,12.72932375
185000,01/10/2014,BB7 4HN,S,N,F,POLICE HOUSES,GISBURN,CLITHEROE,2014,10,12.12811651
365000,25/09/2014,B28 0DP,D,N,F,HIGHFIELD ROAD,HALL GREEN,BIRMINGHAM,2014,9,12.80765537
224995,29/08/2014,CT14 9AP,S,N,F,ST LEONARDS ROAD,,DEAL,2014,8,12.3238379
290000,17/06/2014,KT12 1HT,F,N,L,ASHLEY ROAD,,WALTON-ON-THAMES,2014,6,12.57763965
67000,27/05/2014,CW1 2NU,T,N,F,LUDFORD STREET,,CREWE,2014,5,11.11246282
135000,29/01/2014,NE31 1YP,S,N,F,PINEWOOD,,HEBBURN,2014,1,11.81303746
153750,23/05/2014,M25 9RA,S,N,F,VERNON DRIVE,PRESTWICH,MANCHESTER,2014,5,11.94308969
124995,24/03/2014,NN1 3JW,F,N,L,OVERSTONE ROAD,,NORTHAMPTON,2014,3,11.73603702
269995,12/12/2014,SG16 6FN,S,N,F,THE RAILWAY,,HENLOW,2014,12,12.50616242
200000,03/07/2014,CF14 4NZ,T,N,F,TON YR YWEN AVENUE,,CARDIFF,2014,7,12.20607765
240000,24/06/2014,TA19 9RE,D,N,F,,BROADWAY,ILMINSTER,2014,6,12.38839837
58000,14/11/2014,SK15 3JD,T,N,F,GRENVILLE STREET,MILLBROOK,STALYBRIDGE,2014,11,10.96821553
205000,25/07/2014,RH18 5DA,F,N,L,HARTFIELD ROAD,,FOREST ROW,2014,7,12.23077014
248000,31/03/2014,IP22 4DN,D,N,F,HEYWOOD AVENUE,,DISS,2014,3,12.42118806
320000,06/10/2014,LU3 4AL,D,N,F,EVERGREEN WAY,,LUTON,2014,10,12.6760794
86000,03/10/2014,HX3 6QB,T,N,F,CHESTER CLOSE,,HALIFAX,2014,10,11.3621142
214000,04/08/2014,RG2 7SH,S,N,F,KINGSTON GARDENS,,READING,2014,8,12.27373597
168000,06/06/2014,LU1 5SR,T,N,F,RYTON CLOSE,,LUTON,2014,6,12.03172521
280000,22/08/2014,UB8 3EE,S,N,F,HAIG ROAD,,UXBRIDGE,2014,8,12.54254845
274995,19/12/2014,S60 8DL,D,Y,F,BRADFIELD WAY,WAVERLEY,ROTHERHAM,2014,12,12.52451183
154500,10/10/2014,HP19 7HX,F,N,L,PINE STREET,,AYLESBURY,2014,10,11.94795585
225000,05/09/2014,WR11 3DX,D,N,F,OFFENHAM ROAD,,EVESHAM,2014,9,12.32386013
365000,01/08/2014,SG6 1TU,D,N,L,KRISTIANSAND WAY,,LETCHWORTH GARDEN CITY,2014,8,12.80765537
140000,19/12/2014,CH64 4BU,S,N,F,BADGER BAIT,LITTLE NESTON,NESTON,2014,12,11.84940484
607735,23/06/2014,SW6 3NA,F,N,L,EWALD ROAD,,LONDON,2014,6,13.31749586
155000,05/12/2014,LS26 8LJ,T,N,F,LYNWOOD CRESCENT,WOODLESFORD,LEEDS,2014,12,11.95118685
288000,19/03/2014,BD23 5HR,D,N,F,PIECE FIELDS,THRESHFIELD,SKIPTON,2014,3,12.57071923
342000,29/07/2014,BS7 8PX,T,N,L,FALMOUTH ROAD,,BRISTOL,2014,7,12.74256894
140000,14/03/2014,SM1 4NB,S,N,F,CARSHALTON GROVE,,SUTTON,2014,3,11.84940484
249995,19/11/2014,CT8 8TU,F,N,L,SEA ROAD,,WESTGATE-ON-SEA,2014,11,12.4292002
300000,17/01/2014,CM14 5JP,T,N,F,PENNYFIELDS,WARLEY,BRENTWOOD,2014,1,12.61154109
400000,01/09/2014,N10 2NH,F,N,L,ROMAN ROAD,,LONDON,2014,9,12.89922233
250000,19/12/2014,N15 3AA,F,N,L,TERRONT ROAD,,LONDON,2014,12,12.4292202
168000,26/09/2014,PR8 3SU,S,N,F,WOODVALE ROAD,,SOUTHPORT,2014,9,12.03172521
76000,09/09/2014,ME14 2BX,F,N,L,ALEXANDRA STREET,,MAIDSTONE,2014,9,11.23850178
437000,01/09/2014,OX10 0RD,D,N,F,SLADE END,BRIGHTWELL CUM SOTWELL,WALLINGFORD,2014,9,12.98769076
202500,12/12/2014,LE10 2NS,D,Y,F,CARDINAL DRIVE,BURBAGE,HINCKLEY,2014,12,12.2185001
182500,21/02/2014,BS16 3EG,S,N,F,RIDGEWAY ROAD,,BRISTOL,2014,2,12.11451093
221950,18/02/2014,TW15 3JT,F,N,L,WOODTHORPE ROAD,,ASHFORD,2014,2,12.31021192
195000,02/05/2014,CA14 1HT,D,N,F,PARK AVENUE,SEATON,WORKINGTON,2014,5,12.18075997
150000,19/12/2014,N12 9HW,F,N,L,FRIERN WATCH AVENUE,,LONDON,2014,12,11.91839724
265000,08/12/2014,BA14 7QF,D,N,F,PAINTERS MEAD,HILPERTON,TROWBRIDGE,2014,12,12.48748888
381000,30/10/2014,,S,N,F,ST JAMES STREET,,SHAFTESBURY,2014,10,12.85055728
560000,14/08/2014,NW3 3JH,F,N,L,FELLOWS ROAD,,LONDON,2014,8,13.23569385
240000,29/08/2014,NG7 1HT,T,N,F,THE QUAYS,,NOTTINGHAM,2014,8,12.38839837
445000,03/07/2014,BN2 1GE,F,N,L,SUSSEX SQUARE,,BRIGHTON,2014,7,13.00583181
300000,27/03/2014,SG17 5GQ,D,Y,F,ROMAN MEWS,,SHEFFORD,2014,3,12.61154109
365000,20/08/2014,CW4 7QA,D,N,F,ELM DRIVE,HOLMES CHAPEL,CREWE,2014,8,12.80765537
1400000,30/10/2014,GU10 2ED,D,N,F,TILFORD ROAD,RUSHMOOR,FARNHAM,2014,10,14.15198351
625000,31/10/2014,WR10 1AT,T,N,F,BRIDGE STREET,,PERSHORE,2014,10,13.34550853
180000,15/08/2014,CW5 7SP,T,N,F,SMITHERS CLOSE,STAPELEY,NANTWICH,2014,8,12.10071769
175000,05/01/2014,BN3 3AA,F,N,L,SALISBURY ROAD,,HOVE,2014,1,12.07254697
720000,20/06/2014,RG45 6SS,D,N,F,OLD WOKINGHAM ROAD,,CROWTHORNE,2014,6,13.48700788
67500,07/05/2014,SN4 8HQ,F,N,L,SHAKESPEARE ROAD,ROYAL WOOTTON BASSETT,SWINDON,2014,5,11.11989769
305000,14/05/2014,CT2 0DW,S,N,F,HIGH STREET,FORDWICH,CANTERBURY,2014,5,12.62807033
80000,24/01/2014,PR9 9HR,F,N,L,ALEXANDRA ROAD,,SOUTHPORT,2014,1,11.28979441
175000,04/08/2014,LS15 0HQ,S,N,F,TEMPLE GATE VIEW,,LEEDS,2014,8,12.07254697
147000,27/08/2014,EX34 8LU,T,N,F,HILLINGTON,,ILFRACOMBE,2014,8,11.89819467
290000,09/01/2014,W5 3SF,F,N,L,BLOOMSBURY CLOSE,,LONDON,2014,1,12.57763965
275000,18/07/2014,BN41 2GU,T,N,F,BUSH COTTAGE CLOSE,PORTSLADE,BRIGHTON,2014,7,12.52453001
235000,10/01/2014,IP4 3BL,S,N,F,TUDDENHAM ROAD,,IPSWICH,2014,1,12.36734505
550000,22/08/2014,SA3 5BR,D,N,F,HENEAGE DRIVE,WEST CROSS,SWANSEA,2014,8,13.21767538
138000,21/11/2014,L18 8DS,S,N,L,MOSSLEA PARK,,LIVERPOOL,2014,11,11.83501621
265000,02/12/2014,E2 0RD,F,N,L,MACE STREET,,LONDON,2014,12,12.48748888
650000,08/07/2014,GL53 9AZ,D,N,F,NEWCOURT ROAD,CHARLTON KINGS,CHELTENHAM,2014,7,13.38472918
180000,24/03/2014,BN14 9BJ,F,N,L,LAMORNA GROVE,,WORTHING,2014,3,12.10071769
107000,23/06/2014,PL14 3BL,T,N,F,BODGARA WAY,,LISKEARD,2014,6,11.58059346
175000,12/08/2014,ST3 4BP,D,N,F,GOMS MILL ROAD,LONGTON,STOKE-ON-TRENT,2014,8,12.07254697
63000,02/05/2014,WN3 6TW,F,N,L,SANDSTONE ROAD,,WIGAN,2014,5,11.05090588
180000,22/08/2014,TQ13 0HY,T,N,F,FORE STREET,CHUDLEIGH,NEWTON ABBOT,2014,8,12.10071769
245000,28/02/2014,NR1 1GA,T,N,F,THE SIDINGS,,NORWICH,2014,2,12.40901757
485000,30/10/2014,SO41 8NA,D,N,F,SOUTHAMPTON ROAD,,LYMINGTON,2014,10,13.09190623
240000,08/08/2014,BA21 3TB,D,N,F,ARLINGTON CLOSE,,YEOVIL,2014,8,12.38839837
210000,09/05/2014,M33 6HY,S,N,F,BELMONT ROAD,,SALE,2014,5,12.25486757
149150,04/11/2014,WA13 9LT,S,N,F,ALBANY ROAD,,LYMM,2014,11,11.91271449
403950,27/05/2014,SL6 7RA,T,Y,F,KENSAL GREEN DRIVE,,MAIDENHEAD,2014,5,12.90904886
132000,06/05/2014,LL18 5FN,D,N,F,HYDE PARK,KINMEL BAY,RHYL,2014,5,11.79056478
330000,21/02/2014,MK10 7FG,D,Y,F,ARMADA AVENUE,BROOKLANDS,MILTON KEYNES,2014,2,12.70685096
125000,21/08/2014,BS3 3NG,F,N,L,SKYPARK ROAD,,BRISTOL,2014,8,11.73607702
210000,18/03/2014,LN8 3RD,D,N,F,MALLARD WAY,,MARKET RASEN,2014,3,12.25486757
63700,04/04/2014,LS9 6DX,T,N,F,BROWNHILL TERRACE,,LEEDS,2014,4,11.06195554
218000,31/10/2014,SL6 2RS,F,N,L,LUDLOW ROAD,,MAIDENHEAD,2014,10,12.29225493
141000,31/10/2014,SA14 8DT,D,N,F,HEOL BEILI GLAS,,LLANELLI,2014,10,11.85652226
175000,20/06/2014,EX4 6JF,T,N,F,SOUTH VIEW TERRACE,,EXETER,2014,6,12.07254697
137000,25/04/2014,M6 8WW,S,N,L,HALLWOOD AVENUE,,SALFORD,2014,4,11.8277435
240000,21/07/2014,YO30 5TN,D,N,F,LOWESWATER ROAD,,YORK,2014,7,12.38839837
400000,22/09/2014,NW10 3UG,F,N,L,ROUNDWOOD ROAD,WILLESDEN,LONDON,2014,9,12.89922233
90000,18/12/2014,HX5 9EG,T,N,F,WHITWELL GREEN LANE,,ELLAND,2014,12,11.40757606
105000,12/06/2014,HD5 9HH,S,N,F,KINGSTON AVENUE,,HUDDERSFIELD,2014,6,11.56172515
500000,31/01/2014,SL2 3UB,S,N,F,MAYFLOWER WAY,FARNHAM COMMON,SLOUGH,2014,1,13.12236538
191000,21/11/2014,CV13 6HH,S,N,F,IVY CLOSE,STOKE GOLDING,NUNEATON,2014,11,12.16003394
160000,12/06/2014,TS9 7BW,S,N,F,,FACEBY,MIDDLESBROUGH,2014,6,11.98293534
144100,24/02/2014,BD18 3BT,T,N,F,BIRKLANDS TERRACE,,SHIPLEY,2014,2,11.87826972
185000,12/09/2014,CV3 5NG,S,N,F,JACQUARD CLOSE,,COVENTRY,2014,9,12.12811651
309950,14/11/2014,LE16 8GF,D,Y,F,JACK CUMBERLAND ROAD,,MARKET HARBOROUGH,2014,11,12.6441695
154000,16/12/2014,TS15 9UG,D,N,F,SCUGDALE CLOSE,,YARM,2014,12,11.94471437
75000,23/07/2014,DY10 2QJ,T,N,F,HURCOTT ROAD,,KIDDERMINSTER,2014,7,11.22525673
269995,12/12/2014,CO2 9FB,D,Y,F,AGGREGATE WALK,,COLCHESTER,2014,12,12.50616242
205000,14/02/2014,CV36 4DA,T,N,F,TELEGRAPH STREET,,SHIPSTON-ON-STOUR,2014,2,12.23077014
30000,28/02/2014,S21 4HH,F,N,L,MARTIN RISE,ECKINGTON,SHEFFIELD,2014,2,10.30898599
62000,11/04/2014,M12 4QQ,T,N,F,MAIDA STREET,,MANCHESTER,2014,4,11.03490579
249999,18/12/2014,HU7 3AA,D,Y,F,WINDSOR PARK,KINGSWOOD,HULL,2014,12,12.4292162
195000,04/04/2014,PR6 9JQ,D,N,L,WATERFORD CLOSE,HEATH CHARNOCK,CHORLEY,2014,4,12.18075997
257000,28/04/2014,OX3 8XD,T,N,F,COLWELL DRIVE,HEADINGTON,OXFORD,2014,4,12.45683525
148000,10/01/2014,LU4 9JB,S,N,F,ACWORTH CRESCENT,,LUTON,2014,1,11.90497431
135000,31/03/2014,BD3 7BE,S,N,F,GRANGE AVENUE,,BRADFORD,2014,3,11.81303746
107500,14/07/2014,SO16 4AT,F,Y,L,CUMBRIAN WAY,,SOUTHAMPTON,2014,7,11.58525543
120000,26/09/2014,LE65 2HD,S,N,F,CLIFTON AVENUE,,ASHBY-DE-LA-ZOUCH,2014,9,11.69525536
594000,20/06/2014,SE16 5NL,T,N,F,RUSSIA DOCK ROAD,,LONDON,2014,6,13.29463628
117000,28/08/2014,LL21 9EJ,S,N,F,GARREG LWYD,GWYDDELWERN,CORWEN,2014,8,11.66993776
90000,28/11/2014,NG15 7GD,T,N,F,WEST TERRACE,HUCKNALL,NOTTINGHAM,2014,11,11.40757606
250000,23/05/2014,WA4 5GH,T,N,F,HENBURY GARDENS,APPLETON,WARRINGTON,2014,5,12.4292202
262500,13/01/2014,AL1 5TT,F,N,L,PARK VIEW CLOSE,,ST ALBANS,2014,1,12.47801017
340000,11/08/2014,N3 2QT,T,N,L,SQUIRES LANE,,LONDON,2014,8,12.73670384
425000,14/05/2014,GU33 7BP,S,Y,F,FOREST ROAD,LISS FOREST,LISS,2014,5,12.9598468
118000,30/04/2014,EX8 5PG,F,N,L,PRIDDIS CLOSE,,EXMOUTH,2014,4,11.67844838
139995,09/05/2014,B38 8EN,S,Y,F,HEADLEY CROFT,,BIRMINGHAM,2014,5,11.84936913
190000,25/04/2014,TR20 8JW,D,N,F,GODOLPHIN ROAD,LONG ROCK,PENZANCE,2014,4,12.15478461
90000,16/12/2014,BH22 9BS,F,N,L,RINGWOOD ROAD,,FERNDOWN,2014,12,11.40757606
370000,26/09/2014,IG2 6QB,T,N,F,CANTLEY GARDENS,,ILFORD,2014,9,12.82126099
249995,30/09/2014,SA15 2AQ,T,Y,F,BWLCHYGWYNT,,LLANELLI,2014,9,12.4292002
54000,29/08/2014,BH1 1QG,F,N,L,MADEIRA ROAD,,BOURNEMOUTH,2014,8,10.89675784
98000,17/04/2014,NG16 3JY,D,N,F,BRAEMAR AVENUE,EASTWOOD,NOTTINGHAM,2014,4,11.49273296
91000,29/08/2014,S66 8JG,S,N,F,NORWOOD AVENUE,MALTBY,ROTHERHAM,2014,8,11.41862577
231000,21/01/2014,BN8 6SU,D,N,F,,GLYNDE,LEWES,2014,1,12.35017732
174995,08/10/2014,IP22 4JA,D,N,F,LORD ROAD,,DISS,2014,10,12.0725184
145000,12/12/2014,IG2 7JD,F,N,L,EASTERN AVENUE,,ILFORD,2014,12,11.88449592
373000,15/08/2014,CB1 2QX,S,N,F,NEW STREET,,CAMBRIDGE,2014,8,12.82933638
185995,31/07/2014,DA7 6FG,F,Y,L,STERLING ROAD,,BEXLEYHEATH,2014,7,12.13348045
168000,28/11/2014,RG24 8JZ,F,N,L,RICHARDS FIELD,CHINEHAM,BASINGSTOKE,2014,11,12.03172521
135000,04/12/2014,M27 9QD,S,N,L,LARCH GROVE,WARDLEY,MANCHESTER,2014,12,11.81303746
249950,12/09/2014,RH19 2SD,T,N,F,DORSET GARDENS,,EAST GRINSTEAD,2014,9,12.42902018
240000,16/12/2014,TN28 8RB,T,N,F,ST ANDREWS ROAD,LITTLESTONE,NEW ROMNEY,2014,12,12.38839837
175000,31/10/2014,DH8 0QZ,S,N,F,THE BRIARY,,CONSETT,2014,10,12.07254697
150000,17/10/2014,PE12 6TG,D,N,F,HIGH ROAD,WHAPLODE,SPALDING,2014,10,11.91839724
595000,01/09/2014,CB21 4EP,D,N,F,HIGH STREET,BALSHAM,CAMBRIDGE,2014,9,13.29631837
145000,01/09/2014,CO7 0DD,S,N,F,NEW STREET,BRIGHTLINGSEA,COLCHESTER,2014,9,11.88449592
265000,23/06/2014,SS12 0HR,S,N,F,BELMONT CLOSE,,WICKFORD,2014,6,12.48748888
133500,23/05/2014,CR3 6RX,F,N,L,GREENWOOD GARDENS,,CATERHAM,2014,5,11.80186425
105000,06/06/2014,CT17 9QB,T,N,F,CLARENDON PLACE,,DOVER,2014,6,11.56172515
98000,08/12/2014,SM2 5LP,F,N,L,CEDAR ROAD,,SUTTON,2014,12,11.49273296
190000,15/08/2014,SN4 8HH,S,N,F,KEATS CLOSE,ROYAL WOOTTON BASSETT,SWINDON,2014,8,12.15478461
99000,16/01/2014,CW1 3JR,T,N,F,UNDERWOOD LANE,,CREWE,2014,1,11.50288523
320000,06/06/2014,SG12 0BA,S,N,F,TRAPSTYLE ROAD,,WARE,2014,6,12.6760794
100200,12/12/2014,DN14 9HZ,T,N,F,GEORGE STREET,SNAITH,GOOLE,2014,12,11.51493345
400000,03/04/2014,KT17 3PG,T,N,F,HARKNESS CLOSE,,EPSOM,2014,4,12.89922233
125000,14/11/2014,CH64 4BU,T,N,F,BADGER BAIT,LITTLE NESTON,NESTON,2014,11,11.73607702
595000,20/08/2014,NN6 6DA,S,N,F,CHURCH STREET,NASEBY,NORTHAMPTON,2014,8,13.29631837
135000,30/05/2014,M4 5EH,F,N,L,GOULDEN STREET,,MANCHESTER,2014,5,11.81303746
755000,12/09/2014,E2 8DP,F,N,L,KINGSLAND ROAD,,LONDON,2014,9,13.53447435
85000,12/09/2014,BN24 5BS,D,N,L,GLYNDLEY MANOR COTTAGE ESTATE,STONE CROSS,PEVENSEY,2014,9,11.3504183
155000,05/09/2014,PO13 0QU,T,N,F,LONG DRIVE,,GOSPORT,2014,9,11.95118685
85000,11/11/2014,CW2 7UL,T,N,F,PROBERT CLOSE,,CREWE,2014,11,11.3504183
210000,04/02/2014,BN27 3BL,S,N,F,HAWKS ROAD,,HAILSHAM,2014,2,12.25486757
134000,07/03/2014,B67 5LG,T,N,F,ABBEY ROAD,,SMETHWICK,2014,3,11.80560254
270000,28/05/2014,NR33 8RR,D,N,F,OLD FARM ROAD,CARLTON COLVILLE,LOWESTOFT,2014,5,12.50618094
185000,14/11/2014,BH22 8UY,S,N,F,DERWENT CLOSE,,FERNDOWN,2014,11,12.12811651
90500,29/10/2014,CA14 1PN,T,N,F,CAUSEWAY ROAD,SEATON,WORKINGTON,2014,10,11.41311618
153500,26/03/2014,PE2 8FH,T,Y,F,VIOLETA CRESCENT,,PETERBOROUGH,2014,3,11.94146236
210000,20/02/2014,PE2 8SS,D,N,F,REDWING CLOSE,STANGROUND,PETERBOROUGH,2014,2,12.25486757
270000,21/03/2014,GU14 7EG,T,N,F,CHARLECOTE CLOSE,,FARNBOROUGH,2014,3,12.50618094
89950,13/06/2014,DH2 2NX,S,N,F,MILLER GARDENS,PELTON FELL,CHESTER LE STREET,2014,6,11.40702036
224995,27/03/2014,SN12 7FS,S,Y,F,ROSEMARY WAY,,MELKSHAM,2014,3,12.3238379
116000,12/12/2014,NG14 6JH,S,N,F,SHERWOOD GROVE,CALVERTON,NOTTINGHAM,2014,12,11.66135409
915000,31/10/2014,KT12 1JJ,D,N,F,HERSHAM ROAD,,WALTON-ON-THAMES,2014,10,13.72668044
185000,04/09/2014,NN4 0WP,T,N,F,BUTTS CROFT CLOSE,,NORTHAMPTON,2014,9,12.12811651
210000,29/09/2014,BA6 9PS,D,N,F,BUCK CLOSE,,GLASTONBURY,2014,9,12.25486757
137500,08/08/2014,NN11 4TU,S,N,F,EMMANUEL CLOSE,,DAVENTRY,2014,8,11.83138647
156000,09/05/2014,SK13 6QJ,T,N,L,RAVENS CLOSE,,GLOSSOP,2014,5,11.9576177
144950,08/07/2014,NE13 6LH,T,N,F,PARK VIEW,WIDEOPEN,NEWCASTLE UPON TYNE,2014,7,11.88415103
200000,22/08/2014,L23 4TH,S,N,F,SOUTHPORT ROAD,THORNTON,LIVERPOOL,2014,8,12.20607765
235000,12/09/2014,YO10 4HF,T,N,F,MOORLAND ROAD,,YORK,2014,9,12.36734505
272500,24/10/2014,NR15 2ZA,D,N,F,JERMYN WAY,THARSTON,NORWICH,2014,10,12.51539756
269950,16/04/2014,TF10 7GH,D,Y,F,AUDLEY PARK,,NEWPORT,2014,4,12.50599574
152500,07/11/2014,NN10 9EP,D,N,F,ST MARYS AVENUE,,RUSHDEN,2014,11,11.93492643
219995,26/09/2014,BS14 9TP,D,N,F,SHAW GARDENS,HENGROVE,BRISTOL,2014,9,12.30136464
282950,19/12/2014,TA21 8FA,D,Y,F,THOMAS PLACE,,WELLINGTON,2014,12,12.55302902
83000,20/08/2014,BB18 6DP,T,N,F,LOWER NORTH AVENUE,,BARNOLDSWICK,2014,8,11.32660793
235000,17/11/2014,SG1 1NS,T,N,F,ABBOTS GROVE,,STEVENAGE,2014,11,12.36734505
189950,31/01/2014,PR7 1XJ,D,N,F,JUDELAND,,CHORLEY,2014,1,12.15452142
180000,30/05/2014,ME5 9DT,S,N,F,VALLEY RISE,,CHATHAM,2014,5,12.10071769
510000,30/09/2014,E17 9LB,T,N,F,GROSVENOR RISE EAST,,LONDON,2014,9,13.14216797
209950,27/06/2014,CV3 6PW,S,N,F,MANTILLA DRIVE,,COVENTRY,2014,6,12.25462945
175000,27/06/2014,ME7 3RZ,T,N,F,ALMOND GROVE,HEMPSTEAD,GILLINGHAM,2014,6,12.07254697
86000,16/12/2014,PO36 8ND,F,N,L,BEACHFIELD ROAD,,SANDOWN,2014,12,11.3621142
440000,07/11/2014,RM14 3XA,S,N,F,BRACKENDALE GARDENS,,UPMINSTER,2014,11,12.99453228
224000,04/09/2014,LS17 5HU,S,N,F,BUCKSTONE CRESCENT,,LEEDS,2014,9,12.3194058
317500,17/02/2014,RG40 1SB,S,N,F,GOODINGS GREEN,,WOKINGHAM,2014,2,12.66823625
595000,13/01/2014,OX27 7PF,D,N,F,SOMERTON ROAD,ARDLEY,BICESTER,2014,1,13.29631837
286000,24/02/2014,TA6 7EZ,T,N,F,NORTHFIELD,,BRIDGWATER,2014,2,12.56375059
241500,07/11/2014,BS16 5TG,T,N,F,CHRISTCHURCH AVENUE,DOWNEND,BRISTOL,2014,11,12.39462889
279000,20/06/2014,SS4 3DQ,D,N,F,GOLDEN CROSS ROAD,,ROCHFORD,2014,6,12.53897065
77950,09/05/2014,HU9 4UE,S,N,F,LARNE ROAD,,HULL,2014,5,11.2638357
112500,15/04/2014,HU5 2RG,T,N,F,QUEENS ROAD,,HULL,2014,4,11.63071739
128000,16/04/2014,B8 3EB,T,N,F,JEPHCOTT ROAD,,BIRMINGHAM,2014,4,11.75979336
80000,30/05/2014,YO32 2WW,D,N,F,GREEN DIKE,WIGGINTON,YORK,2014,5,11.28979441
95000,10/02/2014,CF37 1RW,T,N,F,QUEEN STREET,,PONTYPRIDD,2014,2,11.4616427
185000,13/05/2014,IP3 9AH,S,N,F,MURRAY ROAD,,IPSWICH,2014,5,12.12811651
175000,19/03/2014,BN22 0PX,D,N,F,ANDERIDA ROAD,,EASTBOURNE,2014,3,12.07254697
276000,02/10/2014,KT4 7EP,F,N,L,RUSHMERE COURT,,WORCESTER PARK,2014,10,12.52815977
247000,01/07/2014,NG18 4RL,D,N,F,SOUTHRIDGE DRIVE,,MANSFIELD,2014,7,12.41714766
188000,28/02/2014,DA14 5DL,T,N,F,CRAY ROAD,,SIDCUP,2014,2,12.14420256
275000,21/11/2014,DT6 6JL,S,N,F,APPLETREE LANE,CHIDEOCK,BRIDPORT,2014,11,12.52453001
165000,31/07/2014,DE24 9FQ,D,N,F,WOODLANDS AVENUE,SHELTON LOCK,DERBY,2014,7,12.01370681
135000,10/10/2014,LU4 9JR,T,N,F,COVERDALE,,LUTON,2014,10,11.81303746
94000,17/02/2014,CM8 2XU,F,N,L,CALAMINT ROAD,,WITHAM,2014,2,11.4510607
187500,16/05/2014,YO8 6QP,D,N,F,BACK LANE,HEMINGBROUGH,SELBY,2014,5,12.14153946
65000,28/03/2014,TS4 3HL,T,N,F,TRANTER ROAD,,MIDDLESBROUGH,2014,3,11.08215793
480000,23/12/2014,N16 8TB,F,N,L,SHAKSPEARE WALK,,LONDON,2014,12,13.08154347
225000,27/06/2014,S43 2ES,D,N,F,HANDLEY ROAD,NEW WHITTINGTON,CHESTERFIELD,2014,6,12.32386013
175000,31/10/2014,NG33 5DP,D,N,F,DALLYGATE,GREAT PONTON,GRANTHAM,2014,10,12.07254697
160000,26/09/2014,HU16 4DN,S,N,F,HALLGATE,,COTTINGHAM,2014,9,11.98293534
172500,13/06/2014,M4 5DA,F,N,L,HENRY STREET,,MANCHESTER,2014,6,12.05815831
400000,18/07/2014,M33 2LZ,S,N,F,DANE ROAD,,SALE,2014,7,12.89922233
233000,14/11/2014,BS24 7JT,D,Y,F,CHESHIRE AVENUE,LOCKING,WESTON-SUPER-MARE,2014,11,12.35879802
71000,10/01/2014,DL15 8JT,T,N,F,MORSON AVENUE,,CROOK,2014,1,11.17044924
155000,25/06/2014,PR4 2XD,S,N,F,OXFORD DRIVE,KIRKHAM,PRESTON,2014,6,11.95118685
214000,17/10/2014,RG1 3BW,F,N,L,SELBORNE COURT,,READING,2014,10,12.27373597
360000,14/11/2014,SE12 8NR,F,N,L,HANDEN ROAD,,LONDON,2014,11,12.79386209
347500,22/04/2014,NE7 7RF,D,N,F,COTTAGE FARM,,NEWCASTLE UPON TYNE,2014,4,12.75852282
159950,31/10/2014,EX20 1FX,S,Y,F,SUMMERING CLOSE,,OKEHAMPTON,2014,10,11.9826228
500000,14/02/2014,PO33 3SU,D,Y,F,PITTS LANE,,RYDE,2014,2,13.12236538
575000,31/03/2014,YO61 1UB,D,N,F,ALDWARK,ALNE,YORK,2014,3,13.26212706
232000,21/07/2014,RH6 9PE,T,N,F,TANYARD WAY,,HORLEY,2014,7,12.35449696
469950,02/10/2014,UB9 4BB,T,N,F,ORCHARD CLOSE,DENHAM,UXBRIDGE,2014,10,13.06038371
240000,14/08/2014,RH15 8PJ,S,N,F,DUNSTALL AVENUE,,BURGESS HILL,2014,8,12.38839837
250000,14/11/2014,NP7 6PY,D,Y,F,COED Y BRENIN,LLANTILIO PERTHOLEY,ABERGAVENNY,2014,11,12.4292202
115000,22/08/2014,DN16 2RB,S,N,F,GLAISDALE ROAD,,SCUNTHORPE,2014,8,11.6526961
392500,14/11/2014,M28 2NW,D,N,L,BAY TREE AVENUE,WORSLEY,MANCHESTER,2014,11,12.88029436
140589,24/01/2014,M50 2BA,F,Y,L,PINK,MEDIA CITY UK,SALFORD,2014,1,11.85360313
332500,19/02/2014,RH12 4UF,S,N,F,THE PINES,,HORSHAM,2014,2,12.71439815
325000,17/12/2014,SL6 4AS,T,N,F,WESTBOROUGH ROAD,,MAIDENHEAD,2014,12,12.69158354
335000,18/06/2014,PO4 9PZ,T,N,F,EXETER ROAD,,SOUTHSEA,2014,6,12.7218888
100000,05/09/2014,B34 7LB,T,N,F,LONGMEADOW CRESCENT,,BIRMINGHAM,2014,9,11.51293546
345000,07/11/2014,TN21 0QD,S,N,F,BACK LANE,CROSS IN HAND,HEATHFIELD,2014,11,12.75130259
300000,16/05/2014,SP5 1PX,D,N,F,MILL LANE,WINTERSLOW,SALISBURY,2014,5,12.61154109
190000,29/05/2014,GL2 4RQ,S,N,F,COLTISHALL CLOSE,QUEDGELEY,GLOUCESTER,2014,5,12.15478461
157000,25/06/2014,OX18 1GQ,F,N,L,ELMHURST WAY,,CARTERTON,2014,6,11.96400745
250000,06/06/2014,PO16 7EH,S,N,F,SERPENTINE ROAD,,FAREHAM,2014,6,12.4292202
249000,29/09/2014,DH1 1HT,T,N,F,ASHWOOD,GILESGATE,DURHAM,2014,9,12.42521219
310000,07/07/2014,GU2 9XY,D,N,F,SAFFRON PLATT,,GUILDFORD,2014,7,12.6443308
235000,09/06/2014,DN37 0JN,S,N,F,GOLF COURSE LANE,WALTHAM,GRIMSBY,2014,6,12.36734505
358000,02/09/2014,KT1 2LD,F,N,L,PALACE ROAD,,KINGSTON UPON THAMES,2014,9,12.78829106
85000,02/06/2014,PL12 5ER,T,N,F,CHURCH STREET,LANDRAKE,SALTASH,2014,6,11.3504183
100000,29/09/2014,PO13 8EH,F,N,L,FROBISHER CLOSE,,GOSPORT,2014,9,11.51293546
98000,19/12/2014,WF17 5NR,T,N,F,SUSSEX STREET,,BATLEY,2014,12,11.49273296
370000,28/02/2014,HA9 8QF,S,N,F,SECOND AVENUE,,WEMBLEY,2014,2,12.82126099
498500,22/07/2014,BN11 1PZ,T,N,F,AMBROSE PLACE,,WORTHING,2014,7,13.11936087
213000,25/04/2014,BN3 6GT,F,N,L,THE DRIVE,,HOVE,2014,4,12.26905214
460000,17/10/2014,SN12 7PZ,D,N,F,,BEANACRE,MELKSHAM,2014,10,13.03898394
128000,19/12/2014,IP28 8EL,T,N,F,FALCON WAY,BECK ROW,BURY ST EDMUNDS,2014,12,11.75979336
167000,24/03/2014,WS15 4TF,D,N,F,MANOR COURT DRIVE,HANDSACRE,RUGELEY,2014,3,12.02575508
195000,19/12/2014,WV15 6JP,D,N,F,BRIDGE ROAD,ALVELEY,BRIDGNORTH,2014,12,12.18075997
475000,30/06/2014,DE22 1BP,D,Y,F,BROADWAY,,DERBY,2014,6,13.07107219
105000,21/11/2014,GL1 4JQ,T,N,F,SALISBURY ROAD,,GLOUCESTER,2014,11,11.56172515
96000,06/11/2014,SA1 4HH,T,N,F,GEORGE STREET,,SWANSEA,2014,11,11.47211389
215000,04/06/2014,LL12 8NT,T,N,F,CHESTER ROAD,GRESFORD,WREXHAM,2014,6,12.27839796
167000,28/11/2014,PO6 3LJ,T,N,F,MABLETHORPE ROAD,,PORTSMOUTH,2014,11,12.02575508
135000,10/12/2014,CV4 9PB,T,N,F,HAWTHORNE LANE,,COVENTRY,2014,12,11.81303746
117000,19/09/2014,ST6 6UW,S,N,F,MERLIN CLOSE,,STOKE-ON-TRENT,2014,9,11.66993776
198000,23/10/2014,CH47 3BA,S,N,F,SCHOOL LANE,HOYLAKE,WIRRAL,2014,10,12.19602736
167000,23/05/2014,BS22 7TP,S,N,F,CHRISTIAN CLOSE,,WESTON-SUPER-MARE,2014,5,12.02575508
75000,26/06/2014,S71 4RZ,S,N,F,CHEVET VIEW,ROYSTON,BARNSLEY,2014,6,11.22525673
104750,28/02/2014,CT16 2LA,T,N,F,MATTHEWS PLACE,,DOVER,2014,2,11.55934138
225000,23/05/2014,BA11 4AH,T,N,F,SALISBURY TERRACE,,FROME,2014,5,12.32386013
165000,20/06/2014,BA4 6PA,T,N,F,ORCHARD LANE,EVERCREECH,SHEPTON MALLET,2014,6,12.01370681
475000,15/08/2014,NG14 7ED,D,N,F,MAIN STREET,CAYTHORPE,NOTTINGHAM,2014,8,13.07107219
265000,14/03/2014,SG1 6DL,T,N,F,WINDRUSH CLOSE,,STEVENAGE,2014,3,12.48748888
133000,10/10/2014,PE13 4JW,S,Y,F,BACK ROAD,MURROW,WISBECH,2014,10,11.79811193
242000,31/01/2014,SA38 9RR,D,N,F,,CWMCYCH,NEWCASTLE EMLYN,2014,1,12.39669714
125000,24/09/2014,M23 0FT,S,N,F,CLEEVE ROAD,,MANCHESTER,2014,9,11.73607702
177500,16/05/2014,PR4 6TE,D,N,F,ROSE GARDENS,HESKETH BANK,PRESTON,2014,5,12.08673152
280000,08/07/2014,YO14 0NR,D,N,F,BOWLING GREEN LANE,HUNMANBY,FILEY,2014,7,12.54254845
385000,30/05/2014,HD4 6TR,S,N,F,UPPER PARK,BERRY BROW,HUDDERSFIELD,2014,5,12.86100121
415000,06/08/2014,SP3 5LF,D,N,F,SUTTON ROAD,FOVANT,SALISBURY,2014,8,12.93603621
208500,18/12/2014,CW11 1FB,D,N,F,OSSMERE CLOSE,ELWORTH,SANDBACH,2014,12,12.24769912
125000,04/11/2014,TF8 7LN,F,N,L,THE WOODLANDS,JACKFIELD,TELFORD,2014,11,11.73607702
114000,03/10/2014,M5 4SR,F,N,L,DERWENT STREET,,SALFORD,2014,10,11.6439625
200000,10/12/2014,OL11 5YS,D,N,L,SOMERSET GROVE,,ROCHDALE,2014,12,12.20607765
95000,02/09/2014,CF31 4SB,S,N,F,WORDSWORTH AVENUE,,BRIDGEND,2014,9,11.4616427
320000,08/12/2014,WV6 8ST,D,N,F,REDHOUSE ROAD,,WOLVERHAMPTON,2014,12,12.6760794
135000,05/12/2014,SY3 8PY,T,N,F,DRINKWATER STREET,,SHREWSBURY,2014,12,11.81303746
218000,08/09/2014,CH2 1LG,S,N,F,OAKFIELD DRIVE,UPTON,CHESTER,2014,9,12.29225493
250000,16/06/2014,BS23 2TE,S,N,F,BRENDON AVENUE,,WESTON-SUPER-MARE,2014,6,12.4292202
204950,31/07/2014,IP1 2GD,F,N,L,HANDFORD ROAD,,IPSWICH,2014,7,12.23052621
288000,13/03/2014,BS32 0BR,D,N,F,JUNIPER WAY,BRADLEY STOKE,BRISTOL,2014,3,12.57071923
418000,08/12/2014,SE27 9EH,F,N,L,TULSEMERE ROAD,,LONDON,2014,12,12.9432391
180000,01/08/2014,B77 4LA,T,N,F,SCAMMERTON,WILNECOTE,TAMWORTH,2014,8,12.10071769
467500,18/07/2014,LE15 6EP,D,N,F,LODGE GARDENS,,OAKHAM,2014,7,13.05515677
119000,31/10/2014,SA14 7AX,S,N,F,CYSGOD YR YSGOL,GORSLAS,LLANELLI,2014,10,11.68688718
160750,24/01/2014,SG2 0BP,F,N,L,PRIESTLEY ROAD,,STEVENAGE,2014,1,11.98761186
168000,23/06/2014,ST5 4DG,S,N,F,WHITMORE ROAD,,NEWCASTLE,2014,6,12.03172521
123000,20/06/2014,HX5 9ET,T,N,F,CONISTON CLOSE,,ELLAND,2014,6,11.71994776
303000,10/01/2014,TN26 1JA,D,N,F,WESTWELL LANE,,ASHFORD,2014,1,12.62149138
69995,17/04/2014,B96 6BW,F,N,L,FOREGATE STREET,ASTWOOD BANK,REDDITCH,2014,4,11.15619338
240000,21/11/2014,IP13 6SU,S,N,F,,BURGH,WOODBRIDGE,2014,11,12.38839837
179000,19/12/2014,CV7 8RF,D,N,F,MERCERS MEADOW,KERESLEY END,COVENTRY,2014,12,12.09514667
330000,20/01/2014,KT15 3BY,S,N,F,PINEWOOD GROVE,NEW HAW,ADDLESTONE,2014,1,12.70685096
99950,03/01/2014,PE3 8QR,T,N,F,RISBY,BRETTON,PETERBOROUGH,2014,1,11.51243534
900000,16/09/2014,SE3 9HA,S,N,F,LOCK CHASE,,LONDON,2014,9,13.71015115
268000,28/02/2014,KT6 5AD,F,N,L,HOOK ROAD,,SURBITON,2014,2,12.49874599
155000,17/01/2014,PE6 7WE,D,N,F,ABBEY CLOSE,EYE,PETERBOROUGH,2014,1,11.95118685
385000,14/08/2014,WD3 5GA,D,N,L,BADGERS WALK,CHORLEYWOOD,RICKMANSWORTH,2014,8,12.86100121
430000,07/05/2014,LN11 9YA,D,N,F,SUDBURY PLACE,,LOUTH,2014,5,12.97154281
81000,18/12/2014,LA14 2RR,S,N,F,DUNDEE STREET,,BARROW-IN-FURNESS,2014,12,11.30221678
181000,25/04/2014,HD7 6JE,S,N,F,CARRS ROAD,MARSDEN,HUDDERSFIELD,2014,4,12.10625784
167000,07/11/2014,BS15 8BT,T,N,F,JOHN STREET,KINGSWOOD,BRISTOL,2014,11,12.02575508
85000,31/10/2014,TS25 5HJ,T,N,F,ARGYLL ROAD,,HARTLEPOOL,2014,10,11.3504183
87000,19/09/2014,NG2 3DU,F,N,L,QUEENS ROAD,,NOTTINGHAM,2014,9,11.37367489
194995,11/08/2014,PE19 6PD,S,N,F,PARK AVENUE,LITTLE PAXTON,ST NEOTS,2014,8,12.18073432
226000,05/02/2014,KT22 7XP,F,N,L,KINGSTON SQUARE,,LEATHERHEAD,2014,2,12.3282947
155000,04/07/2014,NE5 1EQ,S,N,L,CHESHAM GARDENS,,NEWCASTLE UPON TYNE,2014,7,11.95118685
130000,04/09/2014,NR7 9DZ,T,N,F,PURLAND ROAD,,NORWICH,2014,9,11.77529742
124995,14/03/2014,L19 8HN,T,Y,F,CARPATHIA CLOSE,,LIVERPOOL,2014,3,11.73603702
249995,29/08/2014,TA21 9BQ,D,Y,F,POPHAM ROAD,,WELLINGTON,2014,8,12.4292002
360000,25/04/2014,NW9 5EN,F,N,L,HERITAGE AVENUE,,LONDON,2014,4,12.79386209
112000,20/08/2014,FY3 8JZ,S,N,F,TORSWAY AVENUE,,BLACKPOOL,2014,8,11.62626308
84500,11/07/2014,LS8 1EZ,F,N,L,ST EDMUNDS COURT,,LEEDS,2014,7,11.34451865
195000,07/11/2014,RM15 6EE,S,N,F,CHELMER DRIVE,,SOUTH OCKENDON,2014,11,12.18075997
294000,15/10/2014,BN15 0QP,D,N,F,FLORLANDIA CLOSE,SOMPTING,LANCING,2014,10,12.59133845
272500,23/10/2014,CV3 5DN,S,N,F,DAINTREE CROFT,CHEYLESMORE,COVENTRY,2014,10,12.51539756
1445000,10/10/2014,BA1 5SY,S,N,F,LANSDOWN ROAD,,BATH,2014,10,14.18362057
111000,05/09/2014,BL6 7QL,T,N,L,CROWN LANE,HORWICH,BOLTON,2014,9,11.61729449
145000,04/11/2014,BH19 1ES,F,Y,L,KINGS ROAD EAST,,SWANAGE,2014,11,11.88449592
204000,16/12/2014,CV21 4AX,D,N,F,MCKINNELL CRESCENT,,RUGBY,2014,12,12.22588017
425000,16/04/2014,PR3 0TU,D,N,F,,SOWERBY,PRESTON,2014,4,12.9598468
234950,30/04/2014,SG18 8GU,S,N,F,BLACKBURN WAY,,BIGGLESWADE,2014,4,12.36713226
123500,28/11/2014,CF61 2UQ,T,N,F,GREYS DRIVE,BOVERTON,LLANTWIT MAJOR,2014,11,11.72400453
380000,09/12/2014,TQ6 9HL,D,N,F,TOWNSTAL PATHFIELDS,,DARTMOUTH,2014,12,12.84792916
155000,27/10/2014,PO38 1TH,S,N,F,GROVE ROAD,,VENTNOR,2014,10,11.95118685
238000,04/11/2014,LS27 7QA,D,N,F,CROSSLAND ROAD,CHURWELL,LEEDS,2014,11,12.38003015
138500,03/11/2014,NE23 6NU,S,N,L,WINDBURGH DRIVE,,CRAMLINGTON,2014,11,11.83863282
167000,21/07/2014,BS34 8NY,T,N,F,ELIZABETH CRESCENT,STOKE GIFFORD,BRISTOL,2014,7,12.02575508
172500,24/07/2014,DT5 1DA,T,N,F,GROVE ROAD,,PORTLAND,2014,7,12.05815831
171000,22/10/2014,SY1 3DZ,S,N,F,OAKHURST DRIVE,,SHREWSBURY,2014,10,12.04942468
500000,22/08/2014,SE16 3GA,F,Y,L,ARTS LANE,,LONDON,2014,8,13.12236538
162000,15/08/2014,BH23 2TZ,F,N,L,DRAGOON WAY,,CHRISTCHURCH,2014,8,11.99535779
445000,24/02/2014,HG1 5RH,F,N,L,YORK PLACE,,HARROGATE,2014,2,13.00583181
270000,15/08/2014,YO22 5NA,D,N,F,,GOATHLAND,WHITBY,2014,8,12.50618094
160000,31/10/2014,M34 7SQ,S,N,F,VAUDREY LANE,DENTON,MANCHESTER,2014,10,11.98293534
525000,17/12/2014,TN13 3ET,S,N,F,PONTOISE CLOSE,,SEVENOAKS,2014,12,13.17115545
214000,28/03/2014,B48 7NF,D,N,F,THE BUCKLEYS,ALVECHURCH,BIRMINGHAM,2014,3,12.27373597
415000,04/07/2014,BA5 2TJ,S,N,F,NORTH ROAD,,WELLS,2014,7,12.93603621
350000,22/09/2014,OX17 3SF,T,Y,F,HALESTRAP WAY,KINGS SUTTON,BANBURY,2014,9,12.76569129
212500,13/08/2014,CV34 5DX,T,N,F,HANWORTH ROAD,,WARWICK,2014,8,12.26670197
123000,13/06/2014,B42 2JP,S,N,F,SOMERCOTES ROAD,,BIRMINGHAM,2014,6,11.71994776
329000,16/02/2015,SN15 5LJ,F,Y,L,CHIPPENHAM,WILTSHIRE,WILTSHIRE,2015,2,12.70381607
166500,01/05/2015,TF2 8RG,D,N,F,TELFORD,WREKIN,WREKIN,2015,5,12.02275659
430000,13/04/2015,SS9 1AD,S,N,F,LEIGH-ON-SEA,SOUTHEND-ON-SEA,SOUTHEND-ON-SEA,2015,4,12.97154281
290995,05/06/2015,MK43 0ED,S,Y,F,BEDFORD,CENTRAL BEDFORDSHIRE,CENTRAL BEDFORDSHIRE,2015,6,12.5810648
290000,29/05/2015,CT21 4DZ,S,N,F,HYTHE,SHEPWAY,KENT,2015,5,12.57763965
153000,15/06/2015,CA27 0AQ,F,N,L,ST BEES,COPELAND,CUMBRIA,2015,6,11.93819974
146000,04/09/2015,S10 1SN,T,N,L,SHEFFIELD,SHEFFIELD,SOUTH YORKSHIRE,2015,9,11.89136875
111300,26/06/2015,S60 3HL,F,N,L,ROTHERHAM,ROTHERHAM,SOUTH YORKSHIRE,2015,6,11.61999352
405000,02/04/2015,EN4 9ND,F,N,L,BARNET,ENFIELD,GREATER LONDON,2015,4,12.91164482
249950,20/03/2015,HA4 7TX,F,N,L,RUISLIP,HILLINGDON,GREATER LONDON,2015,3,12.42902018
415000,13/03/2015,CM2 6DQ,D,N,F,CHELMSFORD,CHELMSFORD,ESSEX,2015,3,12.93603621
240500,27/03/2015,BB1 9PW,D,N,F,BLACKBURN,RIBBLE VALLEY,LANCASHIRE,2015,3,12.39047953
1130000,28/01/2015,SL0 9DS,D,N,F,IVER,SOUTH BUCKS,BUCKINGHAMSHIRE,2015,1,13.93772908
435000,31/07/2015,RH1 6EL,D,N,F,REDHILL,REIGATE AND BANSTEAD,SURREY,2015,7,12.98310361
163000,30/04/2015,TQ3 1PX,F,N,L,PAIGNTON,TORBAY,TORBAY,2015,4,12.00151161
161000,23/06/2015,AL7 1BX,F,N,L,WELWYN GARDEN CITY,WELWYN HATFIELD,HERTFORDSHIRE,2015,6,11.98916586
69500,07/05/2015,PO15 6QB,F,N,L,FAREHAM,FAREHAM,HAMPSHIRE,2015,5,11.14909642
172950,23/01/2015,CA14 4AD,S,Y,F,WORKINGTON,ALLERDALE,CUMBRIA,2015,1,12.0607636
166500,06/02/2015,NG13 8ET,S,N,F,NOTTINGHAM,RUSHCLIFFE,NOTTINGHAMSHIRE,2015,2,12.02275659
270000,25/08/2015,KT3 3DL,F,N,L,NEW MALDEN,KINGSTON UPON THAMES,GREATER LONDON,2015,8,12.50618094
239950,20/07/2015,SG7 6RU,T,N,F,BALDOCK,NORTH HERTFORDSHIRE,HERTFORDSHIRE,2015,7,12.38819001
187500,30/04/2015,MK43 8LG,S,N,F,BEDFORD,BEDFORD,BEDFORD,2015,4,12.14153946
170000,13/04/2015,LE2 0AP,T,N,F,LEICESTER,LEICESTER,LEICESTER,2015,4,12.0435596
162500,06/07/2015,RG1 6HF,F,N,L,READING,READING,READING,2015,7,11.99843943
260000,19/06/2015,ME15 8LS,T,N,F,MAIDSTONE,MAIDSTONE,KENT,2015,6,12.46844076
160000,07/08/2015,DT9 3EQ,F,N,L,SHERBORNE,WEST DORSET,DORSET,2015,8,11.98293534
250000,28/08/2015,EX14 2UD,D,N,F,HONITON,EAST DEVON,DEVON,2015,8,12.4292202
277000,30/01/2015,IG1 1TT,T,N,F,ILFORD,REDBRIDGE,GREATER LONDON,2015,1,12.5317764
369950,11/09/2015,SO41 6BZ,S,N,F,LYMINGTON,NEW FOREST,HAMPSHIRE,2015,9,12.82112584
394500,30/03/2015,UB6 8TH,T,N,F,GREENFORD,EALING,GREATER LONDON,2015,3,12.88537695
100000,23/01/2015,WA10 2DY,D,N,L,ST HELENS,ST HELENS,MERSEYSIDE,2015,1,11.51293546
220000,02/09/2015,TA1 5AR,D,N,F,TAUNTON,TAUNTON DEANE,SOMERSET,2015,9,12.30138737
110000,09/02/2015,PE11 2TQ,T,N,F,SPALDING,SOUTH HOLLAND,LINCOLNSHIRE,2015,2,11.60824474
98500,07/09/2015,NE21 5HN,T,N,F,BLAYDON-ON-TYNE,GATESHEAD,TYNE AND WEAR,2015,9,11.49782198
208000,16/02/2015,EX32 9BJ,S,N,F,BARNSTAPLE,NORTH DEVON,DEVON,2015,2,12.24529817
266000,13/08/2015,DA15 7JJ,T,N,F,SIDCUP,BEXLEY,GREATER LONDON,2015,8,12.49125535
150000,10/08/2015,HD6 2DQ,D,N,F,BRIGHOUSE,CALDERDALE,WEST YORKSHIRE,2015,8,11.91839724
127000,22/05/2015,S81 9DE,S,N,F,WORKSOP,BASSETLAW,NOTTINGHAMSHIRE,2015,5,11.75195024
78000,28/01/2015,M34 5UN,F,N,L,MANCHESTER,TAMESIDE,GREATER MANCHESTER,2015,1,11.26447693
232500,28/07/2015,SO30 0NX,T,N,F,SOUTHAMPTON,EASTLEIGH,HAMPSHIRE,2015,7,12.35664981
211500,01/05/2015,NP20 5AR,S,N,F,NEWPORT,NEWPORT,NEWPORT,2015,5,12.26198501
780000,05/06/2015,N21 1DU,S,N,F,LONDON,ENFIELD,GREATER LONDON,2015,6,13.56705048
327500,03/07/2015,W3 9LS,F,N,L,LONDON,EALING,GREATER LONDON,2015,7,12.69924639
575000,06/05/2015,CV13 6JB,D,N,F,NUNEATON,HINCKLEY AND BOSWORTH,LEICESTERSHIRE,2015,5,13.26212706
360000,30/07/2015,N16 5NR,F,N,L,LONDON,HACKNEY,GREATER LONDON,2015,7,12.79386209
193000,30/04/2015,LN4 3SD,D,N,F,LINCOLN,NORTH KESTEVEN,LINCOLNSHIRE,2015,4,12.17045065
185000,21/08/2015,SS2 4NL,T,N,F,SOUTHEND-ON-SEA,SOUTHEND-ON-SEA,SOUTHEND-ON-SEA,2015,8,12.12811651
262500,23/01/2015,E10 7PA,F,N,L,LONDON,WALTHAM FOREST,GREATER LONDON,2015,1,12.47801017
550000,20/01/2015,B75 5GA,D,N,F,SUTTON COLDFIELD,BIRMINGHAM,WEST MIDLANDS,2015,1,13.21767538
210000,21/05/2015,LU4 9EZ,S,N,F,LUTON,LUTON,LUTON,2015,5,12.25486757
295000,06/01/2015,PL12 4BA,D,N,F,SALTASH,CORNWALL,CORNWALL,2015,1,12.59473403
174495,30/04/2015,PE19 6BU,F,Y,L,ST NEOTS,HUNTINGDONSHIRE,CAMBRIDGESHIRE,2015,4,12.0696571
135000,26/03/2015,S20 2NT,S,N,F,SHEFFIELD,SHEFFIELD,SOUTH YORKSHIRE,2015,3,11.81303746
725040,06/01/2015,CV32 5HY,T,N,F,LEAMINGTON SPA,WARWICK,WARWICKSHIRE,2015,1,13.49398348
190000,14/07/2015,GL7 4LU,S,N,F,FAIRFORD,COTSWOLD,GLOUCESTERSHIRE,2015,7,12.15478461
408000,15/05/2015,RH12 4PF,D,N,F,HORSHAM,HORSHAM,WEST SUSSEX,2015,5,12.9190249
122000,16/04/2015,FY4 4LU,S,N,F,BLACKPOOL,BLACKPOOL,BLACKPOOL,2015,4,11.71178452
265000,23/04/2015,LN7 6BD,D,N,F,MARKET RASEN,WEST LINDSEY,LINCOLNSHIRE,2015,4,12.48748888
265500,11/06/2015,RH10 7QL,T,N,F,CRAWLEY,CRAWLEY,WEST SUSSEX,2015,6,12.48937389
390000,10/09/2015,IP4 3AX,D,N,F,IPSWICH,IPSWICH,SUFFOLK,2015,9,12.87390458
151000,26/05/2015,LS4 2QJ,T,N,F,LEEDS,LEEDS,WEST YORKSHIRE,2015,5,11.92504174
300000,12/02/2015,HP11 2ST,S,N,F,HIGH WYCOMBE,WYCOMBE,BUCKINGHAMSHIRE,2015,2,12.61154109
121750,23/01/2015,B77 2AS,T,N,F,TAMWORTH,TAMWORTH,STAFFORDSHIRE,2015,1,11.70973325
265000,03/07/2015,RG12 7YJ,T,N,F,BRACKNELL,BRACKNELL FOREST,BRACKNELL FOREST,2015,7,12.48748888
565000,31/03/2015,N1 7SL,F,N,L,LONDON,HACKNEY,GREATER LONDON,2015,3,13.24458278
196100,30/04/2015,YO23 1JB,T,N,F,YORK,YORK,YORK,2015,4,12.18638511
169950,07/08/2015,L16 1JQ,S,N,L,LIVERPOOL,LIVERPOOL,MERSEYSIDE,2015,8,12.04326544
162995,27/01/2015,SG1 4GP,F,Y,L,STEVENAGE,STEVENAGE,HERTFORDSHIRE,2015,1,12.00148094
490000,09/01/2015,BR2 9DA,D,N,F,BROMLEY,BROMLEY,GREATER LONDON,2015,1,13.10216271
152995,06/02/2015,EX5 7AN,F,Y,F,EXETER,EAST DEVON,DEVON,2015,2,11.93816706
120000,17/04/2015,CW11 4JH,S,N,F,SANDBACH,CHESHIRE EAST,CHESHIRE EAST,2015,4,11.69525536
69000,14/08/2015,NG16 3EP,T,N,F,NOTTINGHAM,BROXTOWE,NOTTINGHAMSHIRE,2015,8,11.14187628
350000,10/08/2015,NR28 9RH,D,N,F,NORTH WALSHAM,NORTH NORFOLK,NORFOLK,2015,8,12.76569129
110000,07/09/2015,LN1 3HU,T,N,F,LINCOLN,LINCOLN,LINCOLNSHIRE,2015,9,11.60824474
146000,21/09/2015,TN1 2JJ,F,N,L,TUNBRIDGE WELLS,TUNBRIDGE WELLS,KENT,2015,9,11.89136875
148000,08/06/2015,FY8 3QL,S,N,L,LYTHAM ST ANNES,FYLDE,LANCASHIRE,2015,6,11.90497431
265000,19/06/2015,RG30 6BQ,S,N,F,READING,READING,READING,2015,6,12.48748888
185000,19/05/2015,PE6 9RB,D,N,F,PETERBOROUGH,SOUTH KESTEVEN,LINCOLNSHIRE,2015,5,12.12811651
358500,26/08/2015,FY8 3NB,D,N,F,LYTHAM ST ANNES,FYLDE,LANCASHIRE,2015,8,12.78968673
114000,20/07/2015,CB23 5DR,F,N,L,CAMBRIDGE,SOUTH CAMBRIDGESHIRE,CAMBRIDGESHIRE,2015,7,11.6439625
224950,23/01/2015,HU16 4BX,D,Y,F,COTTINGHAM,EAST RIDING OF YORKSHIRE,EAST RIDING OF YORKSHIRE,2015,1,12.32363788
525000,07/07/2015,GU26 6HQ,S,N,F,HINDHEAD,EAST HAMPSHIRE,HAMPSHIRE,2015,7,13.17115545
1400000,26/03/2015,SL5 7AU,D,N,F,ASCOT,WINDSOR AND MAIDENHEAD,WINDSOR AND MAIDENHEAD,2015,3,14.15198351
195000,09/07/2015,MK45 3BY,T,N,F,BEDFORD,BEDFORD,BEDFORD,2015,7,12.18075997
125000,03/07/2015,LS8 3BF,T,Y,F,LEEDS,LEEDS,WEST YORKSHIRE,2015,7,11.73607702
220000,03/06/2015,SG2 8JR,T,N,F,STEVENAGE,STEVENAGE,HERTFORDSHIRE,2015,6,12.30138737
344000,19/06/2015,BA2 4LY,T,N,F,BATH,BATH AND NORTH EAST SOMERSET,BATH AND NORTH EAST SOMERSET,2015,6,12.74839984
270000,13/03/2015,PO30 3JT,D,N,F,NEWPORT,ISLE OF WIGHT,ISLE OF WIGHT,2015,3,12.50618094
252000,18/05/2015,SS7 2HW,S,N,F,BENFLEET,CASTLE POINT,ESSEX,2015,5,12.43718833
139000,10/08/2015,CW8 1BT,S,N,F,NORTHWICH,CHESHIRE WEST AND CHESTER,CHESHIRE WEST AND CHESTER,2015,8,11.84223641
140000,22/07/2015,SA31 3NZ,D,N,F,CARMARTHEN,CARMARTHENSHIRE,CARMARTHENSHIRE,2015,7,11.84940484
500000,29/04/2015,BN2 3DA,S,N,F,BRIGHTON,BRIGHTON AND HOVE,BRIGHTON AND HOVE,2015,4,13.12236538
110000,21/05/2015,DN5 8RD,S,N,F,DONCASTER,DONCASTER,SOUTH YORKSHIRE,2015,5,11.60824474
245000,30/01/2015,TW18 3EB,F,N,L,STAINES-UPON-THAMES,RUNNYMEDE,SURREY,2015,1,12.40901757
125000,30/01/2015,SO19 8BP,F,N,L,SOUTHAMPTON,SOUTHAMPTON,SOUTHAMPTON,2015,1,11.73607702
191000,21/01/2015,PE37 7TN,D,N,F,SWAFFHAM,BRECKLAND,NORFOLK,2015,1,12.16003394
255000,27/03/2015,IP5 2HR,S,N,F,IPSWICH,SUFFOLK COASTAL,SUFFOLK,2015,3,12.44902275
380000,10/02/2015,TN15 0AL,S,N,F,SEVENOAKS,SEVENOAKS,KENT,2015,2,12.84792916
70000,06/02/2015,CV2 4NP,T,N,F,COVENTRY,COVENTRY,WEST MIDLANDS,2015,2,11.15626481
181500,10/04/2015,BA3 3XU,T,Y,F,RADSTOCK,BATH AND NORTH EAST SOMERSET,BATH AND NORTH EAST SOMERSET,2015,4,12.10901644
191750,30/06/2015,RG24 9PR,T,N,F,BASINGSTOKE,BASINGSTOKE AND DEANE,HAMPSHIRE,2015,6,12.16395293
377000,29/05/2015,SM3 9SZ,T,N,F,SUTTON,SUTTON,GREATER LONDON,2015,5,12.84000312
815000,28/04/2015,KT10 8JJ,S,N,F,ESHER,ELMBRIDGE,SURREY,2015,4,13.61094462
90000,13/03/2015,B30 3NA,F,N,L,BIRMINGHAM,BIRMINGHAM,WEST MIDLANDS,2015,3,11.40757606
192000,10/04/2015,M20 2GA,F,N,L,MANCHESTER,MANCHESTER,GREATER MANCHESTER,2015,4,12.16525586
842500,05/08/2015,BH3 7BT,D,N,F,BOURNEMOUTH,BOURNEMOUTH,BOURNEMOUTH,2015,8,13.64413013
230000,30/01/2015,NR15 2AJ,S,N,F,NORWICH,SOUTH NORFOLK,NORFOLK,2015,1,12.34583894
568500,23/01/2015,IP18 6TG,D,N,F,SOUTHWOLD,SUFFOLK COASTAL,SUFFOLK,2015,1,13.25075835
120000,23/01/2015,PL14 6AS,F,N,L,LISKEARD,CORNWALL,CORNWALL,2015,1,11.69525536
156000,05/05/2015,LS18 5QY,T,N,F,LEEDS,LEEDS,WEST YORKSHIRE,2015,5,11.9576177
125000,07/08/2015,NG15 8AW,S,N,F,NOTTINGHAM,ASHFIELD,NOTTINGHAMSHIRE,2015,8,11.73607702
110000,31/03/2015,S66 2UG,S,N,F,ROTHERHAM,ROTHERHAM,SOUTH YORKSHIRE,2015,3,11.60824474
66000,27/03/2015,NG19 0BJ,T,N,F,MANSFIELD,MANSFIELD,NOTTINGHAMSHIRE,2015,3,11.09742517
69000,10/07/2015,WA3 3PD,T,N,L,WARRINGTON,WIGAN,GREATER MANCHESTER,2015,7,11.14187628
102000,11/03/2015,OL2 7UD,S,N,L,OLDHAM,OLDHAM,GREATER MANCHESTER,2015,3,11.5327379
245000,24/08/2015,YO17 8EY,D,N,F,MALTON,RYEDALE,NORTH YORKSHIRE,2015,8,12.40901757
237500,24/08/2015,B90 1DX,D,N,L,SOLIHULL,BROMSGROVE,WORCESTERSHIRE,2015,8,12.37792711
236000,03/09/2015,CO13 9BX,S,N,F,FRINTON-ON-SEA,TENDRING,ESSEX,2015,9,12.37159132
288000,18/09/2015,SE19 3SS,F,N,L,LONDON,CROYDON,GREATER LONDON,2015,9,12.57071923
102000,04/09/2015,RM17 5RX,F,N,L,GRAYS,THURROCK,THURROCK,2015,9,11.5327379
225000,29/01/2015,RG24 9FJ,T,N,F,BASINGSTOKE,BASINGSTOKE AND DEANE,HAMPSHIRE,2015,1,12.32386013
275000,29/05/2015,CT8 8EP,T,N,F,WESTGATE-ON-SEA,THANET,KENT,2015,5,12.52453001
121000,05/03/2015,DN16 2AR,S,N,F,SCUNTHORPE,NORTH LINCOLNSHIRE,NORTH LINCOLNSHIRE,2015,3,11.70355409
185000,01/07/2015,NR13 6EJ,D,N,F,NORWICH,BROADLAND,NORFOLK,2015,7,12.12811651
125000,31/07/2015,BH8 8UB,F,N,L,BOURNEMOUTH,BOURNEMOUTH,BOURNEMOUTH,2015,7,11.73607702
90000,06/02/2015,NN17 2HS,T,N,F,CORBY,CORBY,NORTHAMPTONSHIRE,2015,2,11.40757606
142500,23/01/2015,DN32 9RZ,S,N,F,GRIMSBY,NORTH EAST LINCOLNSHIRE,NORTH EAST LINCOLNSHIRE,2015,1,11.8671043
115000,27/01/2015,ST3 5RE,S,N,F,STOKE-ON-TRENT,STOKE-ON-TRENT,STOKE-ON-TRENT,2015,1,11.6526961
108000,30/01/2015,ST16 1FB,F,N,L,STAFFORD,STAFFORD,STAFFORDSHIRE,2015,1,11.58989577
112000,12/02/2015,TA18 8DA,F,N,L,CREWKERNE,SOUTH SOMERSET,SOMERSET,2015,2,11.62626308
376500,27/08/2015,E8 1PE,F,N,L,LONDON,HACKNEY,GREATER LONDON,2015,8,12.83867598
105000,27/02/2015,PL24 2FT,S,Y,F,PAR,CORNWALL,CORNWALL,2015,2,11.56172515
145000,31/07/2015,M9 6NS,S,Y,L,MANCHESTER,MANCHESTER,GREATER MANCHESTER,2015,7,11.88449592
345000,29/01/2015,CR3 6LN,S,N,F,CATERHAM,TANDRIDGE,SURREY,2015,1,12.75130259
185000,16/01/2015,PL7 4EY,S,N,F,PLYMOUTH,CITY OF PLYMOUTH,CITY OF PLYMOUTH,2015,1,12.12811651
82500,27/08/2015,SO17 1SE,F,N,L,SOUTHAMPTON,SOUTHAMPTON,SOUTHAMPTON,2015,8,11.32056569
142500,10/03/2015,M3 4AR,F,Y,L,MANCHESTER,MANCHESTER,GREATER MANCHESTER,2015,3,11.8671043
350000,21/08/2015,NR13 5DG,D,N,F,NORWICH,BROADLAND,NORFOLK,2015,8,12.76569129
1737500,05/03/2015,SL5 8AW,D,N,F,ASCOT,BRACKNELL FOREST,BRACKNELL FOREST,2015,3,14.36795843
210000,01/06/2015,DY11 5JH,S,N,F,KIDDERMINSTER,WYRE FOREST,WORCESTERSHIRE,2015,6,12.25486757
364950,27/02/2015,RG24 9XH,D,Y,F,BASINGSTOKE,BASINGSTOKE AND DEANE,HAMPSHIRE,2015,2,12.80751838
225000,31/07/2015,TA18 7BE,S,N,F,CREWKERNE,SOUTH SOMERSET,SOMERSET,2015,7,12.32386013
117000,15/07/2015,WA12 9TJ,T,N,L,NEWTON-LE-WILLOWS,ST HELENS,MERSEYSIDE,2015,7,11.66993776
261300,20/03/2015,SE9 4AN,T,N,F,LONDON,BROMLEY,GREATER LONDON,2015,3,12.47342828
220000,17/03/2015,LL13 9YU,D,N,F,WREXHAM,WREXHAM,WREXHAM,2015,3,12.30138737
480000,22/04/2015,W11 2QG,F,N,L,LONDON,KENSINGTON AND CHELSEA,GREATER LONDON,2015,4,13.08154347
64000,12/02/2015,DN9 1RG,T,N,F,DONCASTER,NORTH LINCOLNSHIRE,NORTH LINCOLNSHIRE,2015,2,11.06665399
332500,15/07/2015,HP5 3AX,F,N,L,CHESHAM,CHILTERN,BUCKINGHAMSHIRE,2015,7,12.71439815
257500,30/03/2015,BS1 6LQ,F,Y,L,BRISTOL,CITY OF BRISTOL,CITY OF BRISTOL,2015,3,12.45877888
114995,29/05/2015,CA14 5QX,S,Y,F,WORKINGTON,ALLERDALE,CUMBRIA,2015,5,11.65265262
275000,29/05/2015,EX2 8GD,D,N,F,EXETER,EXETER,DEVON,2015,5,12.52453001
110000,17/06/2015,B43 5EL,S,N,L,BIRMINGHAM,SANDWELL,WEST MIDLANDS,2015,6,11.60824474
575000,30/01/2015,RG2 7AD,S,N,F,READING,READING,READING,2015,1,13.26212706
90000,13/03/2015,S80 2TP,S,N,F,WORKSOP,BASSETLAW,NOTTINGHAMSHIRE,2015,3,11.40757606
355000,19/06/2015,HA8 8YT,F,N,L,EDGWARE,BARNET,GREATER LONDON,2015,6,12.77987589
300000,15/04/2015,SW19 2EU,F,N,L,LONDON,MERTON,GREATER LONDON,2015,4,12.61154109
332500,27/07/2015,TR7 3AY,S,N,F,NEWQUAY,CORNWALL,CORNWALL,2015,7,12.71439815
289950,03/09/2015,SG12 0XU,T,N,F,WARE,EAST HERTFORDSHIRE,HERTFORDSHIRE,2015,9,12.57746722
274000,24/03/2015,HP13 7QN,S,N,F,HIGH WYCOMBE,BUCKINGHAMSHIRE,BUCKINGHAMSHIRE,2015,3,12.52088703
275000,05/06/2015,RG19 4QT,S,N,F,THATCHAM,WEST BERKSHIRE,WEST BERKSHIRE,2015,6,12.52453001
108000,29/05/2015,CA15 6RY,S,N,F,MARYPORT,ALLERDALE,CUMBRIA,2015,5,11.58989577
59000,22/04/2015,S72 8QG,T,N,F,BARNSLEY,BARNSLEY,SOUTH YORKSHIRE,2015,4,10.98530967
237500,13/08/2015,NE25 8EE,S,N,F,WHITLEY BAY,NORTH TYNESIDE,TYNE AND WEAR,2015,8,12.37792711
400000,21/07/2015,ME16 8TE,S,N,F,MAIDSTONE,MAIDSTONE,KENT,2015,7,12.89922233
145140,29/01/2015,SN11 8NX,T,N,F,CALNE,WILTSHIRE,WILTSHIRE,2015,1,11.88546096
285000,30/04/2015,TQ4 7AB,D,N,F,PAIGNTON,TORBAY,TORBAY,2015,4,12.56024797
134950,18/05/2015,M41 7GA,F,N,L,MANCHESTER,TRAFFORD,GREATER MANCHESTER,2015,5,11.81266703
170000,28/08/2015,HU13 9EJ,T,N,F,HESSLE,EAST RIDING OF YORKSHIRE,EAST RIDING OF YORKSHIRE,2015,8,12.0435596
160000,20/02/2015,LL11 2SP,T,N,F,WREXHAM,WREXHAM,WREXHAM,2015,2,11.98293534
266000,01/07/2015,BN42 4QS,S,N,F,BRIGHTON,ADUR,WEST SUSSEX,2015,7,12.49125535
152500,10/07/2015,GL10 3PJ,F,N,L,STONEHOUSE,STROUD,GLOUCESTERSHIRE,2015,7,11.93492643
610000,21/07/2015,HA5 5LA,S,N,F,PINNER,HARROW,GREATER LONDON,2015,7,13.32121588
960000,15/05/2015,W14 9PS,T,N,F,LONDON,HAMMERSMITH AND FULHAM,GREATER LONDON,2015,5,13.77468961
187500,09/03/2015,GL8 8DF,T,N,F,TETBURY,COTSWOLD,GLOUCESTERSHIRE,2015,3,12.14153946
269000,27/05/2015,SK7 1NN,S,N,L,STOCKPORT,STOCKPORT,GREATER MANCHESTER,2015,5,12.50247038
480000,24/08/2015,BN3 4LU,T,N,F,HOVE,BRIGHTON AND HOVE,BRIGHTON AND HOVE,2015,8,13.08154347
145000,27/02/2015,DA10 0LX,T,N,F,SWANSCOMBE,DARTFORD,KENT,2015,2,11.88449592
248000,07/04/2015,LS6 3FB,F,Y,L,LEEDS,LEEDS,WEST YORKSHIRE,2015,4,12.42118806
180000,10/07/2015,PE3 6HF,S,N,F,PETERBOROUGH,CITY OF PETERBOROUGH,CITY OF PETERBOROUGH,2015,7,12.10071769
165000,12/06/2015,CT11 7QG,S,N,F,RAMSGATE,THANET,KENT,2015,6,12.01370681
207000,05/03/2015,TQ12 5RN,S,N,F,NEWTON ABBOT,TEIGNBRIDGE,DEVON,2015,3,12.2404789
120000,14/08/2015,PE15 0RY,T,N,F,MARCH,FENLAND,CAMBRIDGESHIRE,2015,8,11.69525536
185000,22/04/2015,BL1 7RS,D,N,F,BOLTON,BOLTON,GREATER MANCHESTER,2015,4,12.12811651
180000,31/07/2015,CV21 4AU,S,N,F,RUGBY,RUGBY,WARWICKSHIRE,2015,7,12.10071769
103000,16/01/2015,S9 4BY,S,N,F,SHEFFIELD,SHEFFIELD,SOUTH YORKSHIRE,2015,1,11.54249398
185000,06/03/2015,BN10 7AB,F,N,L,PEACEHAVEN,LEWES,EAST SUSSEX,2015,3,12.12811651
165000,03/08/2015,CV5 7ND,T,N,F,COVENTRY,COVENTRY,WEST MIDLANDS,2015,8,12.01370681
239995,14/08/2015,LU7 3XD,S,N,F,LEIGHTON BUZZARD,CENTRAL BEDFORDSHIRE,CENTRAL BEDFORDSHIRE,2015,8,12.38837754
76000,28/07/2015,DH8 6AW,S,N,F,CONSETT,COUNTY DURHAM,COUNTY DURHAM,2015,7,11.23850178
181000,27/06/2015,GL12 8BW,S,N,F,WOTTON-UNDER-EDGE,SOUTH GLOUCESTERSHIRE,SOUTH GLOUCESTERSHIRE,2015,6,12.10625784
103000,13/04/2015,DN17 1HX,S,N,F,SCUNTHORPE,NORTH LINCOLNSHIRE,NORTH LINCOLNSHIRE,2015,4,11.54249398
160000,19/06/2015,RG21 7TS,F,N,L,BASINGSTOKE,BASINGSTOKE AND DEANE,HAMPSHIRE,2015,6,11.98293534
110500,12/03/2015,B66 4AW,T,N,F,SMETHWICK,SANDWELL,WEST MIDLANDS,2015,3,11.61277985
139500,10/08/2015,BH6 5LY,F,N,L,BOURNEMOUTH,BOURNEMOUTH,BOURNEMOUTH,2015,8,11.84582705
128000,20/07/2015,CH43 7PL,F,N,L,PRENTON,WIRRAL,MERSEYSIDE,2015,7,11.75979336
295000,05/06/2015,UB2 5QF,F,Y,L,SOUTHALL,EALING,GREATER LONDON,2015,6,12.59473403
70000,04/02/2015,SA61 2PF,T,N,F,HAVERFORDWEST,PEMBROKESHIRE,PEMBROKESHIRE,2015,2,11.15626481
123500,29/05/2015,LA3 1AS,T,N,F,MORECAMBE,LANCASTER,LANCASHIRE,2015,5,11.72400453
650000,28/04/2015,CM14 5PS,D,N,F,BRENTWOOD,BRENTWOOD,ESSEX,2015,4,13.38472918
50000,24/09/2015,OL11 3EW,T,N,L,ROCHDALE,ROCHDALE,GREATER MANCHESTER,2015,9,10.81979828
60000,01/09/2015,DN35 8HW,T,N,F,CLEETHORPES,NORTH EAST LINCOLNSHIRE,NORTH EAST LINCOLNSHIRE,2015,9,11.00211651
360000,17/08/2015,SW19 8PW,T,N,F,LONDON,MERTON,GREATER LONDON,2015,8,12.79386209
102000,04/09/2015,ST17 9RP,S,N,F,STAFFORD,STAFFORD,STAFFORDSHIRE,2015,9,11.5327379
153000,28/08/2015,LE4 2RF,S,N,F,LEICESTER,LEICESTER,LEICESTER,2015,8,11.93819974
245000,03/06/2015,WD6 1GB,F,N,L,BOREHAMWOOD,HERTSMERE,HERTFORDSHIRE,2015,6,12.40901757
194000,24/07/2015,RM3 0JW,F,Y,L,ROMFORD,HAVERING,GREATER LONDON,2015,7,12.17561859
50000,11/09/2015,TS17 8NE,T,N,F,STOCKTON-ON-TEES,STOCKTON-ON-TEES,STOCKTON-ON-TEES,2015,9,10.81979828
145000,14/09/2015,NR21 9RU,T,N,F,FAKENHAM,NORTH NORFOLK,NORFOLK,2015,9,11.88449592
139000,04/09/2015,L19 1QY,T,N,F,LIVERPOOL,LIVERPOOL,MERSEYSIDE,2015,9,11.84223641
288000,14/08/2015,BD23 6QN,D,N,F,SKIPTON,CRAVEN,NORTH YORKSHIRE,2015,8,12.57071923
925000,04/09/2015,SL4 2AD,T,N,F,WINDSOR,WINDSOR AND MAIDENHEAD,WINDSOR AND MAIDENHEAD,2015,9,13.7375501
50000,28/08/2015,DN1 2SL,T,N,F,DONCASTER,DONCASTER,SOUTH YORKSHIRE,2015,8,10.81979828
231500,04/09/2015,DL2 2JY,S,N,F,DARLINGTON,DARLINGTON,DARLINGTON,2015,9,12.35233947
73500,13/08/2015,L30 5SD,T,N,F,BOOTLE,SEFTON,MERSEYSIDE,2015,8,11.20505429
210000,14/08/2015,TQ5 9TS,T,N,F,BRIXHAM,TORBAY,TORBAY,2015,8,12.25486757
313000,01/09/2015,SW16 6RS,F,N,L,LONDON,WANDSWORTH,GREATER LONDON,2015,9,12.65396166
63500,10/08/2015,HX2 9SD,T,N,F,HALIFAX,CALDERDALE,WEST YORKSHIRE,2015,8,11.05881093
210000,02/09/2015,BR1 2EG,F,N,L,BROMLEY,BROMLEY,GREATER LONDON,2015,9,12.25486757
108000,27/08/2015,CV2 4FP,T,N,F,COVENTRY,COVENTRY,WEST MIDLANDS,2015,8,11.58989577
164500,04/09/2015,NN2 8QD,S,N,F,NORTHAMPTON,NORTHAMPTON,NORTHAMPTONSHIRE,2015,9,12.01067193
130000,14/09/2015,NG15 9GF,T,N,F,NOTTINGHAM,GEDLING,NOTTINGHAMSHIRE,2015,9,11.77529742
96000,07/09/2015,BH9 3DF,F,N,L,BOURNEMOUTH,BOURNEMOUTH,BOURNEMOUTH,2015,9,11.47211389
106000,28/08/2015,PE3 8EB,T,N,F,PETERBOROUGH,CITY OF PETERBOROUGH,CITY OF PETERBOROUGH,2015,8,11.57120381
169000,06/03/2015,UB5 6UL,F,N,L,NORTHOLT,EALING,GREATER LONDON,2015,3,12.03765991
395000,02/09/2015,TW14 9PD,S,N,F,FELTHAM,HOUNSLOW,GREATER LONDON,2015,9,12.88664358
151000,11/09/2015,NN2 8PZ,S,N,F,NORTHAMPTON,NORTHAMPTON,NORTHAMPTONSHIRE,2015,9,11.92504174
95000,04/09/2015,LE10 1QQ,S,N,F,HINCKLEY,HINCKLEY AND BOSWORTH,LEICESTERSHIRE,2015,9,11.4616427
130000,19/06/2015,BH15 2HP,F,N,L,POOLE,POOLE,POOLE,2015,6,11.77529742
285000,09/09/2015,BR1 5LJ,T,N,F,BROMLEY,LEWISHAM,GREATER LONDON,2015,9,12.56024797
340000,18/08/2015,CF24 4DJ,T,N,F,CARDIFF,CARDIFF,CARDIFF,2015,8,12.73670384
74950,19/08/2015,M30 0WG,S,N,F,MANCHESTER,SALFORD,GREATER MANCHESTER,2015,8,11.22458985
73000,18/09/2015,L13 5YA,T,N,F,LIVERPOOL,LIVERPOOL,MERSEYSIDE,2015,9,11.19822842
20000,22/09/2015,NE37 3DT,F,N,L,WASHINGTON,SUNDERLAND,TYNE AND WEAR,2015,9,9.903537551
90000,17/07/2015,ST3 1NP,T,N,F,STOKE-ON-TRENT,STOKE-ON-TRENT,STOKE-ON-TRENT,2015,7,11.40757606
210000,24/09/2015,CO1 2RT,S,N,F,COLCHESTER,COLCHESTER,ESSEX,2015,9,12.25486757
59950,21/09/2015,DN12 2NJ,S,N,F,DONCASTER,DONCASTER,SOUTH YORKSHIRE,2015,9,11.00128284
22500,26/08/2015,DN34 5TQ,F,N,L,GRIMSBY,NORTH EAST LINCOLNSHIRE,NORTH EAST LINCOLNSHIRE,2015,8,10.02131503
115000,18/09/2015,BD3 0SH,T,N,F,BRADFORD,BRADFORD,WEST YORKSHIRE,2015,9,11.6526961
154500,30/07/2015,WA3 5EF,S,N,F,WARRINGTON,WARRINGTON,WARRINGTON,2015,7,11.94795585
112000,02/09/2015,NN10 9XE,S,N,F,RUSHDEN,EAST NORTHAMPTONSHIRE,NORTHAMPTONSHIRE,2015,9,11.62626308
124950,11/09/2015,YO25 6XX,T,N,F,DRIFFIELD,EAST RIDING OF YORKSHIRE,EAST RIDING OF YORKSHIRE,2015,9,11.73567694
174000,19/08/2015,ME7 4AB,T,N,F,GILLINGHAM,MEDWAY,MEDWAY,2015,8,12.06681633
95000,19/08/2015,ME4 6LX,F,N,L,CHATHAM,MEDWAY,MEDWAY,2015,8,11.4616427
189995,26/05/2015,N17 9GJ,F,Y,L,LONDON,HARINGEY,GREATER LONDON,2015,5,12.1547583
93500,14/08/2015,FY8 3QA,T,N,L,LYTHAM ST ANNES,FYLDE,LANCASHIRE,2015,8,11.44572741
175000,11/09/2015,IG10 2NB,F,N,L,LOUGHTON,EPPING FOREST,ESSEX,2015,9,12.07254697
78000,22/09/2015,WV3 0AJ,T,N,F,WOLVERHAMPTON,WOLVERHAMPTON,WEST MIDLANDS,2015,9,11.26447693
355000,23/09/2015,GU21 5JT,S,N,F,WOKING,WOKING,SURREY,2015,9,12.77987589
212500,08/09/2015,IG1 1TL,F,N,L,ILFORD,REDBRIDGE,GREATER LONDON,2015,9,12.26670197
72000,13/08/2015,SR5 3LQ,S,N,F,SUNDERLAND,SUNDERLAND,TYNE AND WEAR,2015,8,11.18443529
54950,11/09/2015,DE22 2QF,F,N,L,DERBY,CITY OF DERBY,CITY OF DERBY,2015,9,10.91419716
78000,27/08/2015,OL12 9XB,T,N,F,ROCHDALE,ROCHDALE,GREATER MANCHESTER,2015,8,11.26447693
152500,25/09/2015,LE3 0FE,T,N,F,LEICESTER,LEICESTER,LEICESTER,2015,9,11.93492643
60000,18/09/2015,CV11 5UQ,F,N,L,NUNEATON,NUNEATON AND BEDWORTH,WARWICKSHIRE,2015,9,11.00211651
120000,05/08/2015,RM17 5TX,D,N,F,GRAYS,THURROCK,THURROCK,2015,8,11.69525536
175000,11/09/2015,CV4 8DZ,S,N,F,COVENTRY,COVENTRY,WEST MIDLANDS,2015,9,12.07254697
255000,07/09/2015,B14 7NE,D,N,F,BIRMINGHAM,BIRMINGHAM,WEST MIDLANDS,2015,9,12.44902275
985000,14/08/2015,GU22 7JQ,D,N,F,WOKING,WOKING,SURREY,2015,8,13.80039794
80000,18/09/2015,DN14 5HG,T,N,F,GOOLE,EAST RIDING OF YORKSHIRE,EAST RIDING OF YORKSHIRE,2015,9,11.28979441
510000,31/07/2015,KT5 9LP,S,N,F,SURBITON,KINGSTON UPON THAMES,GREATER LONDON,2015,7,13.14216797
125000,26/08/2015,YO8 4QY,S,N,F,SELBY,SELBY,NORTH YORKSHIRE,2015,8,11.73607702
140000,31/07/2015,LA4 6PW,S,N,F,MORECAMBE,LANCASTER,LANCASHIRE,2015,7,11.84940484
153000,19/08/2015,GL2 0XL,T,N,F,GLOUCESTER,GLOUCESTER,GLOUCESTERSHIRE,2015,8,11.93819974
76000,31/07/2015,OL6 8TR,S,N,F,ASHTON-UNDER-LYNE,TAMESIDE,GREATER MANCHESTER,2015,7,11.23850178
60000,17/09/2015,WF17 7SU,T,N,F,BATLEY,KIRKLEES,WEST YORKSHIRE,2015,9,11.00211651
155000,21/08/2015,MK13 0EE,T,N,F,MILTON KEYNES,MILTON KEYNES,MILTON KEYNES,2015,8,11.95118685
160000,31/07/2015,BL6 6PD,D,N,L,BOLTON,BOLTON,GREATER MANCHESTER,2015,7,11.98293534
61000,16/09/2015,WN5 9JH,T,N,L,WIGAN,WIGAN,GREATER MANCHESTER,2015,9,11.01864554
115000,11/09/2015,DE24 8QW,T,N,F,DERBY,CITY OF DERBY,CITY OF DERBY,2015,9,11.6526961
137500,18/09/2015,MK15 9DA,S,N,F,MILTON KEYNES,MILTON KEYNES,MILTON KEYNES,2015,9,11.83138647
512000,11/09/2015,KT14 6DE,S,N,F,WEST BYFLEET,WOKING,SURREY,2015,9,13.14608186
180000,28/08/2015,TQ1 4PF,S,N,F,TORQUAY,TORBAY,TORBAY,2015,8,12.10071769
140000,21/08/2015,NG18 2RP,T,N,F,MANSFIELD,MANSFIELD,NOTTINGHAMSHIRE,2015,8,11.84940484
65500,24/08/2015,L24 2US,T,N,F,LIVERPOOL,LIVERPOOL,MERSEYSIDE,2015,8,11.08982069
114995,13/08/2015,NN3 8ER,T,N,F,NORTHAMPTON,NORTHAMPTON,NORTHAMPTONSHIRE,2015,8,11.65265262
260000,21/07/2015,NN4 0SA,D,N,F,NORTHAMPTON,NORTHAMPTON,NORTHAMPTONSHIRE,2015,7,12.46844076
80000,18/08/2015,HU3 6BY,T,N,F,HULL,CITY OF KINGSTON UPON HULL,CITY OF KINGSTON UPON HULL,2015,8,11.28979441
98500,21/08/2015,SK22 4LQ,T,N,F,HIGH PEAK,HIGH PEAK,DERBYSHIRE,2015,8,11.49782198
215000,26/06/2015,RH10 1AQ,F,N,L,CRAWLEY,CRAWLEY,WEST SUSSEX,2015,6,12.27839796
63000,18/09/2015,S80 2DA,T,N,F,WORKSOP,BASSETLAW,NOTTINGHAMSHIRE,2015,9,11.05090588
92000,18/09/2015,HU5 4GD,T,N,F,HULL,CITY OF KINGSTON UPON HULL,CITY OF KINGSTON UPON HULL,2015,9,11.42955473
310000,11/09/2015,BN1 9AD,S,N,F,BRIGHTON,BRIGHTON AND HOVE,BRIGHTON AND HOVE,2015,9,12.6443308
180000,03/09/2015,CR7 6JD,F,N,L,THORNTON HEATH,CROYDON,GREATER LONDON,2015,9,12.10071769
71000,18/09/2015,HU5 2PL,T,N,F,HULL,CITY OF KINGSTON UPON HULL,CITY OF KINGSTON UPON HULL,2015,9,11.17044924
317500,02/09/2015,GL55 6DR,S,N,F,CHIPPING CAMPDEN,COTSWOLD,GLOUCESTERSHIRE,2015,9,12.66823625
160000,20/08/2015,WR5 3TG,T,N,F,WORCESTER,WORCESTER,WORCESTERSHIRE,2015,8,11.98293534
198000,28/08/2015,GL20 7TA,T,N,F,TEWKESBURY,TEWKESBURY,GLOUCESTERSHIRE,2015,8,12.19602736
24000,16/09/2015,BB11 3LB,T,N,L,BURNLEY,BURNLEY,LANCASHIRE,2015,9,10.08585078
170000,17/04/2015,LU1 1TU,S,N,F,LUTON,LUTON,LUTON,2015,4,12.0435596
21000,22/04/2015,LN12 2LD,D,N,L,MABLETHORPE,EAST LINDSEY,LINCOLNSHIRE,2015,4,9.952325335
73500,17/04/2015,M18 8GQ,S,N,L,MANCHESTER,MANCHESTER,GREATER MANCHESTER,2015,4,11.20505429
97500,20/03/2015,FY3 9DX,S,N,F,BLACKPOOL,BLACKPOOL,BLACKPOOL,2015,3,11.48761791
87000,09/04/2015,B31 1JP,F,N,L,BIRMINGHAM,BIRMINGHAM,WEST MIDLANDS,2015,4,11.37367489
167500,31/03/2015,N18 1XG,F,N,L,LONDON,ENFIELD,GREATER LONDON,2015,3,12.0287446
196995,27/02/2015,BA14 6GN,D,Y,F,TROWBRIDGE,WILTSHIRE,WILTSHIRE,2015,2,12.1909387
80750,20/03/2015,HD2 1RB,F,N,L,HUDDERSFIELD,KIRKLEES,WEST YORKSHIRE,2015,3,11.29912562
71000,21/04/2015,BL9 5AR,T,N,L,BURY,BURY,GREATER MANCHESTER,2015,4,11.17044924
445000,23/03/2015,BN1 5LN,D,N,F,BRIGHTON,BRIGHTON AND HOVE,BRIGHTON AND HOVE,2015,3,13.00583181
50000,28/08/2015,L19 2LX,T,N,F,LIVERPOOL,LIVERPOOL,MERSEYSIDE,2015,8,10.81979828
190000,19/06/2015,TQ6 9HQ,T,N,F,DARTMOUTH,SOUTH HAMS,DEVON,2015,6,12.15478461
180000,11/09/2015,ME14 1JU,F,N,L,MAIDSTONE,MAIDSTONE,KENT,2015,9,12.10071769
88000,28/08/2015,WA5 4HJ,T,N,F,WARRINGTON,WARRINGTON,WARRINGTON,2015,8,11.38510346
121000,14/08/2015,NN14 2JY,S,N,F,KETTERING,KETTERING,NORTHAMPTONSHIRE,2015,8,11.70355409
211000,13/07/2015,SS16 4RX,S,N,F,BASILDON,BASILDON,ESSEX,2015,7,12.25961815
108000,24/07/2015,NG7 2DG,F,N,L,NOTTINGHAM,CITY OF NOTTINGHAM,CITY OF NOTTINGHAM,2015,7,11.58989577
257000,04/08/2015,LE6 0LJ,D,N,F,LEICESTER,HINCKLEY AND BOSWORTH,LEICESTERSHIRE,2015,8,12.45683525
470000,01/06/2015,B68 0LJ,D,N,F,OLDBURY,SANDWELL,WEST MIDLANDS,2015,6,13.0604901
57500,14/08/2015,DL3 6AY,T,N,F,DARLINGTON,DARLINGTON,DARLINGTON,2015,8,10.95955762
166000,15/01/2015,OX3 8HT,F,N,L,OXFORD,OXFORD,OXFORDSHIRE,2015,1,12.01974909
280000,27/02/2015,SM7 2JA,F,N,L,BANSTEAD,REIGATE AND BANSTEAD,SURREY,2015,2,12.54254845
327500,09/01/2015,OX33 1UZ,S,N,F,OXFORD,SOUTH OXFORDSHIRE,OXFORDSHIRE,2015,1,12.69924639
311500,27/04/2015,KT22 8HH,T,N,F,LEATHERHEAD,MOLE VALLEY,SURREY,2015,4,12.64915783
310000,18/08/2015,SO45 3RQ,D,N,F,SOUTHAMPTON,NEW FOREST,HAMPSHIRE,2015,8,12.6443308
170000,09/04/2015,HD9 6EY,D,N,F,HOLMFIRTH,KIRKLEES,WEST YORKSHIRE,2015,4,12.0435596
360000,11/08/2015,HR8 2FT,D,N,F,LEDBURY,HEREFORDSHIRE,HEREFORDSHIRE,2015,8,12.79386209
289000,20/03/2015,CR0 1DX,D,N,F,CROYDON,CROYDON,GREATER LONDON,2015,3,12.57418543
65000,20/02/2015,SK16 4LP,T,N,F,DUKINFIELD,TAMESIDE,GREATER MANCHESTER,2015,2,11.08215793
1300000,14/01/2015,BR2 6AL,D,N,F,KESTON,BROMLEY,GREATER LONDON,2015,1,14.07787559
62000,21/04/2015,HU7 6BQ,T,N,F,HULL,CITY OF KINGSTON UPON HULL,CITY OF KINGSTON UPON HULL,2015,4,11.03490579
391000,28/08/2015,SK6 5BS,D,N,F,STOCKPORT,STOCKPORT,GREATER MANCHESTER,2015,8,12.8764654
380000,13/08/2015,IP10 0HF,D,N,F,IPSWICH,SUFFOLK COASTAL,SUFFOLK,2015,8,12.84792916
85000,30/07/2015,NG16 3DB,S,N,F,NOTTINGHAM,BROXTOWE,NOTTINGHAMSHIRE,2015,7,11.3504183
218000,05/06/2015,MK43 0LG,S,N,F,BEDFORD,CENTRAL BEDFORDSHIRE,CENTRAL BEDFORDSHIRE,2015,6,12.29225493
73500,23/01/2015,CF47 9HW,T,N,F,MERTHYR TYDFIL,MERTHYR TYDFIL,MERTHYR TYDFIL,2015,1,11.20505429
250000,15/05/2015,DE5 3UP,D,N,F,RIPLEY,AMBER VALLEY,DERBYSHIRE,2015,5,12.4292202
203250,19/06/2015,SO50 6AB,T,N,F,EASTLEIGH,EASTLEIGH,HAMPSHIRE,2015,6,12.22219695
215000,10/04/2015,TA8 1JP,D,N,F,BURNHAM-ON-SEA,SEDGEMOOR,SOMERSET,2015,4,12.27839796
580000,14/04/2015,SW16 3RW,S,N,F,LONDON,CROYDON,GREATER LONDON,2015,4,13.27078511
275000,12/03/2015,ST9 0BB,D,N,F,STOKE-ON-TRENT,STAFFORDSHIRE MOORLANDS,STAFFORDSHIRE,2015,3,12.52453001
215000,31/07/2015,MK14 7DD,T,N,F,MILTON KEYNES,MILTON KEYNES,MILTON KEYNES,2015,7,12.27839796
77000,21/08/2015,TS24 0UN,T,N,F,HARTLEPOOL,HARTLEPOOL,HARTLEPOOL,2015,8,11.25157369
272000,17/08/2015,LL28 4HY,D,N,F,COLWYN BAY,CONWY,CONWY,2015,8,12.51356102
88000,14/01/2015,M25 1QE,F,N,L,MANCHESTER,BURY,GREATER MANCHESTER,2015,1,11.38510346
107000,29/06/2015,BB1 9AU,T,N,L,BLACKBURN,BLACKBURN WITH DARWEN,BLACKBURN WITH DARWEN,2015,6,11.58059346
477500,27/04/2015,PO16 8RF,D,N,F,FAREHAM,FAREHAM,HAMPSHIRE,2015,4,13.07632153
499995,20/02/2015,L19 4AB,D,Y,L,LIVERPOOL,LIVERPOOL,MERSEYSIDE,2015,2,13.12235538
110000,31/03/2015,B63 2ED,T,N,F,HALESOWEN,DUDLEY,WEST MIDLANDS,2015,3,11.60824474
280000,07/08/2015,SE4 1NG,F,N,L,LONDON,LEWISHAM,GREATER LONDON,2015,8,12.54254845
162950,10/08/2015,WA15 7DA,S,N,F,ALTRINCHAM,TRAFFORD,GREATER MANCHESTER,2015,8,12.00120482
317500,25/06/2015,SG6 2DR,D,N,F,LETCHWORTH GARDEN CITY,NORTH HERTFORDSHIRE,HERTFORDSHIRE,2015,6,12.66823625
192500,16/06/2015,M4 7LQ,F,N,L,MANCHESTER,MANCHESTER,GREATER MANCHESTER,2015,6,12.16785663
129000,10/04/2015,CV9 2AT,T,N,F,ATHERSTONE,NORTH WARWICKSHIRE,WARWICKSHIRE,2015,4,11.76757544
515000,05/02/2015,HP22 5EF,D,N,F,AYLESBURY,AYLESBURY VALE,BUCKINGHAMSHIRE,2015,2,13.15192412
122500,06/05/2015,WR5 2AT,F,N,L,WORCESTER,WORCESTER,WORCESTERSHIRE,2015,5,11.71587447
267500,20/05/2015,HP12 4TA,T,N,F,HIGH WYCOMBE,WYCOMBE,BUCKINGHAMSHIRE,2015,5,12.49687858
550000,09/01/2015,SW15 3SG,F,N,L,LONDON,WANDSWORTH,GREATER LONDON,2015,1,13.21767538
100000,26/05/2015,CT19 6DF,T,N,F,FOLKESTONE,SHEPWAY,KENT,2015,5,11.51293546
56000,13/08/2015,HU9 1JS,T,N,F,HULL,CITY OF KINGSTON UPON HULL,CITY OF KINGSTON UPON HULL,2015,8,10.93312483
150000,27/04/2015,LL57 4SW,S,N,F,BANGOR,GWYNEDD,GWYNEDD,2015,4,11.91839724
260000,31/07/2015,CA11 8UQ,D,N,F,PENRITH,EDEN,CUMBRIA,2015,7,12.46844076
59000,26/01/2015,BL1 4SH,T,N,L,BOLTON,BOLTON,GREATER MANCHESTER,2015,1,10.98530967
130000,24/04/2015,IP3 8EU,T,N,F,IPSWICH,IPSWICH,SUFFOLK,2015,4,11.77529742
46000,27/06/2015,DY4 8UU,F,N,L,TIPTON,SANDWELL,WEST MIDLANDS,2015,6,10.73641841
131500,04/08/2015,EX39 4HA,T,N,F,BIDEFORD,TORRIDGE,DEVON,2015,8,11.78676974
114000,29/05/2015,DE22 4FT,T,N,F,DERBY,CITY OF DERBY,CITY OF DERBY,2015,5,11.6439625
163500,04/02/2015,PO32 6AS,S,N,F,EAST COWES,ISLE OF WIGHT,ISLE OF WIGHT,2015,2,12.00457439
152500,13/05/2015,PL7 2YE,T,N,F,PLYMOUTH,CITY OF PLYMOUTH,CITY OF PLYMOUTH,2015,5,11.93492643
189000,01/04/2015,BL8 2TG,S,N,L,BURY,BURY,GREATER MANCHESTER,2015,4,12.14950759
249995,13/04/2015,SS7 5TT,S,N,F,BENFLEET,CASTLE POINT,ESSEX,2015,4,12.4292002
195000,10/07/2015,LU7 2SE,T,N,F,LEIGHTON BUZZARD,CENTRAL BEDFORDSHIRE,CENTRAL BEDFORDSHIRE,2015,7,12.18075997
121000,27/03/2015,M24 2SX,S,N,F,MANCHESTER,ROCHDALE,GREATER MANCHESTER,2015,3,11.70355409
60000,28/04/2015,ST3 7LB,S,N,F,STOKE-ON-TRENT,STAFFORD,STAFFORDSHIRE,2015,4,11.00211651
121000,24/04/2015,PE12 6FN,S,N,F,SPALDING,SOUTH HOLLAND,LINCOLNSHIRE,2015,4,11.70355409
205000,16/02/2015,EX17 5HP,S,N,L,CREDITON,MID DEVON,DEVON,2015,2,12.23077014
212000,17/04/2015,WA5 9UT,D,N,F,WARRINGTON,WARRINGTON,WARRINGTON,2015,4,12.26434627
99950,02/03/2015,LL30 2SQ,F,N,L,LLANDUDNO,CONWY,CONWY,2015,3,11.51243534
103500,07/08/2015,HD6 3BB,T,N,F,BRIGHOUSE,CALDERDALE,WEST YORKSHIRE,2015,8,11.54733655
64000,16/06/2015,NE12 8XT,F,N,L,NEWCASTLE UPON TYNE,NORTH TYNESIDE,TYNE AND WEAR,2015,6,11.06665399
135350,17/07/2015,S10 1HS,T,N,F,SHEFFIELD,SHEFFIELD,SOUTH YORKSHIRE,2015,7,11.81562668
167000,09/02/2015,M41 5RL,T,N,F,MANCHESTER,TRAFFORD,GREATER MANCHESTER,2015,2,12.02575508
212000,19/08/2015,NE65 8DS,T,N,F,MORPETH,NORTHUMBERLAND,NORTHUMBERLAND,2015,8,12.26434627
108000,07/07/2015,NG31 8EH,D,N,F,GRANTHAM,SOUTH KESTEVEN,LINCOLNSHIRE,2015,7,11.58989577
161000,16/02/2015,WV13 2SQ,S,N,F,WILLENHALL,WALSALL,WEST MIDLANDS,2015,2,11.98916586
300000,27/07/2015,SN4 0RW,D,N,F,SWINDON,SWINDON,SWINDON,2015,7,12.61154109
424995,31/07/2015,EN1 3RG,T,N,F,ENFIELD,ENFIELD,GREATER LONDON,2015,7,12.95983504
272000,19/06/2015,PO35 5SR,D,N,F,BEMBRIDGE,ISLE OF WIGHT,ISLE OF WIGHT,2015,6,12.51356102
189995,15/01/2015,NN5 6XP,S,N,F,NORTHAMPTON,NORTHAMPTON,NORTHAMPTONSHIRE,2015,1,12.1547583
250000,24/03/2015,SS11 7BQ,T,N,F,WICKFORD,CHELMSFORD,ESSEX,2015,3,12.4292202
270000,27/03/2015,RM12 6TT,T,N,F,HORNCHURCH,HAVERING,GREATER LONDON,2015,3,12.50618094
427500,12/06/2015,BS10 5HG,D,N,F,BRISTOL,CITY OF BRISTOL,CITY OF BRISTOL,2015,6,12.96571191
120000,04/03/2015,PL9 9TS,T,N,F,PLYMOUTH,CITY OF PLYMOUTH,CITY OF PLYMOUTH,2015,3,11.69525536
165000,26/06/2015,ME2 3DS,T,N,F,ROCHESTER,MEDWAY,MEDWAY,2015,6,12.01370681
230000,03/07/2015,L19 3PH,T,N,F,LIVERPOOL,LIVERPOOL,MERSEYSIDE,2015,7,12.34583894
290000,07/01/2015,BL8 3FS,D,N,F,BURY,BURY,GREATER MANCHESTER,2015,1,12.57763965
140000,28/08/2015,BS4 1BX,T,N,F,BRISTOL,CITY OF BRISTOL,CITY OF BRISTOL,2015,8,11.84940484
458000,11/06/2015,BN23 5PZ,F,N,L,EASTBOURNE,EASTBOURNE,EAST SUSSEX,2015,6,13.03462665
320000,31/03/2015,BA2 0EN,T,N,F,BATH,BATH AND NORTH EAST SOMERSET,BATH AND NORTH EAST SOMERSET,2015,3,12.6760794
115000,27/07/2015,MK17 8NE,F,N,L,MILTON KEYNES,MILTON KEYNES,MILTON KEYNES,2015,7,11.6526961
300000,27/08/2015,NR31 6HT,D,N,F,GREAT YARMOUTH,GREAT YARMOUTH,NORFOLK,2015,8,12.61154109
185000,30/01/2015,SK10 5NH,T,N,F,MACCLESFIELD,CHESHIRE EAST,CHESHIRE EAST,2015,1,12.12811651
115000,17/07/2015,TQ6 9BJ,T,N,L,DARTMOUTH,SOUTH HAMS,DEVON,2015,7,11.6526961
124950,31/03/2015,SA14 8ER,D,N,F,LLANELLI,CARMARTHENSHIRE,CARMARTHENSHIRE,2015,3,11.73567694
250000,23/04/2015,BN21 2RL,D,N,F,EASTBOURNE,EASTBOURNE,EAST SUSSEX,2015,4,12.4292202
150000,10/06/2015,M9 0GA,D,N,L,MANCHESTER,MANCHESTER,GREATER MANCHESTER,2015,6,11.91839724
149950,12/08/2015,TR18 3AB,F,N,L,PENZANCE,CORNWALL,CORNWALL,2015,8,11.91806385
240000,31/03/2015,EX2 7GT,S,Y,F,EXETER,EXETER,DEVON,2015,3,12.38839837
1155000,08/07/2015,SE10 8JZ,T,N,F,LONDON,GREENWICH,GREATER LONDON,2015,7,13.95961177
153500,06/03/2015,PO19 7HF,F,N,L,CHICHESTER,CHICHESTER,WEST SUSSEX,2015,3,11.94146236
225000,26/06/2015,EX7 0ER,S,Y,F,DAWLISH,TEIGNBRIDGE,DEVON,2015,6,12.32386013
389000,20/02/2015,PE7 3SU,D,N,F,PETERBOROUGH,HUNTINGDONSHIRE,CAMBRIDGESHIRE,2015,2,12.87133719
267995,11/03/2015,BA3 4NL,D,Y,F,RADSTOCK,BATH AND NORTH EAST SOMERSET,BATH AND NORTH EAST SOMERSET,2015,3,12.49872733
165000,10/07/2015,SY5 6DB,S,N,F,SHREWSBURY,SHROPSHIRE,SHROPSHIRE,2015,7,12.01370681
207500,14/05/2015,CV8 1FZ,T,N,F,KENILWORTH,WARWICK,WARWICKSHIRE,2015,5,12.24289144
700000,14/01/2015,HP4 2NW,D,N,F,BERKHAMSTED,DACORUM,HERTFORDSHIRE,2015,1,13.45883704
126000,16/07/2015,CF62 3EY,T,N,F,BARRY,THE VALE OF GLAMORGAN,THE VALE OF GLAMORGAN,2015,7,11.74404512
52500,10/04/2015,WF12 0AS,T,N,L,DEWSBURY,KIRKLEES,WEST YORKSHIRE,2015,4,10.8685875
195500,02/02/2015,LU4 9EW,S,N,F,LUTON,LUTON,LUTON,2015,2,12.18332077
173000,18/05/2015,CV11 6NQ,D,N,F,NUNEATON,NUNEATON AND BEDWORTH,WARWICKSHIRE,2015,5,12.06105265
295000,24/07/2015,CO5 0HA,S,N,F,COLCHESTER,COLCHESTER,ESSEX,2015,7,12.59473403
79000,10/07/2015,DH8 6JT,T,N,F,CONSETT,COUNTY DURHAM,COUNTY DURHAM,2015,7,11.27721579
114000,16/01/2015,NE21 6PX,S,N,F,BLAYDON-ON-TYNE,GATESHEAD,TYNE AND WEAR,2015,1,11.6439625
189995,13/07/2015,NN29 7LR,S,N,F,WELLINGBOROUGH,WELLINGBOROUGH,NORTHAMPTONSHIRE,2015,7,12.1547583
175000,24/04/2015,LE11 5YB,S,N,F,LOUGHBOROUGH,CHARNWOOD,LEICESTERSHIRE,2015,4,12.07254697
115000,17/07/2015,PL5 1AZ,T,N,F,PLYMOUTH,CITY OF PLYMOUTH,CITY OF PLYMOUTH,2015,7,11.6526961
405000,13/07/2015,RG22 5HU,D,N,F,BASINGSTOKE,BASINGSTOKE AND DEANE,HAMPSHIRE,2015,7,12.91164482
253000,15/05/2015,DT4 7RE,S,N,F,WEYMOUTH,WEYMOUTH AND PORTLAND,DORSET,2015,5,12.44114872
175000,07/08/2015,S41 8RN,S,N,F,CHESTERFIELD,CHESTERFIELD,DERBYSHIRE,2015,8,12.07254697
317000,30/06/2015,PE31 6BH,D,N,F,KING'S LYNN,KING'S LYNN AND WEST NORFOLK,NORFOLK,2015,6,12.66666021
254995,05/06/2015,CV6 2HJ,D,Y,F,COVENTRY,COVENTRY,WEST MIDLANDS,2015,6,12.44900314
197500,15/05/2015,SO19 2BH,S,N,F,SOUTHAMPTON,SOUTHAMPTON,SOUTHAMPTON,2015,5,12.19349893
350000,10/07/2015,GL50 2AR,D,N,F,CHELTENHAM,CHELTENHAM,GLOUCESTERSHIRE,2015,7,12.76569129
142000,17/04/2015,DH1 2QD,F,N,L,DURHAM,COUNTY DURHAM,COUNTY DURHAM,2015,4,11.86358938
280000,06/03/2015,TN6 2BB,S,N,F,CROWBOROUGH,WEALDEN,EAST SUSSEX,2015,3,12.54254845
288000,12/03/2015,OX11 7BL,D,N,F,DIDCOT,SOUTH OXFORDSHIRE,OXFORDSHIRE,2015,3,12.57071923
195000,05/01/2015,N8 7NU,F,N,L,LONDON,HARINGEY,GREATER LONDON,2015,1,12.18075997
315000,21/08/2015,YO13 0SG,D,N,F,SCARBOROUGH,SCARBOROUGH,NORTH YORKSHIRE,2015,8,12.66033109
109000,01/05/2015,CF14 7AU,F,N,L,CARDIFF,CARDIFF,CARDIFF,2015,5,11.59911234
112500,24/07/2015,SN15 4QZ,T,N,F,CHIPPENHAM,WILTSHIRE,WILTSHIRE,2015,7,11.63071739
245000,28/04/2015,WS7 3QL,D,N,F,BURNTWOOD,LICHFIELD,STAFFORDSHIRE,2015,4,12.40901757
280000,03/08/2015,BS10 5BS,S,N,F,BRISTOL,CITY OF BRISTOL,CITY OF BRISTOL,2015,8,12.54254845
925000,14/05/2015,EX33 1JG,D,N,F,BRAUNTON,NORTH DEVON,DEVON,2015,5,13.7375501
207000,08/01/2015,SG2 8PJ,T,N,F,STEVENAGE,STEVENAGE,HERTFORDSHIRE,2015,1,12.2404789
745000,01/07/2015,RG25 3HT,D,N,F,BASINGSTOKE,BASINGSTOKE AND DEANE,HAMPSHIRE,2015,7,13.52114084
2150000,06/01/2015,N2 0EW,S,N,F,LONDON,BARNET,GREATER LONDON,2015,1,14.58097887
1260000,09/04/2015,RH13 8DE,D,N,F,HORSHAM,HORSHAM,WEST SUSSEX,2015,4,14.04662307
289000,30/06/2015,RM16 6DT,F,N,L,GRAYS,THURROCK,THURROCK,2015,6,12.57418543
185000,06/02/2015,BS3 3NQ,F,N,L,BRISTOL,CITY OF BRISTOL,CITY OF BRISTOL,2015,2,12.12811651
83000,14/05/2015,L15 4HN,T,N,F,LIVERPOOL,LIVERPOOL,MERSEYSIDE,2015,5,11.32660793
236000,27/02/2015,CF83 2XJ,D,N,F,CAERPHILLY,CAERPHILLY,CAERPHILLY,2015,2,12.37159132
92000,08/04/2015,NN8 1JF,T,N,F,WELLINGBOROUGH,WELLINGBOROUGH,NORTHAMPTONSHIRE,2015,4,11.42955473
225000,17/02/2015,SS3 0HA,S,N,F,SOUTHEND-ON-SEA,ROCHFORD,ESSEX,2015,2,12.32386013
94000,13/07/2015,YO15 2PQ,F,N,L,BRIDLINGTON,EAST RIDING OF YORKSHIRE,EAST RIDING OF YORKSHIRE,2015,7,11.4510607
391500,27/02/2015,SM1 3EA,S,N,F,SUTTON,SUTTON,GREATER LONDON,2015,2,12.87774335
155000,29/07/2015,CV34 5DQ,T,N,F,WARWICK,WARWICK,WARWICKSHIRE,2015,7,11.95118685
125000,29/01/2015,SN3 2PQ,T,N,F,SWINDON,SWINDON,SWINDON,2015,1,11.73607702
177000,31/07/2015,NE25 9RT,S,N,F,WHITLEY BAY,NORTH TYNESIDE,TYNE AND WEAR,2015,7,12.08391066
675000,25/02/2015,AL8 6SR,S,N,L,WELWYN GARDEN CITY,WELWYN HATFIELD,HERTFORDSHIRE,2015,2,13.42246945
175000,24/04/2015,CH7 1SH,D,N,F,MOLD,FLINTSHIRE,FLINTSHIRE,2015,4,12.07254697
335000,05/06/2015,SN3 4RZ,T,N,F,SWINDON,SWINDON,SWINDON,2015,6,12.7218888
116000,21/07/2015,WA1 3DG,S,N,L,WARRINGTON,WARRINGTON,WARRINGTON,2015,7,11.66135409
1487000,10/08/2015,SW16 2EU,D,N,F,LONDON,LAMBETH,GREATER LONDON,2015,8,14.2122719
124500,29/05/2015,M22 4WU,S,N,F,MANCHESTER,MANCHESTER,GREATER MANCHESTER,2015,5,11.73206903
345000,06/08/2015,EX31 2QA,D,N,F,BARNSTAPLE,NORTH DEVON,DEVON,2015,8,12.75130259
110000,24/07/2015,CV6 3AR,T,N,F,COVENTRY,COVENTRY,WEST MIDLANDS,2015,7,11.60824474
59500,05/03/2015,SA1 8NX,T,N,F,SWANSEA,SWANSEA,SWANSEA,2015,3,10.9937484
139000,10/07/2015,TS18 4NB,S,N,F,STOCKTON-ON-TEES,STOCKTON-ON-TEES,STOCKTON-ON-TEES,2015,7,11.84223641
314500,21/08/2015,YO30 4UW,D,N,F,YORK,YORK,YORK,2015,8,12.65874253
93000,25/06/2015,LN1 3UQ,T,N,F,LINCOLN,LINCOLN,LINCOLNSHIRE,2015,6,11.44036552
289995,13/07/2015,TA20 1FH,D,Y,F,CHARD,SOUTH SOMERSET,SOMERSET,2015,7,12.57762241
232500,15/06/2015,GU35 0DH,T,N,F,BORDON,EAST HAMPSHIRE,HAMPSHIRE,2015,6,12.35664981
439000,21/05/2015,SE16 7BW,F,N,L,LONDON,SOUTHWARK,GREATER LONDON,2015,5,12.99225697
126500,25/03/2015,FY2 9LT,S,N,F,BLACKPOOL,BLACKPOOL,BLACKPOOL,2015,3,11.74800549
357000,11/09/2015,CR2 0AQ,T,N,L,SOUTH CROYDON,CROYDON,GREATER LONDON,2015,9,12.78549386
525000,12/02/2015,OX33 1YP,D,N,F,OXFORD,SOUTH OXFORDSHIRE,OXFORDSHIRE,2015,2,13.17115545
110000,18/05/2015,S72 8LY,S,N,F,BARNSLEY,BARNSLEY,SOUTH YORKSHIRE,2015,5,11.60824474
83000,28/05/2015,WF9 1HT,S,N,F,PONTEFRACT,WAKEFIELD,WEST YORKSHIRE,2015,5,11.32660793
224000,18/06/2015,CO2 8XW,D,N,F,COLCHESTER,COLCHESTER,ESSEX,2015,6,12.3194058
280000,19/05/2015,HA4 9DZ,F,N,L,RUISLIP,HILLINGDON,GREATER LONDON,2015,5,12.54254845
500000,17/02/2015,SW11 4DF,F,N,L,LONDON,WANDSWORTH,GREATER LONDON,2015,2,13.12236538
290950,23/03/2015,LE16 8GJ,D,Y,F,MARKET HARBOROUGH,HARBOROUGH,LEICESTERSHIRE,2015,3,12.58091015
210000,21/08/2015,RH11 8XJ,T,N,F,CRAWLEY,CRAWLEY,WEST SUSSEX,2015,8,12.25486757
175000,20/02/2015,PO13 8HL,T,N,F,LEE-ON-THE-SOLENT,GOSPORT,HAMPSHIRE,2015,2,12.07254697
170000,17/08/2015,CO10 2HT,T,N,F,SUDBURY,BABERGH,SUFFOLK,2015,8,12.0435596
135000,10/04/2015,NG3 6JS,D,N,F,NOTTINGHAM,CITY OF NOTTINGHAM,CITY OF NOTTINGHAM,2015,4,11.81303746
292500,31/07/2015,AL8 7QP,T,N,F,WELWYN GARDEN CITY,WELWYN HATFIELD,HERTFORDSHIRE,2015,7,12.58622336
154995,27/03/2015,SA62 4AF,S,Y,F,HAVERFORDWEST,PEMBROKESHIRE,PEMBROKESHIRE,2015,3,11.95115459
86000,28/08/2015,DY4 8BF,F,N,L,TIPTON,SANDWELL,WEST MIDLANDS,2015,8,11.3621142
185000,24/07/2015,ME5 8SD,T,N,F,CHATHAM,MEDWAY,MEDWAY,2015,7,12.12811651
275000,23/02/2015,TA21 0EH,D,N,F,WELLINGTON,TAUNTON DEANE,SOMERSET,2015,2,12.52453001
133500,27/02/2015,CF35 6DB,F,N,L,BRIDGEND,BRIDGEND,BRIDGEND,2015,2,11.80186425
154500,03/08/2015,LA1 4UL,T,N,F,LANCASTER,LANCASTER,LANCASHIRE,2015,8,11.94795585
425000,17/04/2015,KT11 2NZ,F,N,L,COBHAM,ELMBRIDGE,SURREY,2015,4,12.9598468
145121,06/03/2015,MK18 1GD,F,Y,L,BUCKINGHAM,AYLESBURY VALE,BUCKINGHAMSHIRE,2015,3,11.88533005
82000,05/02/2015,SK9 2EL,F,N,L,WILMSLOW,CHESHIRE EAST,CHESHIRE EAST,2015,2,11.31448672
280000,05/06/2015,CR8 3AA,F,N,L,PURLEY,CROYDON,GREATER LONDON,2015,6,12.54254845
152000,24/03/2015,RG2 7BH,F,N,L,READING,READING,READING,2015,3,11.93164238
595000,28/07/2015,B13 9RX,S,N,F,BIRMINGHAM,BIRMINGHAM,WEST MIDLANDS,2015,7,13.29631837
350000,01/04/2015,DT9 6NY,D,N,F,SHERBORNE,WEST DORSET,DORSET,2015,4,12.76569129
155000,16/02/2015,PE32 2UA,D,N,F,KING'S LYNN,BRECKLAND,NORFOLK,2015,2,11.95118685
735000,19/02/2015,EC4A 1DT,F,Y,L,LONDON,CITY OF LONDON,GREATER LONDON,2015,2,13.50762714
235000,07/04/2015,M21 8TF,T,N,F,MANCHESTER,TRAFFORD,GREATER MANCHESTER,2015,4,12.36734505
120000,06/03/2015,NP12 2PR,D,N,F,BLACKWOOD,CAERPHILLY,CAERPHILLY,2015,3,11.69525536
95000,22/06/2015,SK13 1LX,T,N,F,GLOSSOP,HIGH PEAK,DERBYSHIRE,2015,6,11.4616427
248000,20/02/2015,BL8 1DB,D,N,F,BURY,BURY,GREATER MANCHESTER,2015,2,12.42118806
175500,16/01/2015,SK2 7AX,T,N,L,STOCKPORT,STOCKPORT,GREATER MANCHESTER,2015,1,12.07540002
275000,24/04/2015,GU1 3LL,F,N,L,GUILDFORD,GUILDFORD,SURREY,2015,4,12.52453001
312500,10/07/2015,PL20 7UY,D,N,F,YELVERTON,WEST DEVON,DEVON,2015,7,12.65236295
170000,16/02/2015,S18 7SS,T,N,F,DRONFIELD,NORTH EAST DERBYSHIRE,DERBYSHIRE,2015,2,12.0435596
215000,04/08/2015,NR9 3EW,S,N,F,NORWICH,SOUTH NORFOLK,NORFOLK,2015,8,12.27839796
145000,29/04/2015,CV37 7LZ,F,N,L,STRATFORD-UPON-AVON,STRATFORD-ON-AVON,WARWICKSHIRE,2015,4,11.88449592
103750,21/09/2016,CF62 6NT,F,N,L,BARRY,THE VALE OF GLAMORGAN,THE VALE OF GLAMORGAN,2016,9,11.54974908
165000,16/09/2016,NP10 9DN,S,N,F,NEWPORT,NEWPORT,NEWPORT,2016,9,12.01370681
90000,02/09/2016,SA11 3SD,S,N,F,NEATH,NEATH PORT TALBOT,NEATH PORT TALBOT,2016,9,11.40757606
105000,22/08/2016,CF63 2QN,T,N,F,BARRY,THE VALE OF GLAMORGAN,THE VALE OF GLAMORGAN,2016,8,11.56172515
67500,30/08/2016,NP18 1HA,S,N,F,NEWPORT,TORFAEN,TORFAEN,2016,8,11.11989769
127000,29/07/2016,NP20 6LR,S,N,F,NEWPORT,NEWPORT,NEWPORT,2016,7,11.75195024
110000,15/09/2016,SA13 3HS,T,N,F,PORT TALBOT,NEATH PORT TALBOT,NEATH PORT TALBOT,2016,9,11.60824474
105000,15/08/2016,NP12 2NR,S,N,F,BLACKWOOD,CAERPHILLY,CAERPHILLY,2016,8,11.56172515
159000,18/08/2016,SA15 4LS,D,N,F,LLANELLI,CARMARTHENSHIRE,CARMARTHENSHIRE,2016,8,11.97666577
135000,05/09/2016,CF83 2RW,T,N,F,CAERPHILLY,CAERPHILLY,CAERPHILLY,2016,9,11.81303746
175050,26/08/2016,CF24 0LB,T,N,F,CARDIFF,CARDIFF,CARDIFF,2016,8,12.07283264
187000,26/08/2016,CF62 7EZ,D,N,F,BARRY,THE VALE OF GLAMORGAN,THE VALE OF GLAMORGAN,2016,8,12.13886924
230000,19/08/2016,CF3 4BU,D,N,F,CARDIFF,CARDIFF,CARDIFF,2016,8,12.34583894
88000,16/09/2016,LD7 1UP,D,N,F,KNIGHTON,POWYS,POWYS,2016,9,11.38510346
305000,30/08/2016,CF71 7QE,S,N,F,COWBRIDGE,THE VALE OF GLAMORGAN,THE VALE OF GLAMORGAN,2016,8,12.62807033
98000,31/08/2016,SA6 7PW,D,N,L,SWANSEA,SWANSEA,SWANSEA,2016,8,11.49273296
155000,26/08/2016,CF15 7SU,T,N,F,CARDIFF,RHONDDA CYNON TAFF,RHONDDA CYNON TAFF,2016,8,11.95118685
180000,02/09/2016,CF11 9NS,T,N,F,CARDIFF,CARDIFF,CARDIFF,2016,9,12.10071769
95000,19/08/2016,LL57 3PG,T,N,F,BANGOR,GWYNEDD,GWYNEDD,2016,8,11.4616427
64950,19/07/2016,CF32 7DN,S,N,F,BRIDGEND,BRIDGEND,BRIDGEND,2016,7,11.08138842
180000,12/08/2016,NP26 5RG,T,N,F,CALDICOT,MONMOUTHSHIRE,MONMOUTHSHIRE,2016,8,12.10071769
157000,30/08/2016,CF62 8NU,T,N,F,BARRY,THE VALE OF GLAMORGAN,THE VALE OF GLAMORGAN,2016,8,11.96400745
120000,02/09/2016,SA14 9LD,T,N,F,LLANELLI,CARMARTHENSHIRE,CARMARTHENSHIRE,2016,9,11.69525536
75000,15/09/2016,CF83 2PJ,S,N,F,CAERPHILLY,CAERPHILLY,CAERPHILLY,2016,9,11.22525673
52000,17/08/2016,SA10 9AH,T,N,F,NEATH,NEATH PORT TALBOT,NEATH PORT TALBOT,2016,8,10.85901823
240000,16/08/2016,LL13 0LJ,D,N,F,WREXHAM,WREXHAM,WREXHAM,2016,8,12.38839837
215000,23/09/2016,CH8 8AP,S,N,F,HOLYWELL,FLINTSHIRE,FLINTSHIRE,2016,9,12.27839796
130000,22/08/2016,SY21 7UL,S,N,F,WELSHPOOL,POWYS,POWYS,2016,8,11.77529742
118000,09/09/2016,LL15 1EU,T,N,F,RUTHIN,DENBIGHSHIRE,DENBIGHSHIRE,2016,9,11.67844838
89500,24/08/2016,CH5 4XW,S,N,F,DEESIDE,FLINTSHIRE,FLINTSHIRE,2016,8,11.40200508
218000,07/09/2016,LL18 5JL,D,N,F,RHYL,CONWY,CONWY,2016,9,12.29225493
540000,14/09/2016,CF71 7NE,D,N,F,COWBRIDGE,THE VALE OF GLAMORGAN,THE VALE OF GLAMORGAN,2016,9,13.19932627
90000,06/05/2016,NP23 5BS,S,N,F,EBBW VALE,BLAENAU GWENT,BLAENAU GWENT,2016,5,11.40757606
535000,01/09/2016,NP16 6UB,D,N,F,CHEPSTOW,MONMOUTHSHIRE,MONMOUTHSHIRE,2016,9,13.1900239
95000,29/07/2016,CF37 4PH,T,N,F,PONTYPRIDD,RHONDDA CYNON TAFF,RHONDDA CYNON TAFF,2016,7,11.4616427
152000,16/09/2016,CF5 2PD,T,N,F,CARDIFF,CARDIFF,CARDIFF,2016,9,11.93164238
200000,31/08/2016,LL18 2YH,D,N,F,RHYL,DENBIGHSHIRE,DENBIGHSHIRE,2016,8,12.20607765
134500,29/07/2016,CF62 4PT,T,N,F,BARRY,THE VALE OF GLAMORGAN,THE VALE OF GLAMORGAN,2016,7,11.80932691
120000,12/08/2016,CF15 8LG,T,N,F,CARDIFF,CARDIFF,CARDIFF,2016,8,11.69525536
103000,08/09/2016,SA15 5YF,T,N,F,LLANELLI,CARMARTHENSHIRE,CARMARTHENSHIRE,2016,9,11.54249398
147500,26/08/2016,CF3 5PS,T,N,F,CARDIFF,CARDIFF,CARDIFF,2016,8,11.90159023
97000,26/08/2016,CH8 9SN,S,N,F,HOLYWELL,FLINTSHIRE,FLINTSHIRE,2016,8,11.48247657
222500,06/07/2016,CH5 3SH,D,N,F,DEESIDE,FLINTSHIRE,FLINTSHIRE,2016,7,12.31268687
60000,22/09/2016,CF42 5NE,T,N,F,TREORCHY,RHONDDA CYNON TAFF,RHONDDA CYNON TAFF,2016,9,11.00211651
92550,19/08/2016,NP11 7EU,T,N,F,NEWPORT,CAERPHILLY,CAERPHILLY,2016,8,11.43551512
78000,08/09/2016,CF62 7NP,F,N,L,BARRY,THE VALE OF GLAMORGAN,THE VALE OF GLAMORGAN,2016,9,11.26447693
115000,26/08/2016,SA12 7RP,S,N,F,PORT TALBOT,NEATH PORT TALBOT,NEATH PORT TALBOT,2016,8,11.6526961
67500,16/09/2016,SA12 8TH,F,N,L,PORT TALBOT,NEATH PORT TALBOT,NEATH PORT TALBOT,2016,9,11.11989769
69500,05/09/2016,SA5 5JB,T,N,F,SWANSEA,SWANSEA,SWANSEA,2016,9,11.14909642
34400,27/09/2016,CF45 4TR,F,N,L,MOUNTAIN ASH,RHONDDA CYNON TAFF,RHONDDA CYNON TAFF,2016,9,10.44584091
148000,26/08/2016,SA4 0UB,T,N,F,SWANSEA,CARMARTHENSHIRE,CARMARTHENSHIRE,2016,8,11.90497431
60000,25/08/2016,CF47 0HX,T,N,F,MERTHYR TYDFIL,MERTHYR TYDFIL,MERTHYR TYDFIL,2016,8,11.00211651
250000,19/08/2016,SY20 9NT,D,N,F,MACHYNLLETH,POWYS,POWYS,2016,8,12.4292202
207000,29/07/2016,CF42 6RN,D,N,F,TREORCHY,RHONDDA CYNON TAFF,RHONDDA CYNON TAFF,2016,7,12.2404789
325000,06/05/2016,LL29 7RB,D,N,F,COLWYN BAY,CONWY,CONWY,2016,5,12.69158354
230000,26/08/2016,LL19 9ES,D,N,F,PRESTATYN,DENBIGHSHIRE,DENBIGHSHIRE,2016,8,12.34583894
80000,02/09/2016,LL18 5BZ,S,N,F,RHYL,CONWY,CONWY,2016,9,11.28979441
103000,10/08/2016,CF34 0DE,T,N,F,MAESTEG,BRIDGEND,BRIDGEND,2016,8,11.54249398
425000,15/08/2016,SY15 6HW,D,N,F,MONTGOMERY,POWYS,POWYS,2016,8,12.9598468
60000,08/09/2016,SY16 1BW,T,N,F,NEWTOWN,POWYS,POWYS,2016,9,11.00211651
154000,23/09/2016,SA3 5PF,S,N,F,SWANSEA,SWANSEA,SWANSEA,2016,9,11.94471437
126000,28/07/2016,LL56 4HJ,T,N,F,Y FELINHELI,GWYNEDD,GWYNEDD,2016,7,11.74404512
77000,02/09/2016,CF45 3RG,T,N,F,MOUNTAIN ASH,RHONDDA CYNON TAFF,RHONDDA CYNON TAFF,2016,9,11.25157369
88500,31/08/2016,SA10 6TB,S,N,L,NEATH,NEATH PORT TALBOT,NEATH PORT TALBOT,2016,8,11.39076913
135000,16/08/2016,LL30 3NH,D,N,F,LLANDUDNO,CONWY,CONWY,2016,8,11.81303746
97500,02/09/2016,SA10 7BE,T,N,F,NEATH,NEATH PORT TALBOT,NEATH PORT TALBOT,2016,9,11.48761791
97500,14/09/2016,LL56 4TZ,F,N,F,Y FELINHELI,GWYNEDD,GWYNEDD,2016,9,11.48761791
157000,19/09/2016,NP20 6LL,S,N,F,NEWPORT,NEWPORT,NEWPORT,2016,9,11.96400745
520000,16/09/2016,SA38 9PB,D,N,F,NEWCASTLE EMLYN,CEREDIGION,CEREDIGION,2016,9,13.16158601
77475,09/09/2016,SA67 7AX,T,N,L,NARBERTH,PEMBROKESHIRE,PEMBROKESHIRE,2016,9,11.25772349
140000,25/08/2016,NP19 0RZ,S,N,F,NEWPORT,NEWPORT,NEWPORT,2016,8,11.84940484
265000,23/08/2016,LL74 8NT,D,N,F,TYN-Y-GONGL,ISLE OF ANGLESEY,ISLE OF ANGLESEY,2016,8,12.48748888
222500,16/09/2016,NP20 4LB,S,N,F,NEWPORT,NEWPORT,NEWPORT,2016,9,12.31268687
230000,19/08/2016,LL15 1PB,D,N,F,RUTHIN,DENBIGHSHIRE,DENBIGHSHIRE,2016,8,12.34583894
74000,22/09/2016,SA70 8BP,F,N,L,TENBY,PEMBROKESHIRE,PEMBROKESHIRE,2016,9,11.21183389
129500,26/08/2016,SA9 1XP,D,N,F,SWANSEA,POWYS,POWYS,2016,8,11.77144388
237000,26/08/2016,NP18 1AU,S,N,F,NEWPORT,NEWPORT,NEWPORT,2016,8,12.37581964
120000,27/07/2016,NP19 7HZ,T,N,F,NEWPORT,NEWPORT,NEWPORT,2016,7,11.69525536
135000,01/09/2016,NP20 3NH,S,N,F,NEWPORT,NEWPORT,NEWPORT,2016,9,11.81303746
190000,16/09/2016,CF64 2QW,D,N,F,PENARTH,THE VALE OF GLAMORGAN,THE VALE OF GLAMORGAN,2016,9,12.15478461
280000,12/08/2016,SA3 4JE,S,N,F,SWANSEA,SWANSEA,SWANSEA,2016,8,12.54254845
125000,17/08/2016,CF11 7HH,D,N,F,CARDIFF,CARDIFF,CARDIFF,2016,8,11.73607702
145000,30/08/2016,NP44 3BY,T,N,F,CWMBRAN,TORFAEN,TORFAEN,2016,8,11.88449592
125000,12/08/2016,LL22 8EW,D,N,F,ABERGELE,CONWY,CONWY,2016,8,11.73607702
112000,22/07/2016,SA71 4ED,T,N,F,PEMBROKE,PEMBROKESHIRE,PEMBROKESHIRE,2016,7,11.62626308
290000,09/09/2016,LD3 0PS,S,N,F,BRECON,POWYS,POWYS,2016,9,12.57763965
289950,09/09/2016,GU10 1AL,T,N,F,FARNHAM,GUILDFORD,SURREY,2016,9,12.57746722
272000,25/08/2016,GU22 7EE,F,N,L,WOKING,WOKING,SURREY,2016,8,12.51356102
425000,09/09/2016,KT20 5UR,T,N,F,TADWORTH,REIGATE AND BANSTEAD,SURREY,2016,9,12.9598468
566000,16/09/2016,KT8 1PB,S,N,F,WEST MOLESEY,ELMBRIDGE,SURREY,2016,9,13.24635112
284950,08/09/2016,TW18 1PW,F,N,L,STAINES-UPON-THAMES,SPELTHORNE,SURREY,2016,9,12.56007251
323500,30/08/2016,CR5 3RP,S,N,F,COULSDON,REIGATE AND BANSTEAD,SURREY,2016,8,12.68695748
200000,06/09/2016,GU1 1QJ,T,N,L,GUILDFORD,GUILDFORD,SURREY,2016,9,12.20607765
425000,19/08/2016,GU2 7NY,T,N,F,GUILDFORD,GUILDFORD,SURREY,2016,8,12.9598468
495000,15/08/2016,GU6 7LT,D,N,F,CRANLEIGH,WAVERLEY,SURREY,2016,8,13.11231506
725000,08/09/2016,KT4 7AF,S,N,F,WORCESTER PARK,EPSOM AND EWELL,SURREY,2016,9,13.49392831
650000,13/09/2016,KT18 7DA,D,N,F,EPSOM,EPSOM AND EWELL,SURREY,2016,9,13.38472918
495042,22/07/2016,GU24 8RE,T,N,F,WOKING,SURREY HEATH,SURREY,2016,7,13.11239991
300000,17/08/2016,KT12 2LW,F,N,L,WALTON-ON-THAMES,ELMBRIDGE,SURREY,2016,8,12.61154109
384150,11/08/2016,RH2 8EB,T,N,F,REIGATE,REIGATE AND BANSTEAD,SURREY,2016,8,12.85879098
410000,31/08/2016,CR5 1LQ,S,N,F,COULSDON,CROYDON,GREATER LONDON,2016,8,12.92391488
1696000,05/09/2016,KT8 9DN,D,N,F,EAST MOLESEY,ELMBRIDGE,SURREY,2016,9,14.34378368
393000,31/08/2016,CR7 8HP,T,N,F,THORNTON HEATH,CROYDON,GREATER LONDON,2016,8,12.88156744
971500,02/09/2016,KT8 0AG,D,N,F,EAST MOLESEY,ELMBRIDGE,SURREY,2016,9,13.78659758
335000,26/08/2016,GU22 9LW,S,N,F,WOKING,WOKING,SURREY,2016,8,12.7218888
340000,24/08/2016,RH1 1AF,T,N,F,REDHILL,REIGATE AND BANSTEAD,SURREY,2016,8,12.73670384
550000,30/08/2016,RH1 4LR,D,N,F,REDHILL,TANDRIDGE,SURREY,2016,8,13.21767538
245000,03/08/2016,TW17 8EJ,F,N,L,SHEPPERTON,SPELTHORNE,SURREY,2016,8,12.40901757
250000,26/08/2016,KT11 1BB,F,N,L,COBHAM,ELMBRIDGE,SURREY,2016,8,12.4292202
595000,19/08/2016,KT13 8NZ,T,N,F,WEYBRIDGE,ELMBRIDGE,SURREY,2016,8,13.29631837
370000,22/07/2016,GU3 2JQ,D,N,F,GUILDFORD,GUILDFORD,SURREY,2016,7,12.82126099
392500,21/09/2016,KT17 2DS,T,N,F,EPSOM,EPSOM AND EWELL,SURREY,2016,9,12.88029436
348000,15/09/2016,TW16 7QS,T,N,F,SUNBURY-ON-THAMES,SPELTHORNE,SURREY,2016,9,12.75996063
575000,23/08/2016,KT18 7SW,S,N,F,EPSOM,EPSOM AND EWELL,SURREY,2016,8,13.26212706
342500,31/08/2016,RH1 2BB,T,N,F,REDHILL,REIGATE AND BANSTEAD,SURREY,2016,8,12.74402986
615000,23/09/2016,TW16 6JE,D,N,F,SUNBURY-ON-THAMES,SPELTHORNE,SURREY,2016,9,13.32937917
144000,22/08/2016,CR3 5LN,S,N,L,CATERHAM,TANDRIDGE,SURREY,2016,8,11.87757552
330000,13/09/2016,CR0 3HY,T,N,F,CROYDON,CROYDON,GREATER LONDON,2016,9,12.70685096
221000,14/06/2016,RH1 2QD,F,N,L,REDHILL,REIGATE AND BANSTEAD,SURREY,2016,6,12.30592251
475000,22/08/2016,KT20 5UT,D,N,F,TADWORTH,REIGATE AND BANSTEAD,SURREY,2016,8,13.07107219
775000,25/08/2016,KT19 8GQ,D,N,F,EPSOM,EPSOM AND EWELL,SURREY,2016,8,13.5606196
221000,07/09/2016,KT12 1AZ,F,N,L,WALTON-ON-THAMES,ELMBRIDGE,SURREY,2016,9,12.30592251
537500,19/08/2016,KT21 2TL,D,N,F,ASHTEAD,MOLE VALLEY,SURREY,2016,8,13.1946859
375000,02/09/2016,GU22 7RN,F,N,L,WOKING,WOKING,SURREY,2016,9,12.83468397
562500,17/08/2016,KT12 1HQ,F,N,L,WALTON-ON-THAMES,ELMBRIDGE,SURREY,2016,8,13.24014819
352000,02/09/2016,CR3 5WD,T,N,F,CATERHAM,TANDRIDGE,SURREY,2016,9,12.7713893
290000,29/08/2016,GU27 1AR,F,N,L,HASLEMERE,WAVERLEY,SURREY,2016,8,12.57763965
647000,22/08/2016,KT10 9LH,F,N,L,ESHER,ELMBRIDGE,SURREY,2016,8,13.38010312
568000,16/09/2016,GU9 7BD,T,N,F,FARNHAM,WAVERLEY,SURREY,2016,9,13.24987846
340000,12/08/2016,CR3 5GY,T,N,F,CATERHAM,TANDRIDGE,SURREY,2016,8,12.73670384
730000,24/08/2016,KT19 8JA,D,N,F,EPSOM,EPSOM AND EWELL,SURREY,2016,8,13.50080118
265000,25/08/2016,CR3 0FJ,F,N,L,WHYTELEAFE,TANDRIDGE,SURREY,2016,8,12.48748888
850000,25/08/2016,KT22 9FD,D,N,F,LEATHERHEAD,MOLE VALLEY,SURREY,2016,8,13.6529928
1450000,28/09/2016,KT20 6ES,D,N,F,TADWORTH,REIGATE AND BANSTEAD,SURREY,2016,9,14.1870748
395000,18/08/2016,CR6 9HE,F,N,L,WARLINGHAM,TANDRIDGE,SURREY,2016,8,12.88664358
940000,19/09/2016,GU18 5UH,D,N,F,LIGHTWATER,SURREY HEATH,SURREY,2016,9,13.75363622
420000,01/07/2016,KT15 1FB,T,N,F,ADDLESTONE,RUNNYMEDE,SURREY,2016,7,12.94801237
362500,31/08/2016,CR3 5GY,T,N,F,CATERHAM,TANDRIDGE,SURREY,2016,8,12.80078251
352500,23/08/2016,CR3 5WP,T,N,F,CATERHAM,TANDRIDGE,SURREY,2016,8,12.77280874
167500,15/09/2016,KT10 9JF,F,N,L,ESHER,ELMBRIDGE,SURREY,2016,9,12.0287446
1650000,08/09/2016,CR3 7AH,D,N,F,CATERHAM,TANDRIDGE,SURREY,2016,9,14.31628645
282500,31/08/2016,KT8 9LP,F,N,L,EAST MOLESEY,ELMBRIDGE,SURREY,2016,8,12.55143737
585000,12/08/2016,KT16 8FD,T,N,F,CHERTSEY,RUNNYMEDE,SURREY,2016,8,13.27936884
286000,29/07/2016,KT12 4SG,F,N,L,WALTON-ON-THAMES,ELMBRIDGE,SURREY,2016,7,12.56375059
210000,19/09/2016,TW17 8EG,F,N,L,SHEPPERTON,SPELTHORNE,SURREY,2016,9,12.25486757
463000,22/09/2016,TW17 8HW,S,N,F,SHEPPERTON,SPELTHORNE,SURREY,2016,9,13.04548449
200000,24/08/2016,TW20 9HA,F,N,L,EGHAM,RUNNYMEDE,SURREY,2016,8,12.20607765
250000,01/07/2016,TW15 1HE,F,N,L,ASHFORD,SPELTHORNE,SURREY,2016,7,12.4292202
320000,09/09/2016,TW19 7FG,F,N,L,STAINES-UPON-THAMES,SPELTHORNE,SURREY,2016,9,12.6760794
278000,22/09/2016,GU21 4SY,F,N,L,WOKING,WOKING,SURREY,2016,9,12.53537999
700000,01/09/2016,KT13 0RU,T,N,F,WEYBRIDGE,ELMBRIDGE,SURREY,2016,9,13.45883704
1932500,04/08/2016,GU1 3AF,T,N,F,GUILDFORD,GUILDFORD,SURREY,2016,8,14.47432558
105200,26/08/2016,S5 9FF,T,N,F,SHEFFIELD,SHEFFIELD,SOUTH YORKSHIRE,2016,8,11.56362808
70000,26/08/2016,S71 3SA,S,N,F,BARNSLEY,BARNSLEY,SOUTH YORKSHIRE,2016,8,11.15626481
104000,31/08/2016,S71 5BQ,S,N,F,BARNSLEY,BARNSLEY,SOUTH YORKSHIRE,2016,8,11.55215579
89950,19/08/2016,S36 2SP,T,N,F,SHEFFIELD,SHEFFIELD,SOUTH YORKSHIRE,2016,8,11.40702036
123000,26/08/2016,S26 5LP,S,N,F,SHEFFIELD,ROTHERHAM,SOUTH YORKSHIRE,2016,8,11.71994776
133000,09/09/2016,S35 8NB,T,N,F,SHEFFIELD,SHEFFIELD,SOUTH YORKSHIRE,2016,9,11.79811193
107000,28/04/2016,DN5 9NP,T,N,F,DONCASTER,DONCASTER,SOUTH YORKSHIRE,2016,4,11.58059346
80000,09/09/2016,S73 8QX,S,N,F,BARNSLEY,BARNSLEY,SOUTH YORKSHIRE,2016,9,11.28979441
162500,02/09/2016,S60 2AT,D,N,F,ROTHERHAM,ROTHERHAM,SOUTH YORKSHIRE,2016,9,11.99843943
127000,12/08/2016,S20 5PA,S,N,L,SHEFFIELD,SHEFFIELD,SOUTH YORKSHIRE,2016,8,11.75195024
78000,21/09/2016,DN4 8LW,S,N,F,DONCASTER,DONCASTER,SOUTH YORKSHIRE,2016,9,11.26447693
125000,18/08/2016,DN5 8RR,S,N,F,DONCASTER,DONCASTER,SOUTH YORKSHIRE,2016,8,11.73607702
125000,09/09/2016,S66 7SG,D,N,F,ROTHERHAM,ROTHERHAM,SOUTH YORKSHIRE,2016,9,11.73607702
425000,29/07/2016,S17 4DJ,S,N,F,SHEFFIELD,SHEFFIELD,SOUTH YORKSHIRE,2016,7,12.9598468
93000,12/08/2016,S71 3PR,S,N,F,BARNSLEY,BARNSLEY,SOUTH YORKSHIRE,2016,8,11.44036552
215000,25/07/2016,DN6 7AQ,D,N,F,DONCASTER,DONCASTER,SOUTH YORKSHIRE,2016,7,12.27839796
84000,01/08/2016,S63 8AG,S,N,F,ROTHERHAM,BARNSLEY,SOUTH YORKSHIRE,2016,8,11.33858398
88000,02/09/2016,DN5 9DS,S,N,F,DONCASTER,DONCASTER,SOUTH YORKSHIRE,2016,9,11.38510346
118000,02/09/2016,S66 1UJ,S,N,F,ROTHERHAM,ROTHERHAM,SOUTH YORKSHIRE,2016,9,11.67844838
93000,19/09/2016,S70 4PB,S,N,F,BARNSLEY,BARNSLEY,SOUTH YORKSHIRE,2016,9,11.44036552
80000,09/09/2016,DN8 5LJ,S,N,F,DONCASTER,DONCASTER,SOUTH YORKSHIRE,2016,9,11.28979441
100000,29/07/2016,S20 8JN,T,N,F,SHEFFIELD,SHEFFIELD,SOUTH YORKSHIRE,2016,7,11.51293546
98000,31/08/2016,S36 2PX,S,N,F,SHEFFIELD,SHEFFIELD,SOUTH YORKSHIRE,2016,8,11.49273296
102000,19/09/2016,S62 6JF,S,N,F,ROTHERHAM,ROTHERHAM,SOUTH YORKSHIRE,2016,9,11.5327379
240000,23/09/2016,S25 4BN,D,N,F,SHEFFIELD,ROTHERHAM,SOUTH YORKSHIRE,2016,9,12.38839837
110000,26/08/2016,S75 2PE,S,N,F,BARNSLEY,BARNSLEY,SOUTH YORKSHIRE,2016,8,11.60824474
315350,05/08/2016,S10 5PF,S,N,L,SHEFFIELD,SHEFFIELD,SOUTH YORKSHIRE,2016,8,12.66144158
170000,27/07/2016,S8 7TD,S,N,L,SHEFFIELD,SHEFFIELD,SOUTH YORKSHIRE,2016,7,12.0435596
67000,08/08/2016,S65 2RN,S,N,F,ROTHERHAM,ROTHERHAM,SOUTH YORKSHIRE,2016,8,11.11246282
192000,12/09/2016,S20 7LY,D,N,L,SHEFFIELD,SHEFFIELD,SOUTH YORKSHIRE,2016,9,12.16525586
100000,19/08/2016,S62 6AZ,T,N,F,ROTHERHAM,ROTHERHAM,SOUTH YORKSHIRE,2016,8,11.51293546
112000,16/09/2016,S60 5RA,S,N,F,ROTHERHAM,ROTHERHAM,SOUTH YORKSHIRE,2016,9,11.62626308
250000,19/08/2016,S66 7QN,D,N,F,ROTHERHAM,ROTHERHAM,SOUTH YORKSHIRE,2016,8,12.4292202
135000,05/09/2016,S12 4YJ,S,N,L,SHEFFIELD,SHEFFIELD,SOUTH YORKSHIRE,2016,9,11.81303746
168000,31/08/2016,S26 3XG,S,N,F,SHEFFIELD,ROTHERHAM,SOUTH YORKSHIRE,2016,8,12.03172521
268000,09/09/2016,S75 1JL,D,N,F,BARNSLEY,BARNSLEY,SOUTH YORKSHIRE,2016,9,12.49874599
94000,15/07/2016,DN8 5HJ,S,N,F,DONCASTER,DONCASTER,SOUTH YORKSHIRE,2016,7,11.4510607
150000,24/08/2016,S13 8TE,S,N,F,SHEFFIELD,SHEFFIELD,SOUTH YORKSHIRE,2016,8,11.91839724
290000,28/09/2016,DN4 6SF,D,N,F,DONCASTER,DONCASTER,SOUTH YORKSHIRE,2016,9,12.57763965
70000,20/09/2016,S74 8AW,S,N,F,BARNSLEY,BARNSLEY,SOUTH YORKSHIRE,2016,9,11.15626481
206000,02/09/2016,S8 8DY,D,N,L,SHEFFIELD,SHEFFIELD,SOUTH YORKSHIRE,2016,9,12.2356363
215000,28/07/2016,S36 2UB,D,N,F,SHEFFIELD,SHEFFIELD,SOUTH YORKSHIRE,2016,7,12.27839796
365000,08/08/2016,S17 3RZ,D,N,L,SHEFFIELD,SHEFFIELD,SOUTH YORKSHIRE,2016,8,12.80765537
152000,08/09/2016,S65 3AL,S,N,F,ROTHERHAM,ROTHERHAM,SOUTH YORKSHIRE,2016,9,11.93164238
53000,08/07/2016,S71 3LF,T,N,F,BARNSLEY,BARNSLEY,SOUTH YORKSHIRE,2016,7,10.87806606
190000,31/08/2016,S66 8RN,D,N,F,ROTHERHAM,ROTHERHAM,SOUTH YORKSHIRE,2016,8,12.15478461
107000,23/09/2016,S25 2TG,S,N,F,SHEFFIELD,ROTHERHAM,SOUTH YORKSHIRE,2016,9,11.58059346
377500,08/09/2016,DN5 7YE,D,N,F,DONCASTER,DONCASTER,SOUTH YORKSHIRE,2016,9,12.8413285
157000,20/05/2016,S26 2FU,S,N,L,SHEFFIELD,ROTHERHAM,SOUTH YORKSHIRE,2016,5,11.96400745
220000,05/08/2016,S20 1XE,D,N,L,SHEFFIELD,SHEFFIELD,SOUTH YORKSHIRE,2016,8,12.30138737
522000,23/03/2016,TW12 2QS,S,N,F,HAMPTON,RICHMOND UPON THAMES,GREATER LONDON,2016,3,13.16542478
331000,30/03/2016,SE5 8AH,F,N,L,LONDON,SOUTHWARK,GREATER LONDON,2016,3,12.70987668
287000,12/02/2016,BR3 4BU,T,N,F,BECKENHAM,BROMLEY,GREATER LONDON,2016,2,12.56724098
357000,26/02/2016,CR7 8AP,S,N,F,THORNTON HEATH,CROYDON,GREATER LONDON,2016,2,12.78549386
322000,23/03/2016,BR4 9HZ,F,N,L,WEST WICKHAM,BROMLEY,GREATER LONDON,2016,3,12.68230993
302750,31/03/2016,BR2 0JD,F,N,L,BROMLEY,BROMLEY,GREATER LONDON,2016,3,12.62066596
365000,29/02/2016,SE25 6PT,T,N,F,LONDON,CROYDON,GREATER LONDON,2016,2,12.80765537
780000,15/04/2016,SW16 4NJ,S,N,F,LONDON,CROYDON,GREATER LONDON,2016,4,13.56705048
305000,30/03/2016,DA17 5AY,T,N,F,BELVEDERE,BEXLEY,GREATER LONDON,2016,3,12.62807033
345000,30/03/2016,KT3 3NU,F,N,L,NEW MALDEN,KINGSTON UPON THAMES,GREATER LONDON,2016,3,12.75130259
652000,04/04/2016,BR4 0AX,S,N,F,WEST WICKHAM,BROMLEY,GREATER LONDON,2016,4,13.38780137
307000,24/03/2016,BR5 2DA,S,N,F,ORPINGTON,BROMLEY,GREATER LONDON,2016,3,12.63460628
280000,24/03/2016,CR7 7RZ,F,N,L,THORNTON HEATH,CROYDON,GREATER LONDON,2016,3,12.54254845
425000,24/03/2016,CR5 3HN,S,N,F,COULSDON,CROYDON,GREATER LONDON,2016,3,12.9598468
365000,15/04/2016,BR6 9NL,S,N,F,ORPINGTON,BROMLEY,GREATER LONDON,2016,4,12.80765537
425000,30/03/2016,BR1 3TN,F,N,L,BROMLEY,BROMLEY,GREATER LONDON,2016,3,12.9598468
1310142,30/03/2016,SW14 8NN,T,N,F,LONDON,RICHMOND UPON THAMES,GREATER LONDON,2016,3,14.08564685
450000,24/03/2016,BR1 3SQ,T,N,F,BROMLEY,BROMLEY,GREATER LONDON,2016,3,13.01700508
1025000,31/03/2016,SM5 4HP,D,N,F,CARSHALTON,SUTTON,GREATER LONDON,2016,3,13.84020415
268000,07/03/2016,KT4 8LN,T,N,F,WORCESTER PARK,SUTTON,GREATER LONDON,2016,3,12.49874599
326500,04/04/2016,CR0 6JS,T,N,F,CROYDON,CROYDON,GREATER LONDON,2016,4,12.69618829
305000,24/03/2016,BR6 7AS,F,N,L,ORPINGTON,BROMLEY,GREATER LONDON,2016,3,12.62807033
398000,24/03/2016,SM3 9RF,S,N,F,SUTTON,SUTTON,GREATER LONDON,2016,3,12.8942098
220000,23/03/2016,SE20 7YR,F,N,L,LONDON,BROMLEY,GREATER LONDON,2016,3,12.30138737
295000,30/03/2016,TW11 8NH,F,N,L,TEDDINGTON,RICHMOND UPON THAMES,GREATER LONDON,2016,3,12.59473403
375000,22/03/2016,DA6 8JB,T,N,F,BEXLEYHEATH,BEXLEY,GREATER LONDON,2016,3,12.83468397
1015000,31/03/2016,SW17 7PX,T,N,F,LONDON,WANDSWORTH,GREATER LONDON,2016,3,13.83040016
540000,31/03/2016,CR5 3DH,S,N,F,COULSDON,CROYDON,GREATER LONDON,2016,3,13.19932627
190000,22/03/2016,BR2 8EH,F,N,L,BROMLEY,BROMLEY,GREATER LONDON,2016,3,12.15478461
375000,18/03/2016,BR1 3TN,F,N,L,BROMLEY,BROMLEY,GREATER LONDON,2016,3,12.83468397
348000,08/04/2016,DA16 1NB,S,N,F,WELLING,BEXLEY,GREATER LONDON,2016,4,12.75996063
545000,21/03/2016,BR3 3HU,T,N,F,BECKENHAM,BROMLEY,GREATER LONDON,2016,3,13.20854291
738500,30/03/2016,SE12 8QH,T,N,F,LONDON,LEWISHAM,GREATER LONDON,2016,3,13.51237774
425000,01/04/2016,DA16 3QU,D,N,F,WELLING,BEXLEY,GREATER LONDON,2016,4,12.9598468
392500,18/03/2016,WS7 9QH,D,N,F,BURNTWOOD,LICHFIELD,STAFFORDSHIRE,2016,3,12.88029436
119500,04/03/2016,B69 1TW,S,N,F,OLDBURY,SANDWELL,WEST MIDLANDS,2016,3,11.69108002
830000,18/03/2016,B74 3UF,D,N,F,SUTTON COLDFIELD,LICHFIELD,STAFFORDSHIRE,2016,3,13.62918218
463000,01/04/2016,WS13 8EF,D,N,F,LICHFIELD,LICHFIELD,STAFFORDSHIRE,2016,4,13.04548449
239950,31/03/2016,DE13 0QQ,D,N,F,BURTON-ON-TRENT,EAST STAFFORDSHIRE,STAFFORDSHIRE,2016,3,12.38819001
340000,15/04/2016,WS6 7NY,D,N,F,WALSALL,SOUTH STAFFORDSHIRE,STAFFORDSHIRE,2016,4,12.73670384
75000,31/03/2016,ST3 3LF,S,N,F,STOKE-ON-TRENT,STOKE-ON-TRENT,STOKE-ON-TRENT,2016,3,11.22525673
61500,18/03/2016,ST4 3HR,T,N,F,STOKE-ON-TRENT,STOKE-ON-TRENT,STOKE-ON-TRENT,2016,3,11.02680871
50000,24/03/2016,ST3 7BY,S,N,F,STOKE-ON-TRENT,STOKE-ON-TRENT,STOKE-ON-TRENT,2016,3,10.81979828
141000,30/03/2016,WV11 3AF,T,N,F,WOLVERHAMPTON,WOLVERHAMPTON,WEST MIDLANDS,2016,3,11.85652226
292500,21/03/2016,ST18 0QQ,D,N,F,STAFFORD,STAFFORD,STAFFORDSHIRE,2016,3,12.58622336
447500,23/03/2016,ST4 8HF,D,N,F,STOKE-ON-TRENT,STOKE-ON-TRENT,STOKE-ON-TRENT,2016,3,13.01143405
268000,24/03/2016,WS13 6PA,T,N,F,LICHFIELD,LICHFIELD,STAFFORDSHIRE,2016,3,12.49874599
116000,22/03/2016,DY2 9RR,S,N,F,DUDLEY,DUDLEY,WEST MIDLANDS,2016,3,11.66135409
157000,18/03/2016,WS11 1QW,S,N,L,CANNOCK,CANNOCK CHASE,STAFFORDSHIRE,2016,3,11.96400745
134000,10/03/2016,ST16 3XS,S,N,F,STAFFORD,STAFFORD,STAFFORDSHIRE,2016,3,11.80560254
159000,08/03/2016,DE13 0DT,S,N,F,BURTON-ON-TRENT,EAST STAFFORDSHIRE,STAFFORDSHIRE,2016,3,11.97666577
249995,08/04/2016,ST14 8XY,D,N,F,UTTOXETER,EAST STAFFORDSHIRE,STAFFORDSHIRE,2016,4,12.4292002
69950,22/03/2016,ST4 6EE,T,N,F,STOKE-ON-TRENT,STOKE-ON-TRENT,STOKE-ON-TRENT,2016,3,11.15555028
103400,22/04/2016,ST10 4EJ,T,N,F,STOKE-ON-TRENT,STAFFORDSHIRE MOORLANDS,STAFFORDSHIRE,2016,4,11.54636991
130750,30/03/2016,ST10 3AE,T,N,F,STOKE-ON-TRENT,STAFFORDSHIRE MOORLANDS,STAFFORDSHIRE,2016,3,11.78105003
92000,30/03/2016,ST7 4PX,S,N,F,STOKE-ON-TRENT,NEWCASTLE-UNDER-LYME,STAFFORDSHIRE,2016,3,11.42955473
132500,06/04/2016,ST16 3PJ,T,N,F,STAFFORD,STAFFORD,STAFFORDSHIRE,2016,4,11.79434547
243000,22/01/2016,WS15 1GA,D,N,F,RUGELEY,CANNOCK CHASE,STAFFORDSHIRE,2016,1,12.40082084
427500,30/03/2016,WV6 7HF,D,N,F,WOLVERHAMPTON,SOUTH STAFFORDSHIRE,STAFFORDSHIRE,2016,3,12.96571191
195000,03/03/2016,ST20 0BN,D,N,F,STAFFORD,STAFFORD,STAFFORDSHIRE,2016,3,12.18075997
220000,23/03/2016,ST15 0HN,D,N,F,STONE,STAFFORD,STAFFORDSHIRE,2016,3,12.30138737
148000,21/03/2016,DY7 6BN,S,N,F,STOURBRIDGE,SOUTH STAFFORDSHIRE,STAFFORDSHIRE,2016,3,11.90497431
94500,30/03/2016,DE14 2PR,T,N,F,BURTON-ON-TRENT,EAST STAFFORDSHIRE,STAFFORDSHIRE,2016,3,11.4563657
124000,22/04/2016,WS11 9QH,T,N,F,CANNOCK,CANNOCK CHASE,STAFFORDSHIRE,2016,4,11.72804491
82500,31/03/2016,WS2 9DL,T,N,F,WALSALL,WALSALL,WEST MIDLANDS,2016,3,11.32056569
118000,15/04/2016,B69 1TY,S,N,F,OLDBURY,SANDWELL,WEST MIDLANDS,2016,4,11.67844838
214750,11/03/2016,OX10 7QQ,T,N,F,WALLINGFORD,SOUTH OXFORDSHIRE,OXFORDSHIRE,2016,3,12.2772345
140000,15/03/2016,OX14 3XX,F,N,L,ABINGDON,VALE OF WHITE HORSE,OXFORDSHIRE,2016,3,11.84940484
322500,29/03/2016,OX9 2EQ,T,N,F,THAME,SOUTH OXFORDSHIRE,OXFORDSHIRE,2016,3,12.68386152
230000,31/03/2016,OX12 8EW,T,N,F,WANTAGE,VALE OF WHITE HORSE,OXFORDSHIRE,2016,3,12.34583894
1100000,21/03/2016,RG9 1NG,D,N,F,HENLEY-ON-THAMES,SOUTH OXFORDSHIRE,OXFORDSHIRE,2016,3,13.91082165
328000,25/04/2016,OX2 8PX,T,N,F,OXFORD,OXFORD,OXFORDSHIRE,2016,4,12.70077194
193000,12/04/2016,OX16 1XD,T,N,F,BANBURY,CHERWELL,OXFORDSHIRE,2016,4,12.17045065
220000,20/04/2016,OX7 5JX,T,N,F,CHIPPING NORTON,WEST OXFORDSHIRE,OXFORDSHIRE,2016,4,12.30138737
470000,30/03/2016,OX16 9LH,D,N,F,BANBURY,CHERWELL,OXFORDSHIRE,2016,3,13.0604901
415000,31/03/2016,OX14 5EZ,S,N,F,ABINGDON,VALE OF WHITE HORSE,OXFORDSHIRE,2016,3,12.93603621
375000,31/03/2016,OX3 8HX,S,N,F,OXFORD,OXFORD,OXFORDSHIRE,2016,3,12.83468397
265000,30/03/2016,OX29 9NS,S,N,F,WITNEY,WEST OXFORDSHIRE,OXFORDSHIRE,2016,3,12.48748888
680000,20/01/2016,SN6 8DT,D,N,F,SWINDON,VALE OF WHITE HORSE,OXFORDSHIRE,2016,1,13.42984955
160000,18/03/2016,OX14 5BP,F,N,L,ABINGDON,VALE OF WHITE HORSE,OXFORDSHIRE,2016,3,11.98293534
275000,18/03/2016,OX29 9NS,T,N,F,WITNEY,WEST OXFORDSHIRE,OXFORDSHIRE,2016,3,12.52453001
255000,31/03/2016,OX9 2EA,T,N,L,THAME,SOUTH OXFORDSHIRE,OXFORDSHIRE,2016,3,12.44902275
440000,15/04/2016,OX2 8HN,F,N,L,OXFORD,OXFORD,OXFORDSHIRE,2016,4,12.99453228
325000,31/03/2016,OX2 8AA,F,N,L,OXFORD,OXFORD,OXFORDSHIRE,2016,3,12.69158354
810000,21/03/2016,RG9 4AX,S,N,F,HENLEY-ON-THAMES,SOUTH OXFORDSHIRE,OXFORDSHIRE,2016,3,13.60479076
435000,01/04/2016,OX13 6DB,D,N,F,ABINGDON,VALE OF WHITE HORSE,OXFORDSHIRE,2016,4,12.98310361
250000,14/04/2016,OX5 1TX,T,N,F,KIDLINGTON,CHERWELL,OXFORDSHIRE,2016,4,12.4292202
240000,30/03/2016,OX11 7PB,S,N,F,DIDCOT,SOUTH OXFORDSHIRE,OXFORDSHIRE,2016,3,12.38839837
370500,29/03/2016,OX5 2LL,S,N,F,KIDLINGTON,CHERWELL,OXFORDSHIRE,2016,3,12.82261142
272500,04/04/2016,OX5 1TX,T,N,F,KIDLINGTON,CHERWELL,OXFORDSHIRE,2016,4,12.51539756
325000,02/03/2016,OX3 0EN,T,N,F,OXFORD,OXFORD,OXFORDSHIRE,2016,3,12.69158354
340000,31/03/2016,OX3 7PZ,T,N,F,OXFORD,OXFORD,OXFORDSHIRE,2016,3,12.73670384
217000,12/02/2016,OX5 1TZ,F,N,L,KIDLINGTON,CHERWELL,OXFORDSHIRE,2016,2,12.28765724
249950,31/03/2016,OX14 5TE,T,N,F,ABINGDON,VALE OF WHITE HORSE,OXFORDSHIRE,2016,3,12.42902018
275000,24/03/2016,OX28 5NR,D,N,F,WITNEY,WEST OXFORDSHIRE,OXFORDSHIRE,2016,3,12.52453001
350000,30/03/2016,OX29 4EX,S,N,F,WITNEY,WEST OXFORDSHIRE,OXFORDSHIRE,2016,3,12.76569129
225500,15/04/2016,OX16 9YF,S,N,F,BANBURY,CHERWELL,OXFORDSHIRE,2016,4,12.32607987
1495000,17/03/2016,RG9 6DX,D,N,F,HENLEY-ON-THAMES,SOUTH OXFORDSHIRE,OXFORDSHIRE,2016,3,14.21763743
520000,01/07/2016,TW16 6PE,T,N,F,SUNBURY-ON-THAMES,SPELTHORNE,SURREY,2016,7,13.16158601
319000,06/07/2016,TW18 2NF,F,N,L,STAINES-UPON-THAMES,SPELTHORNE,SURREY,2016,7,12.67294952
355000,17/06/2016,TW17 0RR,S,N,F,SHEPPERTON,SPELTHORNE,SURREY,2016,6,12.77987589
330000,20/06/2016,RH8 0JX,T,N,F,OXTED,TANDRIDGE,SURREY,2016,6,12.70685096
421500,10/06/2016,KT15 1QZ,S,N,F,ADDLESTONE,RUNNYMEDE,SURREY,2016,6,12.95157743
760000,16/07/2016,TW17 9LP,D,N,F,SHEPPERTON,SPELTHORNE,SURREY,2016,7,13.54107503
612500,13/07/2016,GU1 2NU,D,N,F,GUILDFORD,GUILDFORD,SURREY,2016,7,13.32530585
498000,10/06/2016,TW18 4NS,S,N,F,STAINES-UPON-THAMES,SPELTHORNE,SURREY,2016,6,13.11835736
690000,28/06/2016,CR3 5HT,D,N,F,CATERHAM,TANDRIDGE,SURREY,2016,6,13.44444833
322500,06/07/2016,TW15 1TJ,T,N,F,ASHFORD,SPELTHORNE,SURREY,2016,7,12.68386152
355000,11/07/2016,TW15 2AS,T,N,F,ASHFORD,SPELTHORNE,SURREY,2016,7,12.77987589
640000,04/07/2016,TW16 6HN,D,N,F,SUNBURY-ON-THAMES,SPELTHORNE,SURREY,2016,7,13.36922502
335000,22/04/2016,TW15 1EU,T,N,F,ASHFORD,SPELTHORNE,SURREY,2016,4,12.7218888
880000,30/06/2016,RH7 6HS,D,N,F,LINGFIELD,TANDRIDGE,SURREY,2016,6,13.68767832
600000,18/07/2016,GU20 6JA,D,N,F,WINDLESHAM,SURREY HEATH,SURREY,2016,7,13.3046866
326000,17/06/2016,GU21 2NB,T,N,F,WOKING,WOKING,SURREY,2016,6,12.69465573
540000,20/06/2016,GU18 5XE,D,N,F,LIGHTWATER,SURREY HEATH,SURREY,2016,6,13.19932627
528500,26/07/2016,KT16 9DL,S,N,F,CHERTSEY,RUNNYMEDE,SURREY,2016,7,13.17779998
790000,14/07/2016,TW16 6EP,D,N,F,SUNBURY-ON-THAMES,SPELTHORNE,SURREY,2016,7,13.57978949
487500,13/07/2016,KT23 3HW,S,N,F,LEATHERHEAD,MOLE VALLEY,SURREY,2016,7,13.09704762
194950,20/07/2016,KT22 7DX,F,N,L,LEATHERHEAD,MOLE VALLEY,SURREY,2016,7,12.18050352
440000,24/06/2016,KT18 7NT,T,N,F,EPSOM,EPSOM AND EWELL,SURREY,2016,6,12.99453228
240000,01/07/2016,GU2 4DW,F,N,L,GUILDFORD,GUILDFORD,SURREY,2016,7,12.38839837
475000,13/07/2016,GU16 9FF,D,N,F,CAMBERLEY,SURREY HEATH,SURREY,2016,7,13.07107219
938000,10/06/2016,GU2 4HD,D,N,F,GUILDFORD,GUILDFORD,SURREY,2016,6,13.75150629
485000,12/07/2016,KT20 5PR,D,N,F,TADWORTH,REIGATE AND BANSTEAD,SURREY,2016,7,13.09190623
205000,22/07/2016,GU2 8HS,F,N,L,GUILDFORD,GUILDFORD,SURREY,2016,7,12.23077014
230000,24/06/2016,GU1 4RJ,F,N,L,GUILDFORD,GUILDFORD,SURREY,2016,6,12.34583894
435000,27/06/2016,GU19 5NW,S,N,F,BAGSHOT,SURREY HEATH,SURREY,2016,6,12.98310361
720000,13/07/2016,GU16 8UT,D,N,F,CAMBERLEY,SURREY HEATH,SURREY,2016,7,13.48700788
320000,30/03/2016,RH4 2RA,F,N,L,DORKING,MOLE VALLEY,SURREY,2016,3,12.6760794
500000,30/06/2016,GU24 0EH,D,N,F,WOKING,WOKING,SURREY,2016,6,13.12236538
285000,30/03/2016,GU21 3JF,F,N,L,WOKING,WOKING,SURREY,2016,3,12.56024797
235000,31/05/2016,KT14 7QF,T,N,F,WEST BYFLEET,WOKING,SURREY,2016,5,12.36734505
405000,01/07/2016,KT12 5JD,T,N,F,WALTON-ON-THAMES,ELMBRIDGE,SURREY,2016,7,12.91164482
320000,15/07/2016,GU21 3JP,T,N,F,WOKING,WOKING,SURREY,2016,7,12.6760794
390000,21/06/2016,RH6 9EA,S,N,F,HORLEY,REIGATE AND BANSTEAD,SURREY,2016,6,12.87390458
239000,30/06/2016,GU4 7RD,F,N,L,GUILDFORD,GUILDFORD,SURREY,2016,6,12.38422302
350000,01/06/2016,TW19 7QL,T,N,F,STAINES-UPON-THAMES,SPELTHORNE,SURREY,2016,6,12.76569129
285000,28/06/2016,GU21 8AS,T,N,F,WOKING,WOKING,SURREY,2016,6,12.56024797
800000,06/07/2016,TW20 0RL,D,N,F,EGHAM,RUNNYMEDE,SURREY,2016,7,13.59236826
810000,24/06/2016,RH6 7DN,D,N,F,HORLEY,REIGATE AND BANSTEAD,SURREY,2016,6,13.60479076
675000,01/07/2016,KT20 5TJ,D,N,F,TADWORTH,REIGATE AND BANSTEAD,SURREY,2016,7,13.42246945
500000,17/06/2016,CR4 4EW,T,N,F,MITCHAM,MERTON,GREATER LONDON,2016,6,13.12236538
135000,10/06/2016,TW19 7DQ,F,N,L,STAINES-UPON-THAMES,SPELTHORNE,SURREY,2016,6,11.81303746
140000,20/05/2016,TW20 9JR,F,N,L,EGHAM,RUNNYMEDE,SURREY,2016,5,11.84940484
195000,28/06/2016,CR3 5NZ,F,N,L,CATERHAM,TANDRIDGE,SURREY,2016,6,12.18075997
680000,29/06/2016,GU21 1RY,D,N,F,WOKING,WOKING,SURREY,2016,6,13.42984955
410000,01/07/2016,GU24 9ES,S,N,F,WOKING,SURREY HEATH,SURREY,2016,7,12.92391488
600000,08/07/2016,RH7 6HA,D,N,F,LINGFIELD,TANDRIDGE,SURREY,2016,7,13.3046866
412500,08/07/2016,RH8 0JJ,S,N,F,OXTED,TANDRIDGE,SURREY,2016,7,12.92999391
870000,15/07/2016,KT20 5TW,D,N,F,TADWORTH,REIGATE AND BANSTEAD,SURREY,2016,7,13.67624964
480000,30/06/2016,KT22 7DT,S,N,F,LEATHERHEAD,MOLE VALLEY,SURREY,2016,6,13.08154347
685000,27/06/2016,CR0 5SQ,D,N,F,CROYDON,CROYDON,GREATER LONDON,2016,6,13.43717558
315000,30/06/2016,KT22 8BH,F,N,L,LEATHERHEAD,MOLE VALLEY,SURREY,2016,6,12.66033109
2450000,18/07/2016,GU16 6PG,D,N,F,CAMBERLEY,SURREY HEATH,SURREY,2016,7,14.71159899
240000,06/07/2016,RH1 2FW,F,N,L,REDHILL,REIGATE AND BANSTEAD,SURREY,2016,7,12.38839837
750000,01/07/2016,KT17 3AR,D,N,F,EPSOM,REIGATE AND BANSTEAD,SURREY,2016,7,13.52782982
275000,27/06/2016,RH1 1NX,F,N,L,REDHILL,REIGATE AND BANSTEAD,SURREY,2016,6,12.52453001
725000,17/06/2016,KT11 2NN,F,N,L,COBHAM,ELMBRIDGE,SURREY,2016,6,13.49392831
310000,30/06/2016,KT19 0QZ,F,N,L,EPSOM,EPSOM AND EWELL,SURREY,2016,6,12.6443308
187500,18/07/2016,RH1 6HB,F,N,L,REDHILL,REIGATE AND BANSTEAD,SURREY,2016,7,12.14153946
186000,28/06/2016,GU9 0NQ,F,N,L,FARNHAM,WAVERLEY,SURREY,2016,6,12.13350733
305000,18/07/2016,CR5 3EF,F,N,L,COULSDON,REIGATE AND BANSTEAD,SURREY,2016,7,12.62807033
258000,12/07/2016,RH2 0BX,F,N,L,REIGATE,REIGATE AND BANSTEAD,SURREY,2016,7,12.46071874
375000,29/06/2016,RH2 8QZ,F,N,L,REIGATE,REIGATE AND BANSTEAD,SURREY,2016,6,12.83468397
460000,10/06/2016,RH6 7NZ,D,N,F,HORLEY,REIGATE AND BANSTEAD,SURREY,2016,6,13.03898394
125000,30/06/2016,RH4 1BY,F,N,L,DORKING,MOLE VALLEY,SURREY,2016,6,11.73607702
510000,01/07/2016,KT17 3AU,S,N,F,EPSOM,REIGATE AND BANSTEAD,SURREY,2016,7,13.14216797
342500,29/06/2016,KT19 8FP,F,N,L,EPSOM,EPSOM AND EWELL,SURREY,2016,6,12.74402986
195200,03/06/2016,KT15 1BD,F,N,L,ADDLESTONE,RUNNYMEDE,SURREY,2016,6,12.18178508
485000,30/06/2016,KT19 8FA,S,N,F,EPSOM,EPSOM AND EWELL,SURREY,2016,6,13.09190623
278000,08/07/2016,CR3 6LR,F,N,L,CATERHAM,TANDRIDGE,SURREY,2016,7,12.53537999
272500,29/06/2016,KT19 8FJ,F,N,L,EPSOM,EPSOM AND EWELL,SURREY,2016,6,12.51539756
320000,08/07/2016,KT22 8TA,F,N,L,LEATHERHEAD,MOLE VALLEY,SURREY,2016,7,12.6760794
500000,08/07/2016,GU20 6JQ,D,N,F,WINDLESHAM,SURREY HEATH,SURREY,2016,7,13.12236538
530000,27/06/2016,KT19 8FJ,T,N,F,EPSOM,EPSOM AND EWELL,SURREY,2016,6,13.18063417
205000,02/06/2016,GU1 3LT,F,N,L,GUILDFORD,GUILDFORD,SURREY,2016,6,12.23077014
615000,16/06/2016,KT22 7FR,S,N,F,LEATHERHEAD,MOLE VALLEY,SURREY,2016,6,13.32937917
940000,08/07/2016,KT21 2GZ,D,N,F,ASHTEAD,MOLE VALLEY,SURREY,2016,7,13.75363622
330000,23/03/2016,KT17 1SN,F,N,L,EPSOM,EPSOM AND EWELL,SURREY,2016,3,12.70685096
1390000,14/07/2016,SW14 8JY,S,N,F,LONDON,RICHMOND UPON THAMES,GREATER LONDON,2016,7,14.14481502
375000,15/07/2016,CR6 9HD,F,N,L,WARLINGHAM,TANDRIDGE,SURREY,2016,7,12.83468397
379000,10/06/2016,KT12 3JD,F,N,L,WALTON-ON-THAMES,ELMBRIDGE,SURREY,2016,6,12.84529412
280000,04/07/2016,TW17 0AP,F,N,L,SHEPPERTON,SPELTHORNE,SURREY,2016,7,12.54254845
319950,17/06/2016,TW15 3ET,F,N,L,ASHFORD,SPELTHORNE,SURREY,2016,6,12.67592314
875000,17/06/2016,RH7 6BT,D,N,F,LINGFIELD,TANDRIDGE,SURREY,2016,6,13.68198031
310000,06/07/2016,S65 4QG,D,N,F,ROTHERHAM,ROTHERHAM,SOUTH YORKSHIRE,2016,7,12.6443308
160000,15/07/2016,S64 8EB,S,N,F,MEXBOROUGH,ROTHERHAM,SOUTH YORKSHIRE,2016,7,11.98293534
78000,30/06/2016,DN5 9RB,T,N,F,DONCASTER,DONCASTER,SOUTH YORKSHIRE,2016,6,11.26447693
173000,01/06/2016,S62 5RR,D,N,F,ROTHERHAM,ROTHERHAM,SOUTH YORKSHIRE,2016,6,12.06105265
93000,25/06/2016,S75 3DB,T,N,F,BARNSLEY,BARNSLEY,SOUTH YORKSHIRE,2016,6,11.44036552
65000,05/07/2016,S13 7TQ,T,N,F,SHEFFIELD,SHEFFIELD,SOUTH YORKSHIRE,2016,7,11.08215793
279500,16/06/2016,S75 4NW,D,N,F,BARNSLEY,BARNSLEY,SOUTH YORKSHIRE,2016,6,12.54076115
105000,01/06/2016,S70 5NT,S,N,F,BARNSLEY,BARNSLEY,SOUTH YORKSHIRE,2016,6,11.56172515
175000,22/07/2016,DN8 5EL,D,N,F,DONCASTER,DONCASTER,SOUTH YORKSHIRE,2016,7,12.07254697
167000,26/05/2016,S35 2QL,D,N,L,SHEFFIELD,SHEFFIELD,SOUTH YORKSHIRE,2016,5,12.02575508
124000,08/07/2016,S5 7DT,S,N,L,SHEFFIELD,SHEFFIELD,SOUTH YORKSHIRE,2016,7,11.72804491
125000,18/07/2016,S9 4GS,S,N,L,SHEFFIELD,SHEFFIELD,SOUTH YORKSHIRE,2016,7,11.73607702
100000,29/06/2016,DN5 0PB,S,N,F,DONCASTER,DONCASTER,SOUTH YORKSHIRE,2016,6,11.51293546
128000,01/07/2016,S66 2TS,T,N,F,ROTHERHAM,ROTHERHAM,SOUTH YORKSHIRE,2016,7,11.75979336
92000,24/06/2016,DN3 2LE,S,N,L,DONCASTER,DONCASTER,SOUTH YORKSHIRE,2016,6,11.42955473
135000,29/07/2016,S62 7HD,D,N,F,ROTHERHAM,ROTHERHAM,SOUTH YORKSHIRE,2016,7,11.81303746
167050,18/08/2016,S36 1FQ,S,N,F,SHEFFIELD,SHEFFIELD,SOUTH YORKSHIRE,2016,8,12.02605443
285000,30/08/2016,S8 0EQ,S,N,F,SHEFFIELD,SHEFFIELD,SOUTH YORKSHIRE,2016,8,12.56024797
38000,16/08/2016,S63 0NJ,S,N,F,ROTHERHAM,BARNSLEY,SOUTH YORKSHIRE,2016,8,10.54536775
128000,09/08/2016,S2 4FB,T,N,L,SHEFFIELD,SHEFFIELD,SOUTH YORKSHIRE,2016,8,11.75979336
205000,02/09/2016,S66 1WF,D,N,F,ROTHERHAM,ROTHERHAM,SOUTH YORKSHIRE,2016,9,12.23077014
53750,31/08/2016,DN6 8DT,T,N,F,DONCASTER,DONCASTER,SOUTH YORKSHIRE,2016,8,10.89211755
150000,05/08/2016,S6 4SJ,S,N,F,SHEFFIELD,SHEFFIELD,SOUTH YORKSHIRE,2016,8,11.91839724
550000,28/07/2016,S11 7PZ,D,N,F,SHEFFIELD,SHEFFIELD,SOUTH YORKSHIRE,2016,7,13.21767538
200000,26/08/2016,S66 8RP,D,N,F,ROTHERHAM,ROTHERHAM,SOUTH YORKSHIRE,2016,8,12.20607765
148000,05/08/2016,S25 4GL,D,N,L,SHEFFIELD,ROTHERHAM,SOUTH YORKSHIRE,2016,8,11.90497431
238750,09/09/2016,S20 1XA,D,N,L,SHEFFIELD,SHEFFIELD,SOUTH YORKSHIRE,2016,9,12.38317645
39999,05/08/2016,S70 6EG,T,N,F,BARNSLEY,BARNSLEY,SOUTH YORKSHIRE,2016,8,10.59663473
575000,23/08/2016,S66 1JU,D,N,F,ROTHERHAM,ROTHERHAM,SOUTH YORKSHIRE,2016,8,13.26212706
137000,31/08/2016,S26 1HG,T,N,F,SHEFFIELD,ROTHERHAM,SOUTH YORKSHIRE,2016,8,11.8277435
229950,26/07/2016,S26 2GW,D,N,L,SHEFFIELD,ROTHERHAM,SOUTH YORKSHIRE,2016,7,12.34562152
110000,16/09/2016,S71 1WB,T,N,F,BARNSLEY,BARNSLEY,SOUTH YORKSHIRE,2016,9,11.60824474
73300,26/08/2016,DN7 6ED,F,N,L,DONCASTER,DONCASTER,SOUTH YORKSHIRE,2016,8,11.20232953
129950,27/07/2016,S1 2LJ,F,N,L,SHEFFIELD,SHEFFIELD,SOUTH YORKSHIRE,2016,7,11.77491274
117000,26/08/2016,S60 3PB,S,N,F,ROTHERHAM,ROTHERHAM,SOUTH YORKSHIRE,2016,8,11.66993776
162612,02/09/2016,S60 5NE,S,N,F,ROTHERHAM,ROTHERHAM,SOUTH YORKSHIRE,2016,9,11.99912842
115000,26/08/2016,S61 3DQ,T,N,F,ROTHERHAM,ROTHERHAM,SOUTH YORKSHIRE,2016,8,11.6526961
394000,25/08/2016,DN7 6AB,D,N,F,DONCASTER,DONCASTER,SOUTH YORKSHIRE,2016,8,12.88410873
305000,26/08/2016,S17 3GG,F,N,L,SHEFFIELD,SHEFFIELD,SOUTH YORKSHIRE,2016,8,12.62807033
92500,31/08/2016,S70 3JQ,T,N,F,BARNSLEY,BARNSLEY,SOUTH YORKSHIRE,2016,8,11.43497473
182000,13/09/2016,S11 8QD,T,N,L,SHEFFIELD,SHEFFIELD,SOUTH YORKSHIRE,2016,9,12.11176746
247500,29/04/2016,S6 4LH,D,N,F,SHEFFIELD,SHEFFIELD,SOUTH YORKSHIRE,2016,4,12.4191699
193000,26/08/2016,S60 5DG,D,N,F,ROTHERHAM,ROTHERHAM,SOUTH YORKSHIRE,2016,8,12.17045065
143000,16/09/2016,S74 0LJ,S,N,F,BARNSLEY,BARNSLEY,SOUTH YORKSHIRE,2016,9,11.8706069
80000,08/09/2016,DN5 0QJ,S,N,F,DONCASTER,DONCASTER,SOUTH YORKSHIRE,2016,9,11.28979441
165000,20/07/2016,S13 9DN,T,N,F,SHEFFIELD,SHEFFIELD,SOUTH YORKSHIRE,2016,7,12.01370681
230000,19/08/2016,S36 9NY,D,N,F,SHEFFIELD,BARNSLEY,SOUTH YORKSHIRE,2016,8,12.34583894
48000,01/08/2016,S12 4RN,S,N,L,SHEFFIELD,SHEFFIELD,SOUTH YORKSHIRE,2016,8,10.77897712
140000,17/03/2016,S9 5AR,T,N,F,SHEFFIELD,SHEFFIELD,SOUTH YORKSHIRE,2016,3,11.84940484
130000,16/09/2016,DN5 7HH,S,N,F,DONCASTER,DONCASTER,SOUTH YORKSHIRE,2016,9,11.77529742
210846,19/08/2016,S35 8RE,S,N,L,SHEFFIELD,SHEFFIELD,SOUTH YORKSHIRE,2016,8,12.25888803
39999,23/09/2016,DN4 8AN,T,N,F,DONCASTER,DONCASTER,SOUTH YORKSHIRE,2016,9,10.59663473
419950,17/08/2016,S10 3QX,S,N,L,SHEFFIELD,SHEFFIELD,SOUTH YORKSHIRE,2016,8,12.94789332
196500,02/09/2016,S14 1AS,T,N,F,SHEFFIELD,SHEFFIELD,SOUTH YORKSHIRE,2016,9,12.1884228
182000,09/09/2016,S9 5AS,D,N,F,SHEFFIELD,SHEFFIELD,SOUTH YORKSHIRE,2016,9,12.11176746
114000,26/08/2016,S63 7FB,S,N,L,ROTHERHAM,ROTHERHAM,SOUTH YORKSHIRE,2016,8,11.6439625
212500,31/08/2016,S66 1AS,S,N,F,ROTHERHAM,ROTHERHAM,SOUTH YORKSHIRE,2016,8,12.26670197
215000,30/08/2016,S11 9RF,F,N,L,SHEFFIELD,SHEFFIELD,SOUTH YORKSHIRE,2016,8,12.27839796
335000,09/09/2016,S8 0BT,D,N,F,SHEFFIELD,SHEFFIELD,SOUTH YORKSHIRE,2016,9,12.7218888
62000,08/07/2016,DN8 4QJ,S,N,F,DONCASTER,DONCASTER,SOUTH YORKSHIRE,2016,7,11.03490579
55000,03/08/2016,S62 6AL,T,N,F,ROTHERHAM,ROTHERHAM,SOUTH YORKSHIRE,2016,8,10.91510665
75000,16/09/2016,DN7 4EJ,T,N,F,DONCASTER,DONCASTER,SOUTH YORKSHIRE,2016,9,11.22525673
135000,26/08/2016,S61 2HQ,S,N,L,ROTHERHAM,ROTHERHAM,SOUTH YORKSHIRE,2016,8,11.81303746
122500,12/08/2016,S13 8TA,T,N,L,SHEFFIELD,SHEFFIELD,SOUTH YORKSHIRE,2016,8,11.71587447
103000,17/08/2016,S64 8PH,S,N,F,MEXBOROUGH,ROTHERHAM,SOUTH YORKSHIRE,2016,8,11.54249398
186500,07/09/2016,S7 1HD,T,N,L,SHEFFIELD,SHEFFIELD,SOUTH YORKSHIRE,2016,9,12.13619188
92000,05/08/2016,S3 9AJ,S,N,L,SHEFFIELD,SHEFFIELD,SOUTH YORKSHIRE,2016,8,11.42955473
207500,05/09/2016,DN4 7RA,D,N,F,DONCASTER,DONCASTER,SOUTH YORKSHIRE,2016,9,12.24289144
345000,07/09/2016,S17 3EE,S,N,L,SHEFFIELD,SHEFFIELD,SOUTH YORKSHIRE,2016,9,12.75130259
130000,05/08/2016,DN3 1QA,D,N,F,DONCASTER,DONCASTER,SOUTH YORKSHIRE,2016,8,11.77529742
73000,07/09/2016,DN8 4SU,T,N,F,DONCASTER,DONCASTER,SOUTH YORKSHIRE,2016,9,11.19822842
149000,19/08/2016,S62 7DH,D,N,F,ROTHERHAM,ROTHERHAM,SOUTH YORKSHIRE,2016,8,11.9117083
130000,26/08/2016,S35 1ZA,S,N,L,SHEFFIELD,SHEFFIELD,SOUTH YORKSHIRE,2016,8,11.77529742
82000,21/09/2016,DN8 4PD,S,N,F,DONCASTER,DONCASTER,SOUTH YORKSHIRE,2016,9,11.31448672
110000,26/08/2016,DN6 9EW,S,N,F,DONCASTER,DONCASTER,SOUTH YORKSHIRE,2016,8,11.60824474
52000,10/08/2016,DN7 5NG,T,N,F,DONCASTER,DONCASTER,SOUTH YORKSHIRE,2016,8,10.85901823
148000,25/08/2016,S6 5AE,T,N,L,SHEFFIELD,SHEFFIELD,SOUTH YORKSHIRE,2016,8,11.90497431
390000,29/07/2016,S35 0AG,D,N,L,SHEFFIELD,SHEFFIELD,SOUTH YORKSHIRE,2016,7,12.87390458
395000,19/08/2016,DN5 7LW,D,N,F,DONCASTER,DONCASTER,SOUTH YORKSHIRE,2016,8,12.88664358
217500,02/09/2016,DN4 7JL,D,N,F,DONCASTER,DONCASTER,SOUTH YORKSHIRE,2016,9,12.28995873
150000,05/08/2016,S80 3JL,D,N,F,WORKSOP,ROTHERHAM,SOUTH YORKSHIRE,2016,8,11.91839724
50000,26/08/2016,DN7 5QH,S,N,F,DONCASTER,DONCASTER,SOUTH YORKSHIRE,2016,8,10.81979828
357500,02/09/2016,S10 3QN,S,N,F,SHEFFIELD,SHEFFIELD,SOUTH YORKSHIRE,2016,9,12.78689344
125000,15/07/2016,S36 2QA,S,N,L,SHEFFIELD,SHEFFIELD,SOUTH YORKSHIRE,2016,7,11.73607702
81000,12/09/2016,S60 5JY,S,N,F,ROTHERHAM,ROTHERHAM,SOUTH YORKSHIRE,2016,9,11.30221678
195000,26/08/2016,S66 9ES,D,N,F,ROTHERHAM,ROTHERHAM,SOUTH YORKSHIRE,2016,8,12.18075997
420000,09/09/2016,S65 3ST,D,N,F,ROTHERHAM,ROTHERHAM,SOUTH YORKSHIRE,2016,9,12.94801237
218000,16/08/2016,DN11 9ET,S,N,F,DONCASTER,DONCASTER,SOUTH YORKSHIRE,2016,8,12.29225493
500000,26/08/2016,SE24 0NJ,F,N,L,LONDON,LAMBETH,GREATER LONDON,2016,8,13.12236538
735000,19/08/2016,SE1 1QZ,F,N,L,LONDON,SOUTHWARK,GREATER LONDON,2016,8,13.50762714
565000,16/09/2016,SW17 9TA,T,N,F,LONDON,WANDSWORTH,GREATER LONDON,2016,9,13.24458278
370000,14/09/2016,TW9 4BG,F,N,L,RICHMOND,RICHMOND UPON THAMES,GREATER LONDON,2016,9,12.82126099
432500,07/07/2016,SE18 6PL,F,N,L,LONDON,GREENWICH,GREATER LONDON,2016,7,12.97733992
734500,15/08/2016,SW4 7LF,F,N,L,LONDON,LAMBETH,GREATER LONDON,2016,8,13.50694664
650000,12/09/2016,SE24 9JE,T,N,F,LONDON,SOUTHWARK,GREATER LONDON,2016,9,13.38472918
419000,09/09/2016,SE7 7HX,F,N,L,LONDON,GREENWICH,GREATER LONDON,2016,9,12.94562859
800000,02/09/2016,SW16 3HA,F,N,L,LONDON,LAMBETH,GREATER LONDON,2016,9,13.59236826
361000,19/09/2016,SE13 6TG,F,N,L,LONDON,LEWISHAM,GREATER LONDON,2016,9,12.79663601
335000,31/08/2016,SE15 6JD,F,N,L,LONDON,SOUTHWARK,GREATER LONDON,2016,8,12.7218888
330000,15/08/2016,SE6 1QA,T,N,F,LONDON,LEWISHAM,GREATER LONDON,2016,8,12.70685096
1950000,09/09/2016,SE1 7XB,F,N,L,LONDON,LAMBETH,GREATER LONDON,2016,9,14.48334044
285000,24/03/2016,SW16 2LD,F,N,L,LONDON,LAMBETH,GREATER LONDON,2016,3,12.56024797
440000,09/09/2016,SE10 9UD,F,N,L,LONDON,GREENWICH,GREATER LONDON,2016,9,12.99453228
730000,26/08/2016,TW12 2RQ,S,N,F,HAMPTON,RICHMOND UPON THAMES,GREATER LONDON,2016,8,13.50080118
550000,25/08/2016,SE16 4UF,F,N,L,LONDON,SOUTHWARK,GREATER LONDON,2016,8,13.21767538
300000,01/08/2016,SE15 1EN,F,N,L,LONDON,SOUTHWARK,GREATER LONDON,2016,8,12.61154109
270000,14/09/2016,SE9 2BB,F,N,L,LONDON,GREENWICH,GREATER LONDON,2016,9,12.50618094
485000,24/08/2016,SW11 1HP,F,N,L,LONDON,WANDSWORTH,GREATER LONDON,2016,8,13.09190623
580000,05/08/2016,SE10 8NG,F,N,L,LONDON,GREENWICH,GREATER LONDON,2016,8,13.27078511
300000,12/08/2016,SE18 6HB,F,N,L,LONDON,GREENWICH,GREATER LONDON,2016,8,12.61154109
445000,12/08/2016,SW16 6DT,F,N,L,LONDON,WANDSWORTH,GREATER LONDON,2016,8,13.00583181
350000,24/08/2016,SE13 6DQ,F,N,L,LONDON,LEWISHAM,GREATER LONDON,2016,8,12.76569129
277000,19/05/2016,SE13 6EZ,F,N,L,LONDON,LEWISHAM,GREATER LONDON,2016,5,12.5317764
309950,16/06/2017,DE73 6UX,D,Y,F,DERBY,CITY OF DERBY,CITY OF DERBY,2017,6,12.6441695
245000,26/04/2017,S21 1JG,D,N,F,SHEFFIELD,NORTH EAST DERBYSHIRE,DERBYSHIRE,2017,4,12.40901757
83500,31/05/2017,NG16 4EH,F,Y,L,NOTTINGHAM,AMBER VALLEY,DERBYSHIRE,2017,5,11.33261389
255000,30/06/2017,DE73 6WY,D,Y,F,DERBY,SOUTH DERBYSHIRE,DERBYSHIRE,2017,6,12.44902275
249950,07/07/2017,DE75 7TF,D,Y,F,HEANOR,AMBER VALLEY,DERBYSHIRE,2017,7,12.42902018
191995,16/06/2017,DE73 6XA,S,Y,F,DERBY,SOUTH DERBYSHIRE,DERBYSHIRE,2017,6,12.16522982
421000,07/07/2017,DE45 1AQ,F,N,L,BAKEWELL,DERBYSHIRE DALES,DERBYSHIRE,2017,7,12.95039049
250000,29/06/2017,S21 1JG,D,N,F,SHEFFIELD,NORTH EAST DERBYSHIRE,DERBYSHIRE,2017,6,12.4292202
196950,12/07/2017,DE75 7TF,D,Y,F,HEANOR,AMBER VALLEY,DERBYSHIRE,2017,7,12.19071025
229950,14/07/2017,DE75 7TF,D,Y,F,HEANOR,AMBER VALLEY,DERBYSHIRE,2017,7,12.34562152
660000,30/06/2017,DE6 1PG,D,N,F,ASHBOURNE,DERBYSHIRE DALES,DERBYSHIRE,2017,6,13.39999663
432000,27/06/2017,S18 1UH,D,N,F,DRONFIELD,NORTH EAST DERBYSHIRE,DERBYSHIRE,2017,6,12.97618318
140000,20/06/2017,DE72 3NT,S,N,F,DERBY,EREWASH,DERBYSHIRE,2017,6,11.84940484
195000,03/07/2017,DE5 3LJ,D,N,F,RIPLEY,AMBER VALLEY,DERBYSHIRE,2017,7,12.18075997
102000,27/07/2017,S43 4QZ,S,N,F,CHESTERFIELD,BOLSOVER,DERBYSHIRE,2017,7,11.5327379
460000,27/06/2017,DE21 5LF,D,N,F,DERBY,EREWASH,DERBYSHIRE,2017,6,13.03898394
214000,28/07/2017,NG10 4NH,D,N,F,NOTTINGHAM,EREWASH,DERBYSHIRE,2017,7,12.27373597
130000,05/07/2017,DE5 3DW,T,N,F,RIPLEY,AMBER VALLEY,DERBYSHIRE,2017,7,11.77529742
110000,24/04/2017,DE7 5EH,S,N,F,ILKESTON,EREWASH,DERBYSHIRE,2017,4,11.60824474
205000,28/07/2017,DE5 3GE,D,N,F,RIPLEY,AMBER VALLEY,DERBYSHIRE,2017,7,12.23077014
172000,12/07/2017,DE5 8NQ,S,N,F,RIPLEY,AMBER VALLEY,DERBYSHIRE,2017,7,12.05525557
120000,28/07/2017,S41 7HN,S,N,F,CHESTERFIELD,CHESTERFIELD,DERBYSHIRE,2017,7,11.69525536
367000,24/07/2017,SK22 3JX,S,N,F,HIGH PEAK,HIGH PEAK,DERBYSHIRE,2017,7,12.81311985
124950,23/06/2017,DE75 7TQ,T,Y,F,HEANOR,AMBER VALLEY,DERBYSHIRE,2017,6,11.73567694
80000,21/07/2017,S43 4RU,T,N,F,CHESTERFIELD,BOLSOVER,DERBYSHIRE,2017,7,11.28979441
149000,23/06/2017,DE23 6JJ,S,N,F,DERBY,CITY OF DERBY,CITY OF DERBY,2017,6,11.9117083
117000,28/07/2017,S43 3UF,S,N,F,CHESTERFIELD,CHESTERFIELD,DERBYSHIRE,2017,7,11.66993776
168000,01/08/2017,DE55 6AZ,S,N,F,ALFRETON,NORTH EAST DERBYSHIRE,DERBYSHIRE,2017,8,12.03172521
84950,01/06/2017,DE55 7JA,S,N,F,ALFRETON,AMBER VALLEY,DERBYSHIRE,2017,6,11.3498299
134950,17/07/2017,SK13 1PX,T,N,F,GLOSSOP,HIGH PEAK,DERBYSHIRE,2017,7,11.81266703
156000,28/06/2017,NG10 1DJ,D,N,F,NOTTINGHAM,EREWASH,DERBYSHIRE,2017,6,11.9576177
265000,28/07/2017,S18 1QT,D,N,F,DRONFIELD,NORTH EAST DERBYSHIRE,DERBYSHIRE,2017,7,12.48748888
235000,31/07/2017,IG3 8SJ,F,N,L,ILFORD,REDBRIDGE,GREATER LONDON,2017,7,12.36734505
385000,31/07/2017,IG3 8AS,T,N,F,ILFORD,REDBRIDGE,GREATER LONDON,2017,7,12.86100121
615000,13/07/2017,N22 5ET,T,N,F,LONDON,HARINGEY,GREATER LONDON,2017,7,13.32937917
462500,10/08/2017,E3 5NU,F,N,L,LONDON,TOWER HAMLETS,GREATER LONDON,2017,8,13.044404
210000,30/06/2017,N9 8PG,F,N,L,LONDON,ENFIELD,GREATER LONDON,2017,6,12.25486757
235000,26/05/2017,RM1 2TE,F,N,L,ROMFORD,HAVERING,GREATER LONDON,2017,5,12.36734505
182000,02/06/2017,N9 8BL,F,N,L,LONDON,ENFIELD,GREATER LONDON,2017,6,12.11176746
910000,11/08/2017,IG8 0PP,S,N,F,WOODFORD GREEN,REDBRIDGE,GREATER LONDON,2017,8,13.72120098
255000,08/08/2017,EN2 7PR,F,N,L,ENFIELD,ENFIELD,GREATER LONDON,2017,8,12.44902275
562000,14/07/2017,IG6 2BN,T,N,F,ILFORD,REDBRIDGE,GREATER LONDON,2017,7,13.23925891
190000,31/07/2017,N9 8PJ,F,N,L,LONDON,ENFIELD,GREATER LONDON,2017,7,12.15478461
1430000,02/08/2017,E18 2DX,S,N,F,LONDON,REDBRIDGE,GREATER LONDON,2017,8,14.1731857
338000,09/08/2017,E10 5ER,F,N,L,LONDON,WALTHAM FOREST,GREATER LONDON,2017,8,12.73080413
440000,11/08/2017,E4 6HA,S,N,F,LONDON,WALTHAM FOREST,GREATER LONDON,2017,8,12.99453228
275000,14/07/2017,RM12 4XU,F,N,L,HORNCHURCH,HAVERING,GREATER LONDON,2017,7,12.52453001
385000,27/07/2017,E3 5EY,F,N,L,LONDON,TOWER HAMLETS,GREATER LONDON,2017,7,12.86100121
212000,31/07/2017,IG11 0LH,F,N,L,BARKING,BARKING AND DAGENHAM,GREATER LONDON,2017,7,12.26434627
196500,05/05/2017,RM1 2TE,F,N,L,ROMFORD,HAVERING,GREATER LONDON,2017,5,12.1884228
350000,20/07/2017,E4 9TA,S,N,F,LONDON,WALTHAM FOREST,GREATER LONDON,2017,7,12.76569129
489000,31/07/2017,E11 4RQ,T,N,F,LONDON,WALTHAM FOREST,GREATER LONDON,2017,7,13.10011981
415000,24/07/2017,EN1 4NX,T,N,F,ENFIELD,ENFIELD,GREATER LONDON,2017,7,12.93603621
595000,14/07/2017,N4 4DP,F,N,L,LONDON,HARINGEY,GREATER LONDON,2017,7,13.29631837
450000,11/08/2017,RM3 9JL,S,N,F,ROMFORD,HAVERING,GREATER LONDON,2017,8,13.01700508
1100000,25/08/2017,E9 6DU,T,N,F,LONDON,HACKNEY,GREATER LONDON,2017,8,13.91082165
461000,28/07/2017,RM11 2NY,T,N,F,HORNCHURCH,HAVERING,GREATER LONDON,2017,7,13.04115549
420000,28/07/2017,N22 6PG,T,N,F,LONDON,HARINGEY,GREATER LONDON,2017,7,12.94801237
405000,01/08/2017,RM7 0SR,S,N,F,ROMFORD,BARKING AND DAGENHAM,GREATER LONDON,2017,8,12.91164482
405000,02/05/2017,N16 5DA,F,N,L,LONDON,HACKNEY,GREATER LONDON,2017,5,12.91164482
467000,04/08/2017,RM6 4QA,T,N,F,ROMFORD,REDBRIDGE,GREATER LONDON,2017,8,13.05408668
533000,28/07/2017,IG8 7NF,T,N,F,WOODFORD GREEN,REDBRIDGE,GREATER LONDON,2017,7,13.18627858
425000,14/08/2017,RM6 6RX,T,N,F,ROMFORD,BARKING AND DAGENHAM,GREATER LONDON,2017,8,12.9598468
148000,14/08/2017,N9 9XL,F,N,L,LONDON,ENFIELD,GREATER LONDON,2017,8,11.90497431
278000,24/07/2017,RM9 6PB,T,N,F,DAGENHAM,BARKING AND DAGENHAM,GREATER LONDON,2017,7,12.53537999
237500,28/07/2017,IG8 8BH,F,N,L,WOODFORD GREEN,REDBRIDGE,GREATER LONDON,2017,7,12.37792711
407500,07/08/2017,E3 2QF,F,N,L,LONDON,TOWER HAMLETS,GREATER LONDON,2017,8,12.91779867
380000,11/08/2017,RM7 9PH,T,N,F,ROMFORD,HAVERING,GREATER LONDON,2017,8,12.84792916
270000,17/07/2017,RM5 3YT,D,N,F,ROMFORD,HAVERING,GREATER LONDON,2017,7,12.50618094
410000,18/08/2017,E3 2QF,F,N,L,LONDON,TOWER HAMLETS,GREATER LONDON,2017,8,12.92391488
275000,11/07/2017,RM1 3LW,F,N,L,ROMFORD,HAVERING,GREATER LONDON,2017,7,12.52453001
340000,04/07/2017,RM3 0XA,F,N,L,ROMFORD,HAVERING,GREATER LONDON,2017,7,12.73670384
450000,28/07/2017,IG8 9GT,F,N,L,WOODFORD GREEN,REDBRIDGE,GREATER LONDON,2017,7,13.01700508
360000,17/07/2017,E14 3SP,F,N,L,LONDON,TOWER HAMLETS,GREATER LONDON,2017,7,12.79386209
362000,22/06/2017,E8 2DU,F,N,L,LONDON,HACKNEY,GREATER LONDON,2017,6,12.79940225
340000,25/07/2017,RM12 4AY,F,N,L,HORNCHURCH,HAVERING,GREATER LONDON,2017,7,12.73670384
390000,01/08/2017,E6 6BW,T,N,F,LONDON,NEWHAM,GREATER LONDON,2017,8,12.87390458
815000,21/07/2017,E2 8HH,F,N,L,LONDON,HACKNEY,GREATER LONDON,2017,7,13.61094462
740000,18/08/2017,E17 9EH,T,N,F,LONDON,WALTHAM FOREST,GREATER LONDON,2017,8,13.51440682
817500,26/07/2017,RM11 2JA,D,N,F,HORNCHURCH,HAVERING,GREATER LONDON,2017,7,13.6140074
375000,21/07/2017,IG11 9UT,T,N,F,BARKING,BARKING AND DAGENHAM,GREATER LONDON,2017,7,12.83468397
445000,14/07/2017,E3 3ST,F,N,L,LONDON,TOWER HAMLETS,GREATER LONDON,2017,7,13.00583181
1195000,31/07/2017,N1 5EB,F,N,L,LONDON,HACKNEY,GREATER LONDON,2017,7,13.99365758
150000,19/05/2017,E12 6LA,F,N,L,LONDON,NEWHAM,GREATER LONDON,2017,5,11.91839724
445000,28/07/2017,E1 5QW,F,N,L,LONDON,TOWER HAMLETS,GREATER LONDON,2017,7,13.00583181
370000,18/08/2017,E14 9LP,F,N,L,LONDON,TOWER HAMLETS,GREATER LONDON,2017,8,12.82126099
345000,04/08/2017,E9 5AE,F,N,L,LONDON,HACKNEY,GREATER LONDON,2017,8,12.75130259
557500,28/07/2017,RM14 2EU,T,N,F,UPMINSTER,HAVERING,GREATER LONDON,2017,7,13.23121958
250000,02/08/2017,RM3 0GF,F,N,L,ROMFORD,HAVERING,GREATER LONDON,2017,8,12.4292202
360000,31/07/2017,RM13 9SB,S,N,F,RAINHAM,HAVERING,GREATER LONDON,2017,7,12.79386209
205000,07/08/2017,E16 1AN,F,N,L,LONDON,NEWHAM,GREATER LONDON,2017,8,12.23077014
1200000,01/08/2017,N16 0EN,T,N,F,LONDON,HACKNEY,GREATER LONDON,2017,8,13.99783295
450000,31/07/2017,IG11 9UX,T,N,F,BARKING,BARKING AND DAGENHAM,GREATER LONDON,2017,7,13.01700508
268000,28/04/2017,IG11 7BU,F,N,L,BARKING,BARKING AND DAGENHAM,GREATER LONDON,2017,4,12.49874599
540000,15/08/2017,N1 5EE,F,N,L,LONDON,HACKNEY,GREATER LONDON,2017,8,13.19932627
267000,19/07/2017,TN39 3DR,F,N,L,BEXHILL-ON-SEA,ROTHER,EAST SUSSEX,2017,7,12.49500768
292500,28/07/2017,TN5 7AL,T,N,F,WADHURST,ROTHER,EAST SUSSEX,2017,7,12.58622336
155000,28/07/2017,TN6 2YG,T,N,L,CROWBOROUGH,WEALDEN,EAST SUSSEX,2017,7,11.95118685
299000,02/08/2017,BN20 8TP,S,N,F,EASTBOURNE,EASTBOURNE,EAST SUSSEX,2017,8,12.6082022
102500,23/08/2017,BN22 7RT,F,N,L,EASTBOURNE,EASTBOURNE,EAST SUSSEX,2017,8,11.53762783
236000,08/08/2017,BN27 3AZ,S,N,F,HAILSHAM,WEALDEN,EAST SUSSEX,2017,8,12.37159132
245000,18/08/2017,TN37 7UA,S,N,F,ST LEONARDS-ON-SEA,HASTINGS,EAST SUSSEX,2017,8,12.40901757
118000,02/08/2017,TN35 5JG,F,N,L,HASTINGS,HASTINGS,EAST SUSSEX,2017,8,11.67844838
190000,11/08/2017,BN23 7BA,T,N,F,EASTBOURNE,EASTBOURNE,EAST SUSSEX,2017,8,12.15478461
290000,04/08/2017,TN5 7AL,T,N,F,WADHURST,ROTHER,EAST SUSSEX,2017,8,12.57763965
393500,17/08/2017,BN41 2BB,S,N,F,BRIGHTON,BRIGHTON AND HOVE,BRIGHTON AND HOVE,2017,8,12.88283889
520000,07/08/2017,BN3 5FP,T,N,F,HOVE,BRIGHTON AND HOVE,BRIGHTON AND HOVE,2017,8,13.16158601
190000,31/07/2017,TN38 8DX,T,N,F,ST LEONARDS-ON-SEA,HASTINGS,EAST SUSSEX,2017,7,12.15478461
190000,05/07/2017,TN35 5AU,S,N,F,HASTINGS,HASTINGS,EAST SUSSEX,2017,7,12.15478461
550000,17/08/2017,BN1 5NR,T,N,F,BRIGHTON,BRIGHTON AND HOVE,BRIGHTON AND HOVE,2017,8,13.21767538
145000,24/07/2017,TN22 1HU,F,N,L,UCKFIELD,WEALDEN,EAST SUSSEX,2017,7,11.88449592
314950,24/07/2017,TN21 8YS,D,N,F,HEATHFIELD,WEALDEN,EAST SUSSEX,2017,7,12.66017235
329950,10/08/2017,TN40 2UN,D,N,F,BEXHILL-ON-SEA,ROTHER,EAST SUSSEX,2017,8,12.70669944
319950,24/07/2017,BN23 8HD,D,N,F,EASTBOURNE,EASTBOURNE,EAST SUSSEX,2017,7,12.67592314
232500,21/06/2017,BN27 3UQ,S,N,F,HAILSHAM,WEALDEN,EAST SUSSEX,2017,6,12.35664981
355000,23/06/2017,TN22 5YD,D,N,F,UCKFIELD,WEALDEN,EAST SUSSEX,2017,6,12.77987589
220000,21/08/2017,BN26 6HQ,S,N,F,POLEGATE,WEALDEN,EAST SUSSEX,2017,8,12.30138737
200000,28/07/2017,BN20 9LS,F,N,L,EASTBOURNE,WEALDEN,EAST SUSSEX,2017,7,12.20607765
795000,02/08/2017,BN8 4HT,D,N,F,LEWES,LEWES,EAST SUSSEX,2017,8,13.58609865
125000,11/08/2017,TN5 6DL,F,N,L,WADHURST,WEALDEN,EAST SUSSEX,2017,8,11.73607702
210000,14/08/2017,TN31 7HN,T,N,F,RYE,ROTHER,EAST SUSSEX,2017,8,12.25486757
695000,11/08/2017,BN20 8AQ,D,N,F,EASTBOURNE,EASTBOURNE,EAST SUSSEX,2017,8,13.45166856
410000,07/08/2017,BN10 7BN,S,N,F,PEACEHAVEN,LEWES,EAST SUSSEX,2017,8,12.92391488
237000,08/08/2017,TN21 8LW,T,N,F,HEATHFIELD,WEALDEN,EAST SUSSEX,2017,8,12.37581964
345000,03/08/2017,TN32 5EG,D,N,F,ROBERTSBRIDGE,ROTHER,EAST SUSSEX,2017,8,12.75130259
345000,25/07/2017,BN10 7PH,D,N,F,PEACEHAVEN,LEWES,EAST SUSSEX,2017,7,12.75130259
344000,04/08/2017,BN10 7AU,S,N,F,PEACEHAVEN,LEWES,EAST SUSSEX,2017,8,12.74839984
103000,07/08/2017,TN37 6QR,F,N,L,ST LEONARDS-ON-SEA,HASTINGS,EAST SUSSEX,2017,8,11.54249398
750000,24/08/2017,BN7 1EW,D,N,F,LEWES,LEWES,EAST SUSSEX,2017,8,13.52782982
125000,26/07/2017,BN20 7NF,F,N,L,EASTBOURNE,EASTBOURNE,EAST SUSSEX,2017,7,11.73607702
383000,28/07/2017,BN3 8BZ,S,N,F,HOVE,BRIGHTON AND HOVE,BRIGHTON AND HOVE,2017,7,12.85579288
915000,11/08/2017,BN3 1HJ,F,N,L,HOVE,BRIGHTON AND HOVE,BRIGHTON AND HOVE,2017,8,13.72668044
300000,28/07/2017,BN3 1JU,F,N,L,HOVE,BRIGHTON AND HOVE,BRIGHTON AND HOVE,2017,7,12.61154109
385000,29/06/2017,TN34 1TD,D,N,L,HASTINGS,HASTINGS,EAST SUSSEX,2017,6,12.86100121
250000,27/07/2017,BN1 5HF,F,N,L,BRIGHTON,BRIGHTON AND HOVE,BRIGHTON AND HOVE,2017,7,12.4292202
227000,22/08/2017,TN33 9JZ,S,N,F,BATTLE,WEALDEN,EAST SUSSEX,2017,8,12.3327097
226200,03/06/2017,BN2 8BQ,F,N,L,BRIGHTON,BRIGHTON AND HOVE,BRIGHTON AND HOVE,2017,6,12.32917926
220000,27/07/2017,BN2 8AB,F,N,L,BRIGHTON,BRIGHTON AND HOVE,BRIGHTON AND HOVE,2017,7,12.30138737
262500,19/07/2017,BN27 4DG,T,N,F,HAILSHAM,WEALDEN,EAST SUSSEX,2017,7,12.47801017
400000,14/07/2017,BN2 1AD,F,N,L,BRIGHTON,BRIGHTON AND HOVE,BRIGHTON AND HOVE,2017,7,12.89922233
295000,17/08/2017,BN21 4SD,F,N,L,EASTBOURNE,EASTBOURNE,EAST SUSSEX,2017,8,12.59473403
535000,04/08/2017,TN22 3EZ,D,N,F,UCKFIELD,WEALDEN,EAST SUSSEX,2017,8,13.1900239
280000,01/08/2017,BN27 3LH,D,N,F,HAILSHAM,WEALDEN,EAST SUSSEX,2017,8,12.54254845
187500,03/08/2017,BN3 3DW,F,N,L,HOVE,BRIGHTON AND HOVE,BRIGHTON AND HOVE,2017,8,12.14153946
225000,14/07/2017,TN38 9AB,T,N,F,ST LEONARDS-ON-SEA,HASTINGS,EAST SUSSEX,2017,7,12.32386013
72950,05/07/2017,TN40 1AH,F,N,L,BEXHILL-ON-SEA,ROTHER,EAST SUSSEX,2017,7,11.19754326
315000,01/08/2017,BN23 6FE,T,N,F,EASTBOURNE,EASTBOURNE,EAST SUSSEX,2017,8,12.66033109
265000,07/08/2017,BN3 1TN,F,N,L,HOVE,BRIGHTON AND HOVE,BRIGHTON AND HOVE,2017,8,12.48748888
272000,04/08/2017,BN3 5HS,F,N,L,HOVE,BRIGHTON AND HOVE,BRIGHTON AND HOVE,2017,8,12.51356102
350000,19/06/2017,BN27 4BN,T,N,F,HAILSHAM,WEALDEN,EAST SUSSEX,2017,6,12.76569129
172000,04/08/2017,TN40 1LS,F,N,L,BEXHILL-ON-SEA,ROTHER,EAST SUSSEX,2017,8,12.05525557
162000,14/07/2017,TN40 1HF,F,N,L,BEXHILL-ON-SEA,ROTHER,EAST SUSSEX,2017,7,11.99535779
456000,04/08/2017,BN3 7GP,S,N,F,HOVE,BRIGHTON AND HOVE,BRIGHTON AND HOVE,2017,8,13.03025028
320000,09/08/2017,BN2 9TN,F,N,L,BRIGHTON,BRIGHTON AND HOVE,BRIGHTON AND HOVE,2017,8,12.6760794
177000,31/07/2017,BN25 2PB,F,N,L,SEAFORD,LEWES,EAST SUSSEX,2017,7,12.08391066
360000,20/07/2017,BN2 9UE,T,N,F,BRIGHTON,BRIGHTON AND HOVE,BRIGHTON AND HOVE,2017,7,12.79386209
220000,10/08/2017,SS16 4SJ,S,N,F,BASILDON,BASILDON,ESSEX,2017,8,12.30138737
272500,24/07/2017,CM18 7SS,T,N,F,HARLOW,HARLOW,ESSEX,2017,7,12.51539756
255000,24/07/2017,SS17 8QU,T,N,F,STANFORD-LE-HOPE,THURROCK,THURROCK,2017,7,12.44902275
275000,31/07/2017,CM20 1RE,T,N,F,HARLOW,HARLOW,ESSEX,2017,7,12.52453001
231000,24/07/2017,CM18 6ED,T,N,F,HARLOW,HARLOW,ESSEX,2017,7,12.35017732
230000,12/05/2017,CO16 8UE,D,N,F,CLACTON-ON-SEA,TENDRING,ESSEX,2017,5,12.34583894
360000,10/07/2017,CM15 9HY,T,N,F,BRENTWOOD,BRENTWOOD,ESSEX,2017,7,12.79386209
438000,22/08/2017,CM15 9QS,S,N,F,BRENTWOOD,BRENTWOOD,ESSEX,2017,8,12.98997647
260000,14/08/2017,SS17 8QU,T,N,F,STANFORD-LE-HOPE,THURROCK,THURROCK,2017,8,12.46844076
280000,24/08/2017,CO6 4TU,T,N,F,COLCHESTER,COLCHESTER,ESSEX,2017,8,12.54254845
225000,07/08/2017,RM15 6EU,T,N,F,SOUTH OCKENDON,THURROCK,THURROCK,2017,8,12.32386013
190000,04/08/2017,SS9 2SY,S,N,L,LEIGH-ON-SEA,SOUTHEND-ON-SEA,SOUTHEND-ON-SEA,2017,8,12.15478461
276000,16/08/2017,RM15 4PP,S,N,F,SOUTH OCKENDON,THURROCK,THURROCK,2017,8,12.52815977
447500,21/07/2017,CB10 1BY,T,N,F,SAFFRON WALDEN,UTTLESFORD,ESSEX,2017,7,13.01143405
385000,25/08/2017,SS15 6PP,D,N,F,BASILDON,BASILDON,ESSEX,2017,8,12.86100121
540000,09/08/2017,CM14 4NG,D,N,F,BRENTWOOD,BRENTWOOD,ESSEX,2017,8,13.19932627
315000,04/08/2017,CO16 8YG,S,N,F,CLACTON-ON-SEA,TENDRING,ESSEX,2017,8,12.66033109
495000,04/08/2017,CM3 5PQ,D,N,F,CHELMSFORD,CHELMSFORD,ESSEX,2017,8,13.11231506
425000,17/08/2017,CM2 8AW,S,N,F,CHELMSFORD,CHELMSFORD,ESSEX,2017,8,12.9598468
185000,11/08/2017,SS0 8AB,F,N,L,WESTCLIFF-ON-SEA,SOUTHEND-ON-SEA,SOUTHEND-ON-SEA,2017,8,12.12811651
236000,07/08/2017,RM15 6JG,T,N,F,SOUTH OCKENDON,THURROCK,THURROCK,2017,8,12.37159132
257500,27/07/2017,SS2 4DP,T,N,F,SOUTHEND-ON-SEA,SOUTHEND-ON-SEA,SOUTHEND-ON-SEA,2017,7,12.45877888
370000,26/07/2017,EN9 1RS,T,N,F,WALTHAM ABBEY,EPPING FOREST,ESSEX,2017,7,12.82126099
296000,25/08/2017,CM2 8BG,T,N,F,CHELMSFORD,CHELMSFORD,ESSEX,2017,8,12.59811811
590000,17/07/2017,CM1 4QS,S,N,F,CHELMSFORD,UTTLESFORD,ESSEX,2017,7,13.28787951
320000,21/08/2017,CO16 8ES,S,N,F,CLACTON-ON-SEA,TENDRING,ESSEX,2017,8,12.6760794
392000,31/07/2017,CO6 4TR,D,N,F,COLCHESTER,COLCHESTER,ESSEX,2017,7,12.87901967
120000,02/08/2017,SS9 1SD,F,N,L,LEIGH-ON-SEA,SOUTHEND-ON-SEA,SOUTHEND-ON-SEA,2017,8,11.69525536
380000,13/06/2017,CM19 4QJ,S,N,F,HARLOW,HARLOW,ESSEX,2017,6,12.84792916
325000,25/08/2017,CM19 4QJ,T,N,F,HARLOW,HARLOW,ESSEX,2017,8,12.69158354
320000,21/07/2017,CM1 6UL,S,N,F,CHELMSFORD,CHELMSFORD,ESSEX,2017,7,12.6760794
223000,27/07/2017,CO16 8YP,D,N,F,CLACTON-ON-SEA,TENDRING,ESSEX,2017,7,12.31493153
288000,04/08/2017,SS7 4BH,S,N,F,BENFLEET,CASTLE POINT,ESSEX,2017,8,12.57071923
275000,25/08/2017,RM15 5AY,T,N,F,SOUTH OCKENDON,THURROCK,THURROCK,2017,8,12.52453001
339659,28/07/2017,IG10 4NJ,F,N,L,LOUGHTON,EPPING FOREST,ESSEX,2017,7,12.7357004
350000,28/07/2017,CM77 7UU,D,N,F,BRAINTREE,BRAINTREE,ESSEX,2017,7,12.76569129
600000,10/08/2017,CO3 3AZ,D,N,F,COLCHESTER,COLCHESTER,ESSEX,2017,8,13.3046866
300000,21/07/2017,SS7 4DR,T,N,F,BENFLEET,CASTLE POINT,ESSEX,2017,7,12.61154109
285700,28/07/2017,RM17 5NX,T,N,F,GRAYS,THURROCK,THURROCK,2017,7,12.56270109
345000,24/08/2017,SS15 6BB,S,N,F,BASILDON,BASILDON,ESSEX,2017,8,12.75130259
350000,24/07/2017,RM15 6HL,S,N,F,SOUTH OCKENDON,THURROCK,THURROCK,2017,7,12.76569129
255000,21/07/2017,SS7 5ST,T,N,F,BENFLEET,CASTLE POINT,ESSEX,2017,7,12.44902275
575000,07/08/2017,IG9 5SW,S,N,F,BUCKHURST HILL,EPPING FOREST,ESSEX,2017,8,13.26212706
260000,10/08/2017,CM9 6BW,S,N,F,MALDON,MALDON,ESSEX,2017,8,12.46844076
220000,01/08/2017,RM19 1GX,T,N,F,PURFLEET,THURROCK,THURROCK,2017,8,12.30138737
318000,17/08/2017,SS12 9AU,S,N,F,WICKFORD,BASILDON,ESSEX,2017,8,12.66980981
470000,10/08/2017,CO5 9NS,S,N,F,COLCHESTER,BRAINTREE,ESSEX,2017,8,13.0604901
405000,04/08/2017,SS12 9HT,S,N,F,WICKFORD,BASILDON,ESSEX,2017,8,12.91164482
238000,19/07/2017,SS11 7DP,S,N,F,WICKFORD,CHELMSFORD,ESSEX,2017,7,12.38003015
325000,28/07/2017,RM19 1GX,T,N,F,PURFLEET,THURROCK,THURROCK,2017,7,12.69158354
160000,01/08/2017,CM8 2AW,F,N,L,WITHAM,BRAINTREE,ESSEX,2017,8,11.98293534
315000,18/08/2017,CO4 3FP,D,N,F,COLCHESTER,COLCHESTER,ESSEX,2017,8,12.66033109
348000,09/08/2017,SS6 7RJ,S,N,F,RAYLEIGH,ROCHFORD,ESSEX,2017,8,12.75996063
400000,18/07/2017,CO4 9SF,D,N,F,COLCHESTER,COLCHESTER,ESSEX,2017,7,12.89922233
475000,04/08/2017,CM11 2XA,D,N,F,BILLERICAY,BASILDON,ESSEX,2017,8,13.07107219
320000,02/08/2017,SS2 4TG,S,N,F,SOUTHEND-ON-SEA,SOUTHEND-ON-SEA,SOUTHEND-ON-SEA,2017,8,12.6760794
335000,30/06/2017,SS8 7HX,D,N,F,CANVEY ISLAND,CASTLE POINT,ESSEX,2017,6,12.7218888
320000,10/08/2017,CM15 9PE,T,N,F,BRENTWOOD,BRENTWOOD,ESSEX,2017,8,12.6760794
112500,14/07/2017,SS2 6EL,F,N,L,SOUTHEND-ON-SEA,SOUTHEND-ON-SEA,SOUTHEND-ON-SEA,2017,7,11.63071739
245000,07/07/2017,RM19 1GX,T,N,F,PURFLEET,THURROCK,THURROCK,2017,7,12.40901757
427000,06/07/2017,RM15 6PX,D,N,F,SOUTH OCKENDON,THURROCK,THURROCK,2017,7,12.96454163
375000,09/08/2017,CM1 3DT,D,N,F,CHELMSFORD,CHELMSFORD,ESSEX,2017,8,12.83468397
185000,25/08/2017,CM8 1PY,S,N,F,WITHAM,BRAINTREE,ESSEX,2017,8,12.12811651
359000,04/08/2017,EN9 1NU,S,N,F,WALTHAM ABBEY,EPPING FOREST,ESSEX,2017,8,12.79108045
201000,14/08/2017,SS13 1BH,F,N,L,BASILDON,BASILDON,ESSEX,2017,8,12.21106516
205000,10/08/2017,RM20 3HA,T,N,F,GRAYS,THURROCK,THURROCK,2017,8,12.23077014
1100000,15/08/2017,IG7 6AJ,D,N,F,CHIGWELL,EPPING FOREST,ESSEX,2017,8,13.91082165
325000,31/03/2017,SS16 5HX,S,N,F,BASILDON,BASILDON,ESSEX,2017,3,12.69158354
340000,28/07/2017,SS4 3AZ,S,N,F,ROCHFORD,ROCHFORD,ESSEX,2017,7,12.73670384
312000,30/06/2017,RM15 4BU,S,N,F,SOUTH OCKENDON,THURROCK,THURROCK,2017,6,12.65076167
325000,02/08/2017,SS15 6DB,D,N,F,BASILDON,BASILDON,ESSEX,2017,8,12.69158354
480000,09/08/2017,CM12 0LN,S,N,F,BILLERICAY,BASILDON,ESSEX,2017,8,13.08154347
278500,21/06/2017,SS7 1EE,S,N,F,BENFLEET,CASTLE POINT,ESSEX,2017,6,12.53717693
220000,11/08/2017,CO16 8HB,S,N,F,CLACTON-ON-SEA,TENDRING,ESSEX,2017,8,12.30138737
350000,18/08/2017,RM14 1NE,T,N,F,UPMINSTER,HAVERING,GREATER LONDON,2017,8,12.76569129
377500,28/06/2017,SS8 0QJ,S,N,F,CANVEY ISLAND,CASTLE POINT,ESSEX,2017,6,12.8413285
142000,26/07/2017,SS9 4ED,F,N,L,LEIGH-ON-SEA,SOUTHEND-ON-SEA,SOUTHEND-ON-SEA,2017,7,11.86358938
500000,21/06/2017,CM16 5AR,S,N,F,EPPING,EPPING FOREST,ESSEX,2017,6,13.12236538
227000,01/08/2017,SS14 2DL,T,N,F,BASILDON,BASILDON,ESSEX,2017,8,12.3327097
130000,31/07/2017,CO2 7JX,F,N,L,COLCHESTER,COLCHESTER,ESSEX,2017,7,11.77529742
195000,26/07/2017,CO7 0SZ,T,N,F,COLCHESTER,TENDRING,ESSEX,2017,7,12.18075997
200000,04/08/2017,CM1 3EW,F,N,L,CHELMSFORD,CHELMSFORD,ESSEX,2017,8,12.20607765
420000,25/07/2017,SS9 5NL,D,N,F,LEIGH-ON-SEA,SOUTHEND-ON-SEA,SOUTHEND-ON-SEA,2017,7,12.94801237
527000,30/06/2017,CO15 6QL,D,N,F,CLACTON-ON-SEA,TENDRING,ESSEX,2017,6,13.17495773
181500,21/07/2017,CM2 6PH,F,N,L,CHELMSFORD,CHELMSFORD,ESSEX,2017,7,12.10901644
165000,26/07/2017,SS9 4ED,F,N,L,LEIGH-ON-SEA,SOUTHEND-ON-SEA,SOUTHEND-ON-SEA,2017,7,12.01370681
185000,01/08/2017,CO16 8DS,D,N,F,CLACTON-ON-SEA,TENDRING,ESSEX,2017,8,12.12811651
250000,19/07/2017,SS12 9AA,T,N,F,WICKFORD,BASILDON,ESSEX,2017,7,12.4292202
210000,30/06/2017,CM20 1SZ,T,N,L,HARLOW,HARLOW,ESSEX,2017,6,12.25486757
175000,21/07/2017,CO14 8PN,T,N,F,WALTON ON THE NAZE,TENDRING,ESSEX,2017,7,12.07254697
260000,21/07/2017,SS6 9DX,S,N,F,RAYLEIGH,ROCHFORD,ESSEX,2017,7,12.46844076
255000,28/06/2017,RM18 8SS,S,N,F,TILBURY,THURROCK,THURROCK,2017,6,12.44902275
500000,18/08/2017,CM12 9YE,D,N,F,BILLERICAY,BASILDON,ESSEX,2017,8,13.12236538
445000,24/07/2017,CM16 5AD,S,N,F,EPPING,EPPING FOREST,ESSEX,2017,7,13.00583181
208000,28/07/2017,CO16 7PD,D,N,F,CLACTON-ON-SEA,TENDRING,ESSEX,2017,7,12.24529817
225000,28/07/2017,SS14 2PB,T,N,F,BASILDON,BASILDON,ESSEX,2017,7,12.32386013
258000,21/07/2017,SS14 2SS,T,N,F,BASILDON,BASILDON,ESSEX,2017,7,12.46071874
138725,28/07/2017,CM17 9ET,F,N,L,HARLOW,HARLOW,ESSEX,2017,7,11.84025604
395000,18/08/2017,SS7 1NH,S,N,F,BENFLEET,CASTLE POINT,ESSEX,2017,8,12.88664358
261000,15/08/2017,CO15 5PU,D,N,F,CLACTON-ON-SEA,TENDRING,ESSEX,2017,8,12.47227952
595000,14/07/2017,CM16 7EH,S,N,F,EPPING,EPPING FOREST,ESSEX,2017,7,13.29631837
650000,21/07/2017,CM12 0ED,D,N,F,BILLERICAY,BASILDON,ESSEX,2017,7,13.38472918
615000,16/08/2017,CM0 7BU,D,N,F,SOUTHMINSTER,MALDON,ESSEX,2017,8,13.32937917
70000,03/08/2017,CO15 2EP,D,N,F,CLACTON-ON-SEA,TENDRING,ESSEX,2017,8,11.15626481
215000,28/03/2017,CO3 0YZ,S,N,F,COLCHESTER,COLCHESTER,ESSEX,2017,3,12.27839796
720000,28/07/2017,EN11 0BH,D,N,F,HODDESDON,EPPING FOREST,ESSEX,2017,7,13.48700788
209000,10/08/2017,CO14 8QU,S,N,F,WALTON ON THE NAZE,TENDRING,ESSEX,2017,8,12.25009432
275000,26/06/2017,CO12 5FB,D,N,F,HARWICH,TENDRING,ESSEX,2017,6,12.52453001
257000,21/08/2017,CO5 0LJ,D,N,F,COLCHESTER,COLCHESTER,ESSEX,2017,8,12.45683525
170000,25/07/2017,SS7 4LQ,F,N,L,BENFLEET,CASTLE POINT,ESSEX,2017,7,12.0435596
295000,01/08/2017,CO12 5AD,S,N,F,HARWICH,TENDRING,ESSEX,2017,8,12.59473403
100000,04/08/2017,CO13 0LZ,F,N,L,FRINTON-ON-SEA,TENDRING,ESSEX,2017,8,11.51293546
220000,10/08/2017,CO10 7JU,T,N,F,SUDBURY,BRAINTREE,ESSEX,2017,8,12.30138737
330000,10/07/2017,SS6 9HY,S,N,F,RAYLEIGH,ROCHFORD,ESSEX,2017,7,12.70685096
215000,21/07/2017,SS3 9WD,F,N,L,SOUTHEND-ON-SEA,SOUTHEND-ON-SEA,SOUTHEND-ON-SEA,2017,7,12.27839796
313000,09/08/2017,SS15 4HN,T,N,F,BASILDON,BASILDON,ESSEX,2017,8,12.65396166
605000,21/07/2017,SS9 4AU,D,N,F,LEIGH-ON-SEA,SOUTHEND-ON-SEA,SOUTHEND-ON-SEA,2017,7,13.31298539
425000,15/08/2017,SS11 7NB,S,N,F,WICKFORD,CHELMSFORD,ESSEX,2017,8,12.9598468
305000,11/08/2017,SS0 9TY,S,N,F,WESTCLIFF-ON-SEA,SOUTHEND-ON-SEA,SOUTHEND-ON-SEA,2017,8,12.62807033
282000,24/07/2017,CO12 5FG,S,N,F,HARWICH,TENDRING,ESSEX,2017,7,12.5496659
550000,03/08/2017,CM16 6PR,D,N,F,EPPING,EPPING FOREST,ESSEX,2017,8,13.21767538
462500,07/07/2017,CM1 6ED,S,N,F,CHELMSFORD,CHELMSFORD,ESSEX,2017,7,13.044404
290000,03/08/2017,CO4 9WH,D,N,F,COLCHESTER,COLCHESTER,ESSEX,2017,8,12.57763965
273000,27/07/2017,SS9 5PG,S,N,F,LEIGH-ON-SEA,SOUTHEND-ON-SEA,SOUTHEND-ON-SEA,2017,7,12.51723074
2200200,04/08/2017,IG7 5QZ,D,N,F,CHIGWELL,EPPING FOREST,ESSEX,2017,8,14.60405928
220000,14/07/2017,RM19 1QX,F,N,L,PURFLEET,THURROCK,THURROCK,2017,7,12.30138737
575000,31/07/2017,SS4 3AF,D,N,F,ROCHFORD,ROCHFORD,ESSEX,2017,7,13.26212706
435000,15/08/2017,CM6 3FQ,D,N,F,DUNMOW,UTTLESFORD,ESSEX,2017,8,12.98310361
168000,19/07/2017,CO5 7JJ,F,N,L,COLCHESTER,COLCHESTER,ESSEX,2017,7,12.03172521
450000,28/07/2017,CO15 6HL,D,N,F,CLACTON-ON-SEA,TENDRING,ESSEX,2017,7,13.01700508
310000,09/08/2017,SS6 8DE,S,N,F,RAYLEIGH,ROCHFORD,ESSEX,2017,8,12.6443308
245000,14/07/2017,CO1 1UP,S,N,F,COLCHESTER,COLCHESTER,ESSEX,2017,7,12.40901757
160000,04/08/2017,CO5 7JN,F,N,L,COLCHESTER,COLCHESTER,ESSEX,2017,8,11.98293534
235000,14/08/2017,RM16 6AZ,F,N,L,GRAYS,THURROCK,THURROCK,2017,8,12.36734505
248000,04/08/2017,CM1 3HH,F,N,L,CHELMSFORD,CHELMSFORD,ESSEX,2017,8,12.42118806
100000,25/05/2017,SS16 4HP,F,N,L,BASILDON,BASILDON,ESSEX,2017,5,11.51293546
1275000,21/07/2017,CM6 3HB,D,N,F,DUNMOW,UTTLESFORD,ESSEX,2017,7,14.05845752
240000,21/07/2017,CO4 5ZN,T,N,F,COLCHESTER,COLCHESTER,ESSEX,2017,7,12.38839837
610000,20/07/2017,CM3 6LZ,D,N,F,CHELMSFORD,MALDON,ESSEX,2017,7,13.32121588
355000,10/08/2017,CM7 1FR,D,N,F,BRAINTREE,BRAINTREE,ESSEX,2017,8,12.77987589
212000,04/08/2017,SS11 8GD,F,N,L,WICKFORD,BASILDON,ESSEX,2017,8,12.26434627
602500,21/07/2017,CM24 8JS,S,N,F,STANSTED,UTTLESFORD,ESSEX,2017,7,13.3088446
357000,07/07/2017,RM20 3HB,T,N,F,GRAYS,THURROCK,THURROCK,2017,7,12.78549386
325000,11/08/2017,CO7 8LE,S,N,F,COLCHESTER,TENDRING,ESSEX,2017,8,12.69158354
226000,21/07/2017,SS11 8GD,F,N,L,WICKFORD,BASILDON,ESSEX,2017,7,12.3282947
250000,10/08/2017,RM20 4XN,T,N,F,GRAYS,THURROCK,THURROCK,2017,8,12.4292202
185300,14/07/2017,CM7 1FW,F,N,L,BRAINTREE,BRAINTREE,ESSEX,2017,7,12.12973681
800000,15/08/2017,CM7 5JH,D,N,F,BRAINTREE,BRAINTREE,ESSEX,2017,8,13.59236826
326000,16/08/2017,CM2 9NR,T,N,F,CHELMSFORD,CHELMSFORD,ESSEX,2017,8,12.69465573
375000,28/07/2017,CO15 4SX,D,N,F,CLACTON-ON-SEA,TENDRING,ESSEX,2017,7,12.83468397
410000,28/07/2017,EN9 3LT,S,N,F,WALTHAM ABBEY,EPPING FOREST,ESSEX,2017,7,12.92391488
170000,13/04/2017,SS8 0JN,F,N,L,CANVEY ISLAND,CASTLE POINT,ESSEX,2017,4,12.0435596
500000,10/08/2017,CM14 5GF,F,N,L,BRENTWOOD,BRENTWOOD,ESSEX,2017,8,13.12236538
220000,16/08/2017,CO2 9GL,T,N,F,COLCHESTER,COLCHESTER,ESSEX,2017,8,12.30138737
300000,12/07/2017,SS7 5TJ,S,N,F,BENFLEET,CASTLE POINT,ESSEX,2017,7,12.61154109
305000,21/07/2017,SS12 0PQ,S,N,F,WICKFORD,BASILDON,ESSEX,2017,7,12.62807033
265000,19/05/2017,SS9 2EE,F,N,L,LEIGH-ON-SEA,SOUTHEND-ON-SEA,SOUTHEND-ON-SEA,2017,5,12.48748888
540000,23/06/2017,CO7 6AU,S,N,F,COLCHESTER,COLCHESTER,ESSEX,2017,6,13.19932627
300000,15/08/2017,SS5 5BZ,S,N,F,HOCKLEY,ROCHFORD,ESSEX,2017,8,12.61154109
178000,12/04/2017,CO12 4BH,S,N,F,HARWICH,TENDRING,ESSEX,2017,4,12.08954445
232000,08/08/2017,CM2 9FP,F,N,L,CHELMSFORD,CHELMSFORD,ESSEX,2017,8,12.35449696
135000,21/08/2017,SS2 5ES,F,N,L,SOUTHEND-ON-SEA,SOUTHEND-ON-SEA,SOUTHEND-ON-SEA,2017,8,11.81303746
460000,07/07/2017,SS16 6HD,S,N,F,BASILDON,BASILDON,ESSEX,2017,7,13.03898394
320000,04/08/2017,RM5 2NA,T,N,F,ROMFORD,HAVERING,GREATER LONDON,2017,8,12.6760794
285000,30/06/2017,CO3 0LJ,D,N,F,COLCHESTER,COLCHESTER,ESSEX,2017,6,12.56024797
262000,21/07/2017,SS16 5AP,T,N,F,BASILDON,BASILDON,ESSEX,2017,7,12.4761036
285000,28/07/2017,SS7 2UL,S,N,F,BENFLEET,CASTLE POINT,ESSEX,2017,7,12.56024797
225000,28/07/2017,CO2 9DU,S,N,F,COLCHESTER,COLCHESTER,ESSEX,2017,7,12.32386013
380000,31/05/2017,SS7 4HF,D,N,F,BENFLEET,CASTLE POINT,ESSEX,2017,5,12.84792916
410000,10/07/2017,CB11 3SA,S,N,F,SAFFRON WALDEN,UTTLESFORD,ESSEX,2017,7,12.92391488
246000,03/08/2017,CO14 8RL,D,N,F,WALTON ON THE NAZE,TENDRING,ESSEX,2017,8,12.41309088
278000,21/07/2017,SS12 9EH,S,N,F,WICKFORD,BASILDON,ESSEX,2017,7,12.53537999
424995,14/07/2017,CM3 3FS,S,Y,F,CHELMSFORD,CHELMSFORD,ESSEX,2017,7,12.95983504
389000,04/08/2017,SS0 0DY,D,N,F,WESTCLIFF-ON-SEA,SOUTHEND-ON-SEA,SOUTHEND-ON-SEA,2017,8,12.87133719
250000,03/08/2017,CO11 2EU,S,N,F,MANNINGTREE,TENDRING,ESSEX,2017,8,12.4292202
450000,08/08/2017,CM3 6LZ,D,N,F,CHELMSFORD,MALDON,ESSEX,2017,8,13.01700508
291000,04/08/2017,SS5 6ET,S,N,F,HOCKLEY,ROCHFORD,ESSEX,2017,8,12.58108198
210000,30/06/2017,CO15 3LH,D,N,F,CLACTON-ON-SEA,TENDRING,ESSEX,2017,6,12.25486757
190000,19/07/2017,SS5 4PZ,F,N,L,HOCKLEY,ROCHFORD,ESSEX,2017,7,12.15478461
390000,23/08/2017,CM11 2DL,S,N,F,BILLERICAY,BASILDON,ESSEX,2017,8,12.87390458
75000,28/07/2017,CO15 3PU,F,N,L,CLACTON-ON-SEA,TENDRING,ESSEX,2017,7,11.22525673
460000,18/07/2017,CM5 9SJ,D,N,F,ONGAR,EPPING FOREST,ESSEX,2017,7,13.03898394
225000,07/07/2017,RM20 4AA,T,N,F,GRAYS,THURROCK,THURROCK,2017,7,12.32386013
935000,04/08/2017,IG10 2SA,D,N,F,LOUGHTON,EPPING FOREST,ESSEX,2017,8,13.74830288
465000,07/07/2017,CO3 4QT,D,N,F,COLCHESTER,COLCHESTER,ESSEX,2017,7,13.04979484
290000,09/08/2017,SS9 4SR,S,N,F,LEIGH-ON-SEA,SOUTHEND-ON-SEA,SOUTHEND-ON-SEA,2017,8,12.57763965
342500,11/08/2017,CO10 7EX,S,N,F,SUDBURY,BRAINTREE,ESSEX,2017,8,12.74402986
222500,05/07/2017,CO12 3QF,D,N,F,HARWICH,TENDRING,ESSEX,2017,7,12.31268687
205000,14/08/2017,CO15 5HJ,S,N,F,CLACTON-ON-SEA,TENDRING,ESSEX,2017,8,12.23077014
320000,17/07/2017,SS17 8HG,S,N,F,STANFORD-LE-HOPE,THURROCK,THURROCK,2017,7,12.6760794
460000,19/07/2017,CO7 7TQ,D,N,F,COLCHESTER,TENDRING,ESSEX,2017,7,13.03898394
482500,28/07/2017,CM4 9AE,S,N,F,INGATESTONE,BRENTWOOD,ESSEX,2017,7,13.08673827
320000,15/08/2017,CM1 2JZ,S,N,F,CHELMSFORD,CHELMSFORD,ESSEX,2017,8,12.6760794
84250,28/07/2017,CO15 1UG,F,N,L,CLACTON-ON-SEA,TENDRING,ESSEX,2017,7,11.34155572
355000,11/08/2017,SS7 5QU,D,N,F,BENFLEET,CASTLE POINT,ESSEX,2017,8,12.77987589
268000,28/07/2017,CO3 4EW,S,N,F,COLCHESTER,COLCHESTER,ESSEX,2017,7,12.49874599
180000,18/07/2017,CO7 0EG,T,N,F,COLCHESTER,TENDRING,ESSEX,2017,7,12.10071769
345000,07/07/2017,CO5 0HN,D,N,F,COLCHESTER,COLCHESTER,ESSEX,2017,7,12.75130259
840000,09/08/2017,CM13 2HG,D,N,F,BRENTWOOD,BRENTWOOD,ESSEX,2017,8,13.64115836
186000,02/08/2017,M33 3AD,T,N,F,SALE,TRAFFORD,GREATER MANCHESTER,2017,8,12.13350733
105000,28/06/2017,M22 0HG,T,N,F,MANCHESTER,MANCHESTER,GREATER MANCHESTER,2017,6,11.56172515
215000,01/08/2017,SK3 0RW,T,N,F,STOCKPORT,STOCKPORT,GREATER MANCHESTER,2017,8,12.27839796
137500,14/07/2017,M23 2ZS,T,N,F,MANCHESTER,MANCHESTER,GREATER MANCHESTER,2017,7,11.83138647
192000,04/08/2017,WA14 5JX,S,N,L,ALTRINCHAM,TRAFFORD,GREATER MANCHESTER,2017,8,12.16525586
560000,07/08/2017,SK7 6HG,D,N,F,STOCKPORT,STOCKPORT,GREATER MANCHESTER,2017,8,13.23569385
130000,04/08/2017,M22 9WT,S,N,F,MANCHESTER,MANCHESTER,GREATER MANCHESTER,2017,8,11.77529742
140000,11/08/2017,SK6 4BH,T,N,F,STOCKPORT,STOCKPORT,GREATER MANCHESTER,2017,8,11.84940484
125000,28/07/2017,BL2 3QX,T,N,L,BOLTON,BOLTON,GREATER MANCHESTER,2017,7,11.73607702
217000,01/08/2017,SK3 0QX,S,N,F,STOCKPORT,STOCKPORT,GREATER MANCHESTER,2017,8,12.28765724
205500,24/07/2017,M33 2UZ,T,N,F,SALE,TRAFFORD,GREATER MANCHESTER,2017,7,12.23320618
125000,14/07/2017,WN2 5QR,T,N,F,WIGAN,WIGAN,GREATER MANCHESTER,2017,7,11.73607702
175000,28/07/2017,WN4 8AR,T,N,L,WIGAN,WIGAN,GREATER MANCHESTER,2017,7,12.07254697
116000,28/07/2017,WN2 4LZ,S,N,L,WIGAN,WIGAN,GREATER MANCHESTER,2017,7,11.66135409
302000,13/07/2017,WA14 5QP,S,N,F,ALTRINCHAM,TRAFFORD,GREATER MANCHESTER,2017,7,12.61818561
205000,28/07/2017,M19 1WB,S,N,F,MANCHESTER,MANCHESTER,GREATER MANCHESTER,2017,7,12.23077014
86000,11/08/2017,WN5 0HX,T,N,F,WIGAN,WIGAN,GREATER MANCHESTER,2017,8,11.3621142
128850,03/07/2017,WN1 3XF,S,N,F,WIGAN,WIGAN,GREATER MANCHESTER,2017,7,11.76641198
190000,07/07/2017,M33 7TF,T,N,F,SALE,TRAFFORD,GREATER MANCHESTER,2017,7,12.15478461
94000,28/07/2017,M44 6PJ,T,N,F,MANCHESTER,SALFORD,GREATER MANCHESTER,2017,7,11.4510607
94000,28/07/2017,WN5 0PP,S,N,F,WIGAN,WIGAN,GREATER MANCHESTER,2017,7,11.4510607
125000,28/07/2017,OL9 8AP,S,N,F,OLDHAM,OLDHAM,GREATER MANCHESTER,2017,7,11.73607702
73000,11/08/2017,WN7 3BJ,T,N,F,LEIGH,WIGAN,GREATER MANCHESTER,2017,8,11.19822842
157000,28/07/2017,M32 9QF,T,N,F,MANCHESTER,TRAFFORD,GREATER MANCHESTER,2017,7,11.96400745
114000,30/06/2017,M34 7JR,S,N,F,MANCHESTER,TAMESIDE,GREATER MANCHESTER,2017,6,11.6439625
171000,17/07/2017,SK2 5JT,S,N,F,STOCKPORT,STOCKPORT,GREATER MANCHESTER,2017,7,12.04942468
115000,28/07/2017,BL9 7EA,T,N,L,BURY,BURY,GREATER MANCHESTER,2017,7,11.6526961
115000,07/07/2017,OL2 7SF,S,N,L,OLDHAM,OLDHAM,GREATER MANCHESTER,2017,7,11.6526961
320000,18/08/2017,SK7 4SW,D,N,F,STOCKPORT,STOCKPORT,GREATER MANCHESTER,2017,8,12.6760794
85000,17/07/2017,M46 0HT,T,N,F,MANCHESTER,WIGAN,GREATER MANCHESTER,2017,7,11.3504183
73000,28/07/2017,M38 9LG,T,N,L,MANCHESTER,SALFORD,GREATER MANCHESTER,2017,7,11.19822842
104000,09/06/2017,M31 4PJ,T,N,L,MANCHESTER,TRAFFORD,GREATER MANCHESTER,2017,6,11.55215579
250000,31/07/2017,M33 2TE,S,N,F,SALE,TRAFFORD,GREATER MANCHESTER,2017,7,12.4292202
165000,21/08/2017,M22 0WP,S,N,F,MANCHESTER,MANCHESTER,GREATER MANCHESTER,2017,8,12.01370681
86000,01/06/2017,BL9 9RE,S,N,F,BURY,BURY,GREATER MANCHESTER,2017,6,11.3621142
225000,11/08/2017,M28 1ZW,D,N,F,MANCHESTER,SALFORD,GREATER MANCHESTER,2017,8,12.32386013
165000,05/07/2017,OL6 9AR,S,N,L,ASHTON-UNDER-LYNE,TAMESIDE,GREATER MANCHESTER,2017,7,12.01370681
220000,04/08/2017,BL2 4BU,S,N,L,BOLTON,BOLTON,GREATER MANCHESTER,2017,8,12.30138737
83000,01/08/2017,M5 5AD,F,N,L,SALFORD,SALFORD,GREATER MANCHESTER,2017,8,11.32660793
78500,30/06/2017,BL6 6JU,F,N,L,BOLTON,BOLTON,GREATER MANCHESTER,2017,6,11.27086664
238250,18/08/2017,M25 0HB,S,N,F,MANCHESTER,BURY,GREATER MANCHESTER,2017,8,12.38108002
72500,12/07/2017,OL11 2QB,T,N,L,ROCHDALE,ROCHDALE,GREATER MANCHESTER,2017,7,11.19135563
165500,27/07/2017,WN6 7PW,D,N,L,WIGAN,WIGAN,GREATER MANCHESTER,2017,7,12.01673252
97500,14/07/2017,BL1 8BH,T,N,F,BOLTON,BOLTON,GREATER MANCHESTER,2017,7,11.48761791
96000,12/07/2017,BL8 1ST,T,N,L,BURY,BURY,GREATER MANCHESTER,2017,7,11.47211389
235000,07/07/2017,BL2 3PE,D,N,F,BOLTON,BOLTON,GREATER MANCHESTER,2017,7,12.36734505
45500,06/07/2017,OL11 2JB,T,N,F,ROCHDALE,ROCHDALE,GREATER MANCHESTER,2017,7,10.72548958
457500,25/08/2017,OL3 5US,D,N,L,OLDHAM,OLDHAM,GREATER MANCHESTER,2017,8,13.03353435
408500,29/06/2017,M5 5LF,D,N,F,SALFORD,SALFORD,GREATER MANCHESTER,2017,6,12.92024964
279000,19/07/2017,BL1 7LT,D,N,F,BOLTON,BOLTON,GREATER MANCHESTER,2017,7,12.53897065
310000,18/08/2017,M16 0FZ,S,N,L,MANCHESTER,TRAFFORD,GREATER MANCHESTER,2017,8,12.6443308
280000,11/08/2017,SK6 7HQ,S,N,F,STOCKPORT,STOCKPORT,GREATER MANCHESTER,2017,8,12.54254845
555000,18/09/2017,PO19 1LB,O,N,L,CHICHESTER,CHICHESTER,WEST SUSSEX,2017,9,13.22672519
25000,29/09/2017,,O,Y,L,CRAWLEY,HORSHAM,WEST SUSSEX,2017,9,10.1266711
177500,07/04/2017,PO19 7BJ,O,N,F,CHICHESTER,CHICHESTER,WEST SUSSEX,2017,4,12.08673152
90000,09/10/2017,BN43 5DB,O,N,L,SHOREHAM-BY-SEA,ADUR,WEST SUSSEX,2017,10,11.40757606
190000,10/10/2017,PO21 1QD,O,N,F,BOGNOR REGIS,ARUN,WEST SUSSEX,2017,10,12.15478461
15000,25/10/2017,RH14 9UF,O,N,F,BILLINGSHURST,HORSHAM,WEST SUSSEX,2017,10,9.615872145
3400000,01/11/2017,PO10 8HS,O,N,F,EMSWORTH,CHICHESTER,WEST SUSSEX,2017,11,15.03928628
25000,18/09/2017,,O,Y,L,CRAWLEY,HORSHAM,WEST SUSSEX,2017,9,10.1266711
25000,11/09/2017,,O,Y,L,CRAWLEY,HORSHAM,WEST SUSSEX,2017,9,10.1266711
25000,10/10/2017,,O,Y,L,CRAWLEY,HORSHAM,WEST SUSSEX,2017,10,10.1266711
25000,18/10/2017,,O,Y,L,CRAWLEY,HORSHAM,WEST SUSSEX,2017,10,10.1266711
25000,18/10/2017,,O,Y,L,CRAWLEY,HORSHAM,WEST SUSSEX,2017,10,10.1266711
25000,03/10/2017,,O,Y,L,CRAWLEY,HORSHAM,WEST SUSSEX,2017,10,10.1266711
25000,10/10/2017,,O,Y,L,CRAWLEY,HORSHAM,WEST SUSSEX,2017,10,10.1266711
50000,02/10/2017,,O,Y,L,CRAWLEY,HORSHAM,WEST SUSSEX,2017,10,10.81979828
802500,02/11/2017,RH13 8JS,D,N,F,HORSHAM,HORSHAM,WEST SUSSEX,2017,11,13.59548838
2848500,27/10/2017,PO10 8LS,O,N,L,EMSWORTH,CHICHESTER,WEST SUSSEX,2017,10,14.86230345
190000,03/05/2017,RH16 1AJ,F,Y,L,HAYWARDS HEATH,MID SUSSEX,WEST SUSSEX,2017,5,12.15478461
241500,27/10/2017,BN11 5LN,T,N,F,WORTHING,WORTHING,WEST SUSSEX,2017,10,12.39462889
349000,24/11/2017,GU28 0BT,S,N,F,PETWORTH,CHICHESTER,WEST SUSSEX,2017,11,12.76283007
140000,25/08/2017,BN42 4GP,O,N,L,BRIGHTON,ADUR,WEST SUSSEX,2017,8,11.84940484
245000,20/12/2017,BN11 2QX,S,N,F,WORTHING,WORTHING,WEST SUSSEX,2017,12,12.40901757
1800000,16/11/2017,RH17 6AJ,O,N,F,HAYWARDS HEATH,MID SUSSEX,WEST SUSSEX,2017,11,14.40329778
550000,01/12/2017,BN18 9FJ,F,Y,L,ARUNDEL,ARUN,WEST SUSSEX,2017,12,13.21767538
410000,29/11/2017,BN11 1BJ,O,N,F,WORTHING,WORTHING,WEST SUSSEX,2017,11,12.92391488
310000,15/12/2017,GU28 0HJ,O,N,F,PETWORTH,CHICHESTER,WEST SUSSEX,2017,12,12.6443308
1100000,18/09/2017,GU27 3JD,O,N,F,HASLEMERE,CHICHESTER,WEST SUSSEX,2017,9,13.91082165
315000,18/12/2017,RH10 6QE,O,N,F,CRAWLEY,CRAWLEY,WEST SUSSEX,2017,12,12.66033109
17132226,19/12/2017,RH10 9DF,O,N,F,CRAWLEY,CRAWLEY,WEST SUSSEX,2017,12,16.65647187
125000,15/12/2017,HU17 9HH,T,N,F,BEVERLEY,EAST RIDING OF YORKSHIRE,EAST RIDING OF YORKSHIRE,2017,12,11.73607702
115000,14/12/2017,YO16 7NQ,S,N,F,BRIDLINGTON,EAST RIDING OF YORKSHIRE,EAST RIDING OF YORKSHIRE,2017,12,11.6526961
185000,18/12/2017,HU10 6PW,T,N,F,HULL,EAST RIDING OF YORKSHIRE,EAST RIDING OF YORKSHIRE,2017,12,12.12811651
61000,08/12/2017,HU10 7TZ,F,N,L,HULL,EAST RIDING OF YORKSHIRE,EAST RIDING OF YORKSHIRE,2017,12,11.01864554
1400000,10/08/2017,HU18 1PZ,O,N,F,HORNSEA,EAST RIDING OF YORKSHIRE,EAST RIDING OF YORKSHIRE,2017,8,14.15198351
90000,17/12/2017,YO16 4QE,F,N,L,BRIDLINGTON,EAST RIDING OF YORKSHIRE,EAST RIDING OF YORKSHIRE,2017,12,11.40757606
120000,15/12/2017,DN14 5DG,T,N,F,GOOLE,EAST RIDING OF YORKSHIRE,EAST RIDING OF YORKSHIRE,2017,12,11.69525536
229950,17/11/2017,HU17 0FS,T,N,F,BEVERLEY,EAST RIDING OF YORKSHIRE,EAST RIDING OF YORKSHIRE,2017,11,12.34562152
197000,11/09/2017,HU17 7SZ,O,N,F,BEVERLEY,EAST RIDING OF YORKSHIRE,EAST RIDING OF YORKSHIRE,2017,9,12.19096408
889350,30/06/2017,HU17 9GP,O,N,L,BEVERLEY,EAST RIDING OF YORKSHIRE,EAST RIDING OF YORKSHIRE,2017,6,13.69824726
165712,08/06/2017,YO42 2FS,O,N,F,YORK,EAST RIDING OF YORKSHIRE,EAST RIDING OF YORKSHIRE,2017,6,12.01801266
290000,22/08/2017,YO42 1PF,O,N,F,YORK,EAST RIDING OF YORKSHIRE,EAST RIDING OF YORKSHIRE,2017,8,12.57763965
295000,13/09/2017,HU11 4QB,O,N,F,HULL,EAST RIDING OF YORKSHIRE,EAST RIDING OF YORKSHIRE,2017,9,12.59473403
3750,01/09/2017,HU16 4NJ,O,N,F,COTTINGHAM,EAST RIDING OF YORKSHIRE,EAST RIDING OF YORKSHIRE,2017,9,8.22977775
7500,01/09/2017,HU16 4NJ,O,N,F,COTTINGHAM,EAST RIDING OF YORKSHIRE,EAST RIDING OF YORKSHIRE,2017,9,8.922791624
3750,01/09/2017,HU16 4NJ,O,N,F,COTTINGHAM,EAST RIDING OF YORKSHIRE,EAST RIDING OF YORKSHIRE,2017,9,8.22977775
3750,01/09/2017,HU16 4NJ,O,N,F,COTTINGHAM,EAST RIDING OF YORKSHIRE,EAST RIDING OF YORKSHIRE,2017,9,8.22977775
124995,26/09/2017,HU13 9DB,T,N,F,HESSLE,EAST RIDING OF YORKSHIRE,EAST RIDING OF YORKSHIRE,2017,9,11.73603702
290000,20/09/2017,YO41 4DA,O,N,F,YORK,EAST RIDING OF YORKSHIRE,EAST RIDING OF YORKSHIRE,2017,9,12.57763965
114000,31/08/2017,YO25 8JY,O,N,F,DRIFFIELD,EAST RIDING OF YORKSHIRE,EAST RIDING OF YORKSHIRE,2017,8,11.6439625
400000,15/09/2017,HU17 0LW,O,N,F,BEVERLEY,EAST RIDING OF YORKSHIRE,EAST RIDING OF YORKSHIRE,2017,9,12.89922233
69950,06/09/2017,YO15 3QA,O,N,L,BRIDLINGTON,EAST RIDING OF YORKSHIRE,EAST RIDING OF YORKSHIRE,2017,9,11.15555028
78500,19/12/2017,HU18 1PZ,F,N,L,HORNSEA,EAST RIDING OF YORKSHIRE,EAST RIDING OF YORKSHIRE,2017,12,11.27086664
52050,28/04/2017,HU13 0FD,T,N,F,HESSLE,EAST RIDING OF YORKSHIRE,EAST RIDING OF YORKSHIRE,2017,4,10.85997929
52050,28/04/2017,HU13 0FD,T,N,F,HESSLE,EAST RIDING OF YORKSHIRE,EAST RIDING OF YORKSHIRE,2017,4,10.85997929
370000,20/10/2017,HU12 0RE,D,N,F,HULL,EAST RIDING OF YORKSHIRE,EAST RIDING OF YORKSHIRE,2017,10,12.82126099
127000,18/10/2017,HU10 7FE,O,N,F,HULL,EAST RIDING OF YORKSHIRE,EAST RIDING OF YORKSHIRE,2017,10,11.75195024
502500,07/07/2017,NW6 5FL,F,Y,L,LONDON,BRENT,GREATER LONDON,2017,7,13.12735291
534000,08/12/2017,E8 2FA,F,Y,L,LONDON,HACKNEY,GREATER LONDON,2017,12,13.18815299
765000,08/12/2017,E8 2FA,F,Y,L,LONDON,HACKNEY,GREATER LONDON,2017,12,13.54763242
350000,28/07/2017,NW2 1HJ,F,N,L,LONDON,BARNET,GREATER LONDON,2017,7,12.76569129
313000,20/10/2017,TW7 4PX,F,N,L,ISLEWORTH,HOUNSLOW,GREATER LONDON,2017,10,12.65396166
745000,08/12/2017,E8 2FA,F,Y,L,LONDON,HACKNEY,GREATER LONDON,2017,12,13.52114084
560000,17/07/2017,E3 4RQ,F,Y,L,LONDON,TOWER HAMLETS,GREATER LONDON,2017,7,13.23569385
820000,27/04/2017,W3 8FW,F,N,L,LONDON,EALING,GREATER LONDON,2017,4,13.61706084
494995,18/08/2017,HA4 0FF,F,Y,L,RUISLIP,HILLINGDON,GREATER LONDON,2017,8,13.11230496
330000,23/11/2017,NW9 4DD,F,Y,L,LONDON,BARNET,GREATER LONDON,2017,11,12.70685096
404995,06/07/2017,HA4 0FF,F,Y,L,RUISLIP,HILLINGDON,GREATER LONDON,2017,7,12.91163247
548050,06/12/2017,E8 2FA,F,Y,L,LONDON,HACKNEY,GREATER LONDON,2017,12,13.21412363
385000,09/05/2017,HA0 2FS,F,Y,L,WEMBLEY,BRENT,GREATER LONDON,2017,5,12.86100121
505000,28/07/2017,E3 4RQ,F,Y,L,LONDON,TOWER HAMLETS,GREATER LONDON,2017,7,13.13231569
334000,13/12/2017,UB10 8FZ,F,Y,L,UXBRIDGE,HILLINGDON,GREATER LONDON,2017,12,12.71889927
260000,19/12/2017,E11 3AW,F,N,L,LONDON,WALTHAM FOREST,GREATER LONDON,2017,12,12.46844076
537500,13/07/2017,E3 4RQ,F,Y,L,LONDON,TOWER HAMLETS,GREATER LONDON,2017,7,13.1946859
660000,02/11/2017,EN1 3TT,T,N,F,ENFIELD,ENFIELD,GREATER LONDON,2017,11,13.39999663
441350,11/10/2017,E14 9XX,F,Y,L,LONDON,TOWER HAMLETS,GREATER LONDON,2017,10,12.99759576
455000,04/10/2017,E3 4RQ,F,Y,L,LONDON,TOWER HAMLETS,GREATER LONDON,2017,10,13.0280549
565000,14/07/2017,E3 4RQ,F,Y,L,LONDON,TOWER HAMLETS,GREATER LONDON,2017,7,13.24458278
519995,19/05/2017,E14 9GH,F,Y,L,LONDON,TOWER HAMLETS,GREATER LONDON,2017,5,13.1615764
374995,28/07/2017,UB7 9GX,F,Y,L,WEST DRAYTON,HILLINGDON,GREATER LONDON,2017,7,12.83467064
359995,06/06/2017,UB7 9GX,F,Y,L,WEST DRAYTON,HILLINGDON,GREATER LONDON,2017,6,12.7938482
425000,21/11/2017,TW7 5FQ,F,Y,L,ISLEWORTH,HOUNSLOW,GREATER LONDON,2017,11,12.9598468
425000,14/07/2017,NW10 8GQ,F,N,L,LONDON,BRENT,GREATER LONDON,2017,7,12.9598468
641250,19/10/2017,E14 9XX,F,Y,L,LONDON,TOWER HAMLETS,GREATER LONDON,2017,10,13.37117623
480000,28/03/2017,E3 4RQ,F,Y,L,LONDON,TOWER HAMLETS,GREATER LONDON,2017,3,13.08154347
364995,23/08/2017,UB7 9HL,F,Y,L,WEST DRAYTON,HILLINGDON,GREATER LONDON,2017,8,12.80764167
266950,30/06/2017,LU7 4DZ,S,Y,L,LEIGHTON BUZZARD,CENTRAL BEDFORDSHIRE,CENTRAL BEDFORDSHIRE,2017,6,12.4948204
168950,06/10/2017,LU7 4DX,S,Y,L,LEIGHTON BUZZARD,CENTRAL BEDFORDSHIRE,CENTRAL BEDFORDSHIRE,2017,10,12.03736401
215950,21/12/2017,MK43 9PU,S,Y,F,BEDFORD,BEDFORD,BEDFORD,2017,12,12.28280681
306950,20/12/2017,MK43 9PU,D,Y,F,BEDFORD,BEDFORD,BEDFORD,2017,12,12.6344434
352995,01/12/2017,SG17 5ZF,D,Y,F,SHEFFORD,CENTRAL BEDFORDSHIRE,CENTRAL BEDFORDSHIRE,2017,12,12.774212
369995,21/12/2017,MK40 4SB,D,Y,F,BEDFORD,BEDFORD,BEDFORD,2017,12,12.82124747
136000,04/08/2017,BL0 9SQ,S,N,L,BURY,BURY,GREATER MANCHESTER,2017,8,11.82041752
770000,25/09/2018,SK7 1AR,D,N,F,STOCKPORT,STOCKPORT,GREATER MANCHESTER,2018,9,13.55414709
253500,24/09/2018,M6 8GQ,D,N,F,SALFORD,SALFORD,GREATER MANCHESTER,2018,9,12.44312305
231950,28/09/2018,WA3 2UE,D,Y,F,WARRINGTON,WIGAN,GREATER MANCHESTER,2018,9,12.35428142
112500,29/08/2018,OL6 6RJ,S,N,F,ASHTON-UNDER-LYNE,TAMESIDE,GREATER MANCHESTER,2018,8,11.63071739
184995,15/06/2018,M46 0TW,S,Y,F,MANCHESTER,WIGAN,GREATER MANCHESTER,2018,6,12.12808948
214995,28/09/2018,M28 3XS,D,Y,L,MANCHESTER,SALFORD,GREATER MANCHESTER,2018,9,12.2783747
378000,21/09/2018,M45 7QN,D,N,L,MANCHESTER,MANCHESTER,GREATER MANCHESTER,2018,9,12.84265212
272500,25/05/2018,WN6 0GQ,D,Y,L,WIGAN,WIGAN,GREATER MANCHESTER,2018,5,12.51539756
169950,20/09/2018,WN6 0ZJ,S,Y,F,WIGAN,WIGAN,GREATER MANCHESTER,2018,9,12.04326544
260995,30/08/2018,WN6 0UU,D,Y,F,WIGAN,WIGAN,GREATER MANCHESTER,2018,8,12.47226036
183000,29/08/2018,M34 2WZ,S,N,L,MANCHESTER,TAMESIDE,GREATER MANCHESTER,2018,8,12.1172469
111000,28/09/2018,M18 8RA,S,N,L,MANCHESTER,MANCHESTER,GREATER MANCHESTER,2018,9,11.61729449
199995,28/02/2018,M46 0TX,S,Y,F,MANCHESTER,WIGAN,GREATER MANCHESTER,2018,2,12.20605265
271202,10/08/2018,M24 4BX,S,N,L,MANCHESTER,ROCHDALE,GREATER MANCHESTER,2018,8,12.5106229
390000,19/09/2018,WA15 6BE,S,N,F,ALTRINCHAM,TRAFFORD,GREATER MANCHESTER,2018,9,12.87390458
275000,21/09/2018,SK8 1ND,S,N,F,CHEADLE,STOCKPORT,GREATER MANCHESTER,2018,9,12.52453001
246950,28/09/2018,SK14 4XL,D,Y,F,HYDE,TAMESIDE,GREATER MANCHESTER,2018,9,12.41694522
199995,29/06/2018,OL12 9SY,T,Y,F,ROCHDALE,ROCHDALE,GREATER MANCHESTER,2018,6,12.20605265
234995,21/09/2018,M46 0TX,D,Y,F,MANCHESTER,WIGAN,GREATER MANCHESTER,2018,9,12.36732377
270995,30/08/2018,BL6 5UP,D,Y,F,BOLTON,BOLTON,GREATER MANCHESTER,2018,8,12.50985934
104000,25/09/2018,WN7 1HE,S,N,L,LEIGH,WIGAN,GREATER MANCHESTER,2018,9,11.55215579
84000,20/07/2018,OL9 8LS,T,N,L,OLDHAM,OLDHAM,GREATER MANCHESTER,2018,7,11.33858398
174995,17/08/2018,M46 0TX,S,Y,F,MANCHESTER,WIGAN,GREATER MANCHESTER,2018,8,12.0725184
278995,29/08/2018,WN6 0UU,D,Y,F,WIGAN,WIGAN,GREATER MANCHESTER,2018,8,12.53895272
221950,04/10/2018,SK14 4XL,D,Y,F,HYDE,TAMESIDE,GREATER MANCHESTER,2018,10,12.31021192
199000,05/10/2018,M33 7TZ,T,N,F,SALE,TRAFFORD,GREATER MANCHESTER,2018,10,12.20106513
94950,27/09/2018,M40 5HA,S,N,F,MANCHESTER,MANCHESTER,GREATER MANCHESTER,2018,9,11.46111625
135000,05/10/2018,SK15 1QT,T,N,L,STALYBRIDGE,TAMESIDE,GREATER MANCHESTER,2018,10,11.81303746
84995,05/10/2018,M46 0NA,T,N,L,MANCHESTER,WIGAN,GREATER MANCHESTER,2018,10,11.35035948
49975,10/08/2018,SK14 3DP,T,N,L,HYDE,TAMESIDE,GREATER MANCHESTER,2018,8,10.81929817
174995,14/09/2018,BL1 8FZ,S,Y,F,BOLTON,BOLTON,GREATER MANCHESTER,2018,9,12.0725184
220000,24/09/2018,ME10 5FE,T,N,F,SITTINGBOURNE,SWALE,KENT,2018,9,12.30138737
418000,02/10/2018,CT5 4BE,D,N,F,WHITSTABLE,CANTERBURY,KENT,2018,10,12.9432391
600000,01/10/2018,TN15 8PZ,D,N,F,SEVENOAKS,TONBRIDGE AND MALLING,KENT,2018,10,13.3046866
220000,17/09/2018,CT18 7PU,T,N,F,FOLKESTONE,SHEPWAY,KENT,2018,9,12.30138737
165000,11/10/2018,ME12 2PT,T,N,F,SHEERNESS,SWALE,KENT,2018,10,12.01370681
335000,21/09/2018,TN25 7DH,T,N,F,ASHFORD,ASHFORD,KENT,2018,9,12.7218888
382500,12/10/2018,CT14 9BF,D,N,F,DEAL,DOVER,KENT,2018,10,12.85448655
550000,05/10/2018,CT6 5SZ,D,N,F,HERNE BAY,CANTERBURY,KENT,2018,10,13.21767538
167000,05/09/2018,ME8 6LH,T,N,F,GILLINGHAM,MEDWAY,MEDWAY,2018,9,12.02575508
200000,08/10/2018,ME10 3JX,S,N,F,SITTINGBOURNE,SWALE,KENT,2018,10,12.20607765
265000,24/09/2018,ME10 5FE,T,N,F,SITTINGBOURNE,SWALE,KENT,2018,9,12.48748888
125000,25/09/2018,CT11 7DG,S,N,F,RAMSGATE,THANET,KENT,2018,9,11.73607702
480000,28/09/2018,TN18 4RD,D,N,F,CRANBROOK,TUNBRIDGE WELLS,KENT,2018,9,13.08154347
405000,07/09/2018,ME17 4TG,D,N,F,MAIDSTONE,MAIDSTONE,KENT,2018,9,12.91164482
262000,28/09/2018,TN24 0BB,T,N,F,ASHFORD,ASHFORD,KENT,2018,9,12.4761036
235000,21/09/2018,CT2 8PW,S,N,F,CANTERBURY,CANTERBURY,KENT,2018,9,12.36734505
510000,04/10/2018,CT6 5RA,D,N,F,HERNE BAY,CANTERBURY,KENT,2018,10,13.14216797
169995,21/09/2018,CT11 8BQ,F,N,L,RAMSGATE,THANET,KENT,2018,9,12.04353019
185000,28/08/2018,CT9 3XA,T,N,F,MARGATE,THANET,KENT,2018,8,12.12811651
420000,14/09/2018,ME1 1EQ,S,N,F,ROCHESTER,MEDWAY,MEDWAY,2018,9,12.94801237
185000,24/09/2018,TN24 0DA,S,N,F,ASHFORD,ASHFORD,KENT,2018,9,12.12811651
219000,15/10/2018,CT11 7EW,S,N,F,RAMSGATE,THANET,KENT,2018,10,12.29683157
185000,12/10/2018,CT1 1EY,S,N,F,CANTERBURY,CANTERBURY,KENT,2018,10,12.12811651
217500,21/09/2018,TN23 3QU,T,N,F,ASHFORD,ASHFORD,KENT,2018,9,12.28995873
227500,22/10/2018,ME13 8JF,T,N,F,FAVERSHAM,SWALE,KENT,2018,10,12.33490991
345000,15/10/2018,ME17 4UT,S,N,F,MAIDSTONE,MAIDSTONE,KENT,2018,10,12.75130259
290000,05/10/2018,ME2 4NY,D,N,F,ROCHESTER,MEDWAY,MEDWAY,2018,10,12.57763965
275000,05/10/2018,TN1 1HB,F,N,L,TUNBRIDGE WELLS,TUNBRIDGE WELLS,KENT,2018,10,12.52453001
210000,04/10/2018,ME16 8QX,F,N,L,MAIDSTONE,MAIDSTONE,KENT,2018,10,12.25486757
112000,21/09/2018,CT9 3BN,F,N,L,MARGATE,THANET,KENT,2018,9,11.62626308
265000,19/10/2018,CT7 9PY,S,N,F,BIRCHINGTON,THANET,KENT,2018,10,12.48748888
299000,08/10/2018,CT1 2HR,F,N,L,CANTERBURY,CANTERBURY,KENT,2018,10,12.6082022
450000,02/10/2018,ME13 7GQ,T,N,F,FAVERSHAM,SWALE,KENT,2018,10,13.01700508
190000,03/08/2018,M41 7FU,S,N,F,MANCHESTER,TRAFFORD,GREATER MANCHESTER,2018,8,12.15478461
86000,26/09/2018,BL3 4AU,T,N,F,BOLTON,BOLTON,GREATER MANCHESTER,2018,9,11.3621142
40000,16/10/2018,BL4 7BU,T,N,L,BOLTON,BOLTON,GREATER MANCHESTER,2018,10,10.59665973
301000,29/08/2018,M24 1HU,D,N,L,MANCHESTER,ROCHDALE,GREATER MANCHESTER,2018,8,12.61486887
600000,12/10/2018,M16 8BL,S,N,F,MANCHESTER,MANCHESTER,GREATER MANCHESTER,2018,10,13.3046866
181000,27/09/2018,M24 1WS,S,N,L,MANCHESTER,ROCHDALE,GREATER MANCHESTER,2018,9,12.10625784
340000,05/10/2018,M41 5RS,S,N,F,MANCHESTER,TRAFFORD,GREATER MANCHESTER,2018,10,12.73670384
115500,28/06/2018,OL6 6SD,T,N,F,ASHTON-UNDER-LYNE,TAMESIDE,GREATER MANCHESTER,2018,6,11.65703447
375000,08/10/2018,M45 7LG,D,N,F,MANCHESTER,BURY,GREATER MANCHESTER,2018,10,12.83468397
210000,15/10/2018,OL9 0AX,D,N,F,OLDHAM,OLDHAM,GREATER MANCHESTER,2018,10,12.25486757
154950,31/08/2018,M40 1NJ,S,N,L,MANCHESTER,MANCHESTER,GREATER MANCHESTER,2018,8,11.95086422
97000,03/10/2018,PR2 2JR,T,N,F,PRESTON,PRESTON,LANCASHIRE,2018,10,11.48247657
165000,31/08/2018,L15 3HW,T,N,F,LIVERPOOL,LIVERPOOL,MERSEYSIDE,2018,8,12.01370681
335000,22/10/2018,M27 5QU,S,N,L,MANCHESTER,SALFORD,GREATER MANCHESTER,2018,10,12.7218888
158000,21/09/2018,BL2 6NJ,T,N,L,BOLTON,BOLTON,GREATER MANCHESTER,2018,9,11.97035664
116000,28/09/2018,OL16 4PA,S,N,L,ROCHDALE,ROCHDALE,GREATER MANCHESTER,2018,9,11.66135409
180000,28/09/2018,M19 2LR,S,N,F,MANCHESTER,MANCHESTER,GREATER MANCHESTER,2018,9,12.10071769
198000,09/10/2018,M27 5TH,S,N,F,MANCHESTER,SALFORD,GREATER MANCHESTER,2018,10,12.19602736
62000,16/03/2018,PR1 4JY,T,N,F,PRESTON,PRESTON,LANCASHIRE,2018,3,11.03490579
257500,20/09/2018,M45 7PY,D,N,L,MANCHESTER,BURY,GREATER MANCHESTER,2018,9,12.45877888
217000,20/09/2018,L24 5RU,S,N,F,LIVERPOOL,HALTON,HALTON,2018,9,12.28765724
65000,19/09/2018,BL3 5RJ,T,N,L,BOLTON,BOLTON,GREATER MANCHESTER,2018,9,11.08215793
332000,17/09/2018,M21 9FZ,T,N,F,MANCHESTER,MANCHESTER,GREATER MANCHESTER,2018,9,12.71289326
225500,08/10/2018,L18 1EX,T,N,F,LIVERPOOL,LIVERPOOL,MERSEYSIDE,2018,10,12.32607987
95000,29/06/2018,M27 9TH,T,N,L,MANCHESTER,SALFORD,GREATER MANCHESTER,2018,6,11.4616427
168000,14/09/2018,M8 0LX,T,N,F,MANCHESTER,MANCHESTER,GREATER MANCHESTER,2018,9,12.03172521
117500,23/08/2018,OL1 2NX,T,N,L,OLDHAM,OLDHAM,GREATER MANCHESTER,2018,8,11.67420212
180000,05/09/2018,M25 0BU,S,N,L,MANCHESTER,BURY,GREATER MANCHESTER,2018,9,12.10071769
130000,27/09/2018,OL11 2UG,S,N,L,ROCHDALE,ROCHDALE,GREATER MANCHESTER,2018,9,11.77529742
113000,28/09/2018,WN3 6RP,S,N,F,WIGAN,WIGAN,GREATER MANCHESTER,2018,9,11.63515195
117140,20/09/2018,BL9 6NB,T,N,L,BURY,BURY,GREATER MANCHESTER,2018,9,11.67113362
100000,11/10/2018,M30 0EX,T,N,F,MANCHESTER,SALFORD,GREATER MANCHESTER,2018,10,11.51293546
80000,18/09/2018,BL3 3JF,T,N,L,BOLTON,BOLTON,GREATER MANCHESTER,2018,9,11.28979441
350000,14/10/2018,M20 6TH,S,N,F,MANCHESTER,MANCHESTER,GREATER MANCHESTER,2018,10,12.76569129
243000,06/09/2018,PR2 3RB,S,N,F,PRESTON,PRESTON,LANCASHIRE,2018,9,12.40082084
75000,05/10/2018,FY1 6RX,T,N,F,BLACKPOOL,BLACKPOOL,BLACKPOOL,2018,10,11.22525673
86000,31/08/2018,BB10 2HA,T,N,L,BURNLEY,BURNLEY,LANCASHIRE,2018,8,11.3621142
77500,27/09/2018,BB2 4HS,T,N,F,BLACKBURN,BLACKBURN WITH DARWEN,BLACKBURN WITH DARWEN,2018,9,11.25804612
78500,13/09/2018,FY1 6LY,T,N,F,BLACKPOOL,BLACKPOOL,BLACKPOOL,2018,9,11.27086664
72000,02/10/2018,FY4 4JN,T,N,F,BLACKPOOL,BLACKPOOL,BLACKPOOL,2018,10,11.18443529
227500,16/10/2018,FY3 9PX,D,N,F,BLACKPOOL,BLACKPOOL,BLACKPOOL,2018,10,12.33490991
135000,27/09/2018,FY4 3HS,D,N,F,BLACKPOOL,BLACKPOOL,BLACKPOOL,2018,9,11.81303746
140000,25/07/2018,OL11 4DD,S,N,L,ROCHDALE,ROCHDALE,GREATER MANCHESTER,2018,7,11.84940484
112000,24/08/2018,FY4 3LW,S,N,F,BLACKPOOL,BLACKPOOL,BLACKPOOL,2018,8,11.62626308
252500,20/09/2018,FY8 1AY,F,N,L,LYTHAM ST ANNES,FYLDE,LANCASHIRE,2018,9,12.43917049
118000,25/09/2018,FY1 5NE,S,N,F,BLACKPOOL,BLACKPOOL,BLACKPOOL,2018,9,11.67844838
215000,14/09/2018,FY8 3HA,S,N,L,LYTHAM ST ANNES,FYLDE,LANCASHIRE,2018,9,12.27839796
134000,01/10/2018,FY4 4RG,S,N,F,BLACKPOOL,BLACKPOOL,BLACKPOOL,2018,10,11.80560254
297500,25/10/2018,FY6 7SX,S,N,F,POULTON-LE-FYLDE,FYLDE,LANCASHIRE,2018,10,12.60317287
176000,03/10/2018,BB3 1RH,D,N,F,DARWEN,BLACKBURN WITH DARWEN,BLACKBURN WITH DARWEN,2018,10,12.07824496
62000,28/09/2018,PR1 4XS,T,N,F,PRESTON,PRESTON,LANCASHIRE,2018,9,11.03490579
43000,24/09/2018,BB12 7BQ,T,N,L,BURNLEY,BURNLEY,LANCASHIRE,2018,9,10.66897865
136500,01/10/2018,PR4 1BU,D,N,F,PRESTON,FYLDE,LANCASHIRE,2018,10,11.82408722
145000,10/10/2018,FY4 4NP,S,N,L,BLACKPOOL,BLACKPOOL,BLACKPOOL,2018,10,11.88449592
275000,14/09/2018,M20 4WY,S,N,F,MANCHESTER,MANCHESTER,GREATER MANCHESTER,2018,9,12.52453001
117500,05/10/2018,BB10 2HU,T,N,L,BURNLEY,BURNLEY,LANCASHIRE,2018,10,11.67420212
55000,04/10/2018,BB2 4DW,T,N,F,BLACKBURN,BLACKBURN WITH DARWEN,BLACKBURN WITH DARWEN,2018,10,10.91510665
128500,05/10/2018,FY5 3DX,S,N,F,THORNTON-CLEVELEYS,BLACKPOOL,BLACKPOOL,2018,10,11.76369197
282500,28/09/2018,BL7 0PA,D,N,L,BOLTON,BLACKBURN WITH DARWEN,BLACKBURN WITH DARWEN,2018,9,12.55143737
110000,23/10/2018,FY3 7LA,T,N,F,BLACKPOOL,BLACKPOOL,BLACKPOOL,2018,10,11.60824474
98000,05/10/2018,FY4 1ST,F,N,L,BLACKPOOL,BLACKPOOL,BLACKPOOL,2018,10,11.49273296
143000,06/09/2018,FY2 0AN,S,N,F,BLACKPOOL,BLACKPOOL,BLACKPOOL,2018,9,11.8706069
83250,12/10/2018,FY4 2RD,F,N,L,BLACKPOOL,BLACKPOOL,BLACKPOOL,2018,10,11.32961542
115000,11/10/2018,FY4 4AG,T,N,F,BLACKPOOL,BLACKPOOL,BLACKPOOL,2018,10,11.6526961
150000,08/10/2018,FY4 1SL,S,N,F,BLACKPOOL,BLACKPOOL,BLACKPOOL,2018,10,11.91839724
177000,21/09/2018,PR4 5BJ,S,N,F,PRESTON,SOUTH RIBBLE,LANCASHIRE,2018,9,12.08391066
185000,24/09/2018,PR2 1EN,S,N,F,PRESTON,PRESTON,LANCASHIRE,2018,9,12.12811651
212000,15/10/2018,PR4 6AQ,D,N,F,PRESTON,WEST LANCASHIRE,LANCASHIRE,2018,10,12.26434627
162500,20/09/2018,L40 0SQ,S,N,F,ORMSKIRK,WEST LANCASHIRE,LANCASHIRE,2018,9,11.99843943
105000,18/10/2018,LA1 3LP,T,N,F,LANCASTER,LANCASTER,LANCASHIRE,2018,10,11.56172515
120000,21/09/2018,FY8 3SN,T,N,L,LYTHAM ST ANNES,FYLDE,LANCASHIRE,2018,9,11.69525536
192000,01/10/2018,BL5 3HU,S,N,L,BOLTON,BOLTON,GREATER MANCHESTER,2018,10,12.16525586
430000,14/09/2018,BB4 6SW,D,N,L,ROSSENDALE,ROSSENDALE,LANCASHIRE,2018,9,12.97154281
170000,06/08/2018,LA1 4QY,S,N,F,LANCASTER,LANCASTER,LANCASHIRE,2018,8,12.0435596
96500,01/10/2018,OL4 2QZ,T,N,L,OLDHAM,OLDHAM,GREATER MANCHESTER,2018,10,11.47730865
169950,21/09/2018,FY6 7UW,S,N,F,POULTON-LE-FYLDE,WYRE,LANCASHIRE,2018,9,12.04326544
39836,25/09/2018,BB12 0PN,T,N,L,BURNLEY,BURNLEY,LANCASHIRE,2018,9,10.59255141
163000,05/10/2018,WA8 9RW,S,N,L,WIDNES,HALTON,HALTON,2018,10,12.00151161
263720,14/09/2018,LA3 2PG,S,N,F,MORECAMBE,LANCASTER,LANCASHIRE,2018,9,12.48264701
280000,03/10/2018,BB7 2AY,S,N,L,CLITHEROE,RIBBLE VALLEY,LANCASHIRE,2018,10,12.54254845
41000,14/09/2018,FY1 5PB,F,N,L,BLACKPOOL,BLACKPOOL,BLACKPOOL,2018,9,10.62135174
123000,21/09/2018,BB3 2ER,T,N,L,DARWEN,BLACKBURN WITH DARWEN,BLACKBURN WITH DARWEN,2018,9,11.71994776
252000,12/10/2018,LA3 2JH,S,N,F,MORECAMBE,LANCASTER,LANCASHIRE,2018,10,12.43718833
137500,24/08/2018,PR25 3GN,F,N,L,LEYLAND,SOUTH RIBBLE,LANCASHIRE,2018,8,11.83138647
107000,11/09/2018,PR2 2NP,S,N,F,PRESTON,PRESTON,LANCASHIRE,2018,9,11.58059346
690000,27/09/2018,WN8 7RJ,D,N,F,WIGAN,WEST LANCASHIRE,LANCASHIRE,2018,9,13.44444833
299995,16/10/2018,BB10 3SQ,D,N,F,BURNLEY,BURNLEY,LANCASHIRE,2018,10,12.61152442
56000,07/09/2018,FY8 2ET,F,N,L,LYTHAM ST ANNES,FYLDE,LANCASHIRE,2018,9,10.93312483
244500,28/09/2018,PR3 1YS,D,N,F,PRESTON,WYRE,LANCASHIRE,2018,9,12.40697468
212000,28/09/2018,LA1 5HX,D,N,F,LANCASTER,LANCASTER,LANCASHIRE,2018,9,12.26434627
120000,20/09/2018,LA1 3BZ,S,N,F,LANCASTER,LANCASTER,LANCASHIRE,2018,9,11.69525536
327000,21/09/2018,PR2 8LL,D,N,F,PRESTON,PRESTON,LANCASHIRE,2018,9,12.69771851
163000,18/09/2018,PR7 2YA,S,N,L,CHORLEY,CHORLEY,LANCASHIRE,2018,9,12.00151161
227500,19/10/2018,PR3 1ZN,S,N,F,PRESTON,WYRE,LANCASHIRE,2018,10,12.33490991
135500,26/09/2018,FY7 8NP,D,N,F,FLEETWOOD,WYRE,LANCASHIRE,2018,9,11.8167343
267100,26/10/2018,PR6 7BA,S,N,L,CHORLEY,CHORLEY,LANCASHIRE,2018,10,12.49538214
50000,05/10/2018,BB5 0PZ,T,N,L,ACCRINGTON,HYNDBURN,LANCASHIRE,2018,10,10.81979828
175000,18/09/2018,BB1 9JX,S,N,L,BLACKBURN,RIBBLE VALLEY,LANCASHIRE,2018,9,12.07254697
139950,14/09/2018,OL9 9PF,S,N,F,OLDHAM,OLDHAM,GREATER MANCHESTER,2018,9,11.84904764
270000,10/09/2018,PR26 9RJ,S,N,L,LEYLAND,CHORLEY,LANCASHIRE,2018,9,12.50618094
45000,28/09/2018,BB8 9LQ,T,N,L,COLNE,PENDLE,LANCASHIRE,2018,9,10.71443999
140000,31/08/2018,LA1 4BZ,T,N,F,LANCASTER,LANCASTER,LANCASHIRE,2018,8,11.84940484
175000,15/10/2018,PR7 4EA,D,N,F,CHORLEY,CHORLEY,LANCASHIRE,2018,10,12.07254697
145000,13/09/2018,M14 4RU,T,N,F,MANCHESTER,MANCHESTER,GREATER MANCHESTER,2018,9,11.88449592
127500,28/09/2018,LA4 4UF,S,N,F,MORECAMBE,LANCASTER,LANCASHIRE,2018,9,11.75587949
197500,05/10/2018,PR6 8AQ,T,N,F,CHORLEY,CHORLEY,LANCASHIRE,2018,10,12.19349893
97750,15/10/2018,BB5 5DJ,S,N,F,ACCRINGTON,HYNDBURN,LANCASHIRE,2018,10,11.49017871
345000,02/10/2018,PR3 1HG,D,N,F,PRESTON,WYRE,LANCASHIRE,2018,10,12.75130259
194950,02/10/2018,PR7 6FD,S,N,F,CHORLEY,CHORLEY,LANCASHIRE,2018,10,12.18050352
208000,31/08/2018,BB7 1PE,S,N,F,CLITHEROE,RIBBLE VALLEY,LANCASHIRE,2018,8,12.24529817
99000,05/10/2018,BB18 5JR,T,N,F,BARNOLDSWICK,PENDLE,LANCASHIRE,2018,10,11.50288523
215000,19/10/2018,BB7 4BF,D,N,F,CLITHEROE,RIBBLE VALLEY,LANCASHIRE,2018,10,12.27839796
125000,26/09/2018,FY7 8LY,D,N,F,FLEETWOOD,WYRE,LANCASHIRE,2018,9,11.73607702
93000,24/09/2018,FY8 1XU,F,N,L,LYTHAM ST ANNES,FYLDE,LANCASHIRE,2018,9,11.44036552
144500,05/10/2018,BB12 0HU,S,N,L,BURNLEY,BURNLEY,LANCASHIRE,2018,10,11.88104171
114000,11/09/2018,LA3 3SH,T,N,F,MORECAMBE,LANCASTER,LANCASHIRE,2018,9,11.6439625
200000,08/10/2018,LA2 0RL,S,N,F,LANCASTER,LANCASTER,LANCASHIRE,2018,10,12.20607765
80000,21/09/2018,PR7 4NY,T,N,L,CHORLEY,CHORLEY,LANCASHIRE,2018,9,11.28979441
280000,26/09/2018,PR3 1EU,D,N,F,PRESTON,WYRE,LANCASHIRE,2018,9,12.54254845
163500,26/09/2018,LA2 0NF,S,N,F,LANCASTER,LANCASTER,LANCASHIRE,2018,9,12.00457439
210000,16/08/2018,L40 7UU,D,N,L,ORMSKIRK,WEST LANCASHIRE,LANCASHIRE,2018,8,12.25486757
195000,05/10/2018,PR4 6UT,S,N,F,PRESTON,WEST LANCASHIRE,LANCASHIRE,2018,10,12.18075997
54000,04/10/2018,PR7 2LA,T,N,F,CHORLEY,CHORLEY,LANCASHIRE,2018,10,10.89675784
147000,24/09/2018,LA3 3LX,S,N,F,MORECAMBE,LANCASTER,LANCASHIRE,2018,9,11.89819467
315000,17/09/2018,M25 0DY,S,N,F,MANCHESTER,BURY,GREATER MANCHESTER,2018,9,12.66033109
70000,05/10/2018,BB9 8SA,T,N,L,NELSON,PENDLE,LANCASHIRE,2018,10,11.15626481
119000,28/09/2018,BB3 0QW,S,N,F,DARWEN,BLACKBURN WITH DARWEN,BLACKBURN WITH DARWEN,2018,9,11.68688718
88000,04/10/2018,BB6 7EX,T,N,L,BLACKBURN,HYNDBURN,LANCASHIRE,2018,10,11.38510346
342000,20/09/2018,LA5 0SU,D,N,F,CARNFORTH,LANCASTER,LANCASHIRE,2018,9,12.74256894
165000,28/09/2018,BB7 2NS,S,N,L,CLITHEROE,RIBBLE VALLEY,LANCASHIRE,2018,9,12.01370681
132500,28/09/2018,PR5 5SQ,S,N,F,PRESTON,SOUTH RIBBLE,LANCASHIRE,2018,9,11.79434547
152000,14/09/2018,LA4 6JZ,S,N,F,MORECAMBE,LANCASTER,LANCASHIRE,2018,9,11.93164238
109000,05/09/2018,BB5 5DH,T,N,L,ACCRINGTON,HYNDBURN,LANCASHIRE,2018,9,11.59911234
375000,26/07/2018,PR3 0ZL,D,N,F,PRESTON,WYRE,LANCASHIRE,2018,7,12.83468397
82000,17/10/2018,BB3 1HE,T,N,F,DARWEN,BLACKBURN WITH DARWEN,BLACKBURN WITH DARWEN,2018,10,11.31448672
180000,05/10/2018,LA1 4SS,S,N,F,LANCASTER,LANCASTER,LANCASHIRE,2018,10,12.10071769
170000,28/09/2018,FY6 8DQ,D,N,F,POULTON-LE-FYLDE,WYRE,LANCASHIRE,2018,9,12.0435596
72500,05/10/2018,FY4 3AS,T,N,F,BLACKPOOL,BLACKPOOL,BLACKPOOL,2018,10,11.19135563
312000,21/09/2018,PR25 5AB,D,N,L,LEYLAND,CHORLEY,LANCASHIRE,2018,9,12.65076167
120000,12/10/2018,PR4 5ZH,S,N,F,PRESTON,SOUTH RIBBLE,LANCASHIRE,2018,10,11.69525536
220000,17/10/2018,FY3 0EL,D,N,L,BLACKPOOL,FYLDE,LANCASHIRE,2018,10,12.30138737
325000,08/08/2018,LA1 3FZ,D,N,F,LANCASTER,LANCASTER,LANCASHIRE,2018,8,12.69158354
120000,12/09/2018,PR1 4ND,T,N,F,PRESTON,PRESTON,LANCASHIRE,2018,9,11.69525536
293000,17/10/2018,LA5 8BN,D,N,F,CARNFORTH,LANCASTER,LANCASHIRE,2018,10,12.5879313
175000,31/08/2018,PR7 2HJ,S,N,F,CHORLEY,CHORLEY,LANCASHIRE,2018,8,12.07254697
191000,03/10/2018,BB9 5EY,S,N,L,NELSON,PENDLE,LANCASHIRE,2018,10,12.16003394
250000,09/08/2018,BB8 9PN,F,N,L,COLNE,PENDLE,LANCASHIRE,2018,8,12.4292202
218000,25/09/2018,LA4 6TT,D,N,F,MORECAMBE,LANCASTER,LANCASHIRE,2018,9,12.29225493
180000,24/08/2018,LA2 0JS,T,N,F,LANCASTER,LANCASTER,LANCASHIRE,2018,8,12.10071769
195000,05/10/2018,PR4 0DR,D,N,L,PRESTON,PRESTON,LANCASHIRE,2018,10,12.18075997
142000,28/09/2018,PR4 1HJ,S,N,F,PRESTON,FYLDE,LANCASHIRE,2018,9,11.86358938
103500,26/09/2018,FY3 9SU,T,N,F,BLACKPOOL,BLACKPOOL,BLACKPOOL,2018,9,11.54733655
152000,20/08/2018,BB4 8QX,T,N,F,ROSSENDALE,ROSSENDALE,LANCASHIRE,2018,8,11.93164238
200000,25/09/2018,BB5 5FQ,D,N,L,ACCRINGTON,HYNDBURN,LANCASHIRE,2018,9,12.20607765
302000,28/09/2018,L39 3AD,T,N,F,ORMSKIRK,WEST LANCASHIRE,LANCASHIRE,2018,9,12.61818561
59995,11/10/2018,BB11 4LF,T,N,L,BURNLEY,BURNLEY,LANCASHIRE,2018,10,11.00203317
307500,28/08/2018,PR25 5PR,D,N,L,LEYLAND,CHORLEY,LANCASHIRE,2018,8,12.63623362
228000,14/09/2018,PR4 6JG,D,N,F,PRESTON,WEST LANCASHIRE,LANCASHIRE,2018,9,12.33710529
255000,05/10/2018,L40 7TA,D,N,F,ORMSKIRK,WEST LANCASHIRE,LANCASHIRE,2018,10,12.44902275
112500,28/09/2018,LA5 9LS,T,N,F,CARNFORTH,LANCASTER,LANCASHIRE,2018,9,11.63071739
120000,05/09/2018,PR7 3AY,S,N,L,CHORLEY,CHORLEY,LANCASHIRE,2018,9,11.69525536
74250,14/09/2018,FY2 0UN,S,N,F,BLACKPOOL,BLACKPOOL,BLACKPOOL,2018,9,11.21520652
100000,26/09/2018,BB5 2LG,S,N,L,ACCRINGTON,HYNDBURN,LANCASHIRE,2018,9,11.51293546
185000,31/05/2018,PR26 6QE,D,N,F,LEYLAND,SOUTH RIBBLE,LANCASHIRE,2018,5,12.12811651
101000,02/08/2018,BB4 4LF,T,N,F,ROSSENDALE,ROSSENDALE,LANCASHIRE,2018,8,11.5228857
240000,05/10/2018,BB7 2BG,S,N,L,CLITHEROE,RIBBLE VALLEY,LANCASHIRE,2018,10,12.38839837
229995,20/09/2018,FY8 2FS,D,Y,F,LYTHAM ST ANNES,FYLDE,LANCASHIRE,2018,9,12.3458172
192000,15/03/2018,FY5 2TT,D,N,F,THORNTON-CLEVELEYS,WYRE,LANCASHIRE,2018,3,12.16525586
144995,31/08/2018,BB11 3ND,S,Y,L,BURNLEY,BURNLEY,LANCASHIRE,2018,8,11.88446143
52000,15/08/2018,BB8 9AF,T,N,L,COLNE,PENDLE,LANCASHIRE,2018,8,10.85901823
128000,26/09/2018,BB2 5HJ,S,N,L,BLACKBURN,BLACKBURN WITH DARWEN,BLACKBURN WITH DARWEN,2018,9,11.75979336
122000,24/08/2018,PR26 9RU,T,N,F,LEYLAND,CHORLEY,LANCASHIRE,2018,8,11.71178452
66000,05/10/2018,FY5 4HW,T,N,F,THORNTON-CLEVELEYS,WYRE,LANCASHIRE,2018,10,11.09742517
189995,28/09/2018,FY4 5GZ,D,Y,F,BLACKPOOL,BLACKPOOL,BLACKPOOL,2018,9,12.1547583
189995,02/10/2018,FY4 5GZ,D,Y,F,BLACKPOOL,BLACKPOOL,BLACKPOOL,2018,10,12.1547583
125000,28/09/2018,FY5 2SS,S,N,F,THORNTON-CLEVELEYS,WYRE,LANCASHIRE,2018,9,11.73607702
156500,14/09/2018,PR9 8BB,S,N,F,SOUTHPORT,WEST LANCASHIRE,LANCASHIRE,2018,9,11.96081768
170000,27/09/2018,PR5 4TS,S,N,F,PRESTON,SOUTH RIBBLE,LANCASHIRE,2018,9,12.0435596
190000,05/10/2018,BB1 9PW,D,N,F,BLACKBURN,RIBBLE VALLEY,LANCASHIRE,2018,10,12.15478461
384950,27/09/2018,PR6 7YE,D,Y,F,CHORLEY,CHORLEY,LANCASHIRE,2018,9,12.86087133
117000,17/08/2018,FY4 1JJ,S,N,F,BLACKPOOL,BLACKPOOL,BLACKPOOL,2018,8,11.66993776
284995,12/10/2018,BB7 4DJ,S,Y,F,CLITHEROE,RIBBLE VALLEY,LANCASHIRE,2018,10,12.56023042
324995,22/03/2018,PR25 5AD,D,Y,F,LEYLAND,CHORLEY,LANCASHIRE,2018,3,12.69156815
80000,26/09/2018,PR6 7BJ,S,N,L,CHORLEY,CHORLEY,LANCASHIRE,2018,9,11.28979441
133995,29/06/2018,FY8 2FU,T,Y,F,LYTHAM ST ANNES,FYLDE,LANCASHIRE,2018,6,11.80556523
33000,21/09/2018,BB5 2HR,T,N,L,ACCRINGTON,HYNDBURN,LANCASHIRE,2018,9,10.40429314
384950,27/09/2018,PR6 7YD,D,Y,F,CHORLEY,CHORLEY,LANCASHIRE,2018,9,12.86087133
220000,16/03/2018,PR3 0UP,D,N,F,PRESTON,WYRE,LANCASHIRE,2018,3,12.30138737
60000,21/09/2018,LA1 3LJ,T,N,F,LANCASTER,LANCASTER,LANCASHIRE,2018,9,11.00211651
194995,14/09/2018,PR4 0EP,S,Y,F,PRESTON,PRESTON,LANCASHIRE,2018,9,12.18073432
227950,29/06/2018,BB7 1FG,S,Y,L,CLITHEROE,RIBBLE VALLEY,LANCASHIRE,2018,6,12.33688597
176995,29/06/2018,PR25 3NT,S,Y,F,LEYLAND,SOUTH RIBBLE,LANCASHIRE,2018,6,12.08388241
123000,17/09/2018,PR6 0DQ,T,N,F,CHORLEY,CHORLEY,LANCASHIRE,2018,9,11.71994776
125000,04/09/2018,BB4 7HB,T,N,L,ROSSENDALE,ROSSENDALE,LANCASHIRE,2018,9,11.73607702
192500,13/09/2018,PE6 0EN,T,N,F,PETERBOROUGH,SOUTH HOLLAND,LINCOLNSHIRE,2018,9,12.16785663
160000,03/10/2018,PE10 0BU,S,N,F,BOURNE,SOUTH KESTEVEN,LINCOLNSHIRE,2018,10,11.98293534
112500,28/09/2018,PE25 1HB,S,N,F,SKEGNESS,EAST LINDSEY,LINCOLNSHIRE,2018,9,11.63071739
245000,12/10/2018,PE23 5SE,D,N,F,SPILSBY,EAST LINDSEY,LINCOLNSHIRE,2018,10,12.40901757
183500,15/10/2018,PE6 8JD,S,N,F,PETERBOROUGH,SOUTH KESTEVEN,LINCOLNSHIRE,2018,10,12.1199754
155000,05/09/2018,PE24 5LZ,S,N,F,SKEGNESS,EAST LINDSEY,LINCOLNSHIRE,2018,9,11.95118685
129000,28/09/2018,LN12 2HH,D,N,F,MABLETHORPE,EAST LINDSEY,LINCOLNSHIRE,2018,9,11.76757544
272000,07/09/2018,NG34 9JJ,D,N,F,SLEAFORD,NORTH KESTEVEN,LINCOLNSHIRE,2018,9,12.51356102
200000,14/09/2018,PE9 1SJ,S,N,F,STAMFORD,SOUTH KESTEVEN,LINCOLNSHIRE,2018,9,12.20607765
424000,11/10/2018,PE9 2JG,D,N,F,STAMFORD,SOUTH KESTEVEN,LINCOLNSHIRE,2018,10,12.95749109
160000,28/08/2018,LN1 2SW,S,N,F,LINCOLN,WEST LINDSEY,LINCOLNSHIRE,2018,8,11.98293534
410000,08/10/2018,PE11 3US,D,N,F,SPALDING,SOUTH HOLLAND,LINCOLNSHIRE,2018,10,12.92391488
130000,28/09/2018,NG31 8AZ,T,N,F,GRANTHAM,SOUTH KESTEVEN,LINCOLNSHIRE,2018,9,11.77529742
148000,17/09/2018,NG34 8LA,T,N,F,SLEAFORD,NORTH KESTEVEN,LINCOLNSHIRE,2018,9,11.90497431
155000,09/10/2018,LN8 2EP,D,N,F,MARKET RASEN,WEST LINDSEY,LINCOLNSHIRE,2018,10,11.95118685
299000,15/10/2018,LN12 2FB,D,N,F,MABLETHORPE,EAST LINDSEY,LINCOLNSHIRE,2018,10,12.6082022
170000,03/10/2018,PE22 0JE,D,N,F,BOSTON,BOSTON,LINCOLNSHIRE,2018,10,12.0435596
195000,10/10/2018,LN4 4JW,D,N,F,LINCOLN,NORTH KESTEVEN,LINCOLNSHIRE,2018,10,12.18075997
202500,14/09/2018,NG34 8NH,D,N,F,SLEAFORD,NORTH KESTEVEN,LINCOLNSHIRE,2018,9,12.2185001
72500,06/09/2018,DN21 2PJ,T,N,F,GAINSBOROUGH,WEST LINDSEY,LINCOLNSHIRE,2018,9,11.19135563
77000,28/09/2018,PE12 9AA,T,N,F,SPALDING,SOUTH HOLLAND,LINCOLNSHIRE,2018,9,11.25157369
285000,21/09/2018,PE12 6FH,D,N,F,SPALDING,SOUTH HOLLAND,LINCOLNSHIRE,2018,9,12.56024797
150000,17/10/2018,NG34 7LB,S,N,F,SLEAFORD,NORTH KESTEVEN,LINCOLNSHIRE,2018,10,11.91839724
310000,28/09/2018,PE11 3US,D,N,F,SPALDING,SOUTH HOLLAND,LINCOLNSHIRE,2018,9,12.6443308
192000,14/09/2018,PE12 7HR,D,N,F,SPALDING,SOUTH HOLLAND,LINCOLNSHIRE,2018,9,12.16525586
135000,05/10/2018,LN2 4GD,T,N,F,LINCOLN,LINCOLN,LINCOLNSHIRE,2018,10,11.81303746
400000,08/10/2018,PE12 9RT,D,N,F,SPALDING,SOUTH HOLLAND,LINCOLNSHIRE,2018,10,12.89922233
180000,31/08/2018,NG31 8ES,S,N,F,GRANTHAM,SOUTH KESTEVEN,LINCOLNSHIRE,2018,8,12.10071769
205000,05/10/2018,LN5 0ES,D,N,F,LINCOLN,NORTH KESTEVEN,LINCOLNSHIRE,2018,10,12.23077014
345000,25/09/2018,LN4 2TW,D,N,F,LINCOLN,NORTH KESTEVEN,LINCOLNSHIRE,2018,9,12.75130259
165000,20/09/2018,NG34 7FF,D,N,F,SLEAFORD,NORTH KESTEVEN,LINCOLNSHIRE,2018,9,12.01370681
155000,02/10/2018,DN21 3DW,D,N,F,GAINSBOROUGH,WEST LINDSEY,LINCOLNSHIRE,2018,10,11.95118685
290000,14/09/2018,LN9 5PG,D,N,F,HORNCASTLE,EAST LINDSEY,LINCOLNSHIRE,2018,9,12.57763965
296000,28/09/2018,NG34 8LD,D,N,F,SLEAFORD,NORTH KESTEVEN,LINCOLNSHIRE,2018,9,12.59811811
250000,16/10/2018,LN9 5BD,D,N,F,HORNCASTLE,EAST LINDSEY,LINCOLNSHIRE,2018,10,12.4292202
88000,10/09/2018,LN12 2AP,D,N,L,MABLETHORPE,EAST LINDSEY,LINCOLNSHIRE,2018,9,11.38510346
115500,25/09/2018,LN1 3JW,T,N,F,LINCOLN,LINCOLN,LINCOLNSHIRE,2018,9,11.65703447
157500,12/10/2018,LN11 8RT,S,N,F,LOUTH,EAST LINDSEY,LINCOLNSHIRE,2018,10,11.96718709
135000,21/09/2018,LN6 9ZN,T,N,L,LINCOLN,NORTH KESTEVEN,LINCOLNSHIRE,2018,9,11.81303746
115000,03/08/2018,PE12 8BX,D,N,F,SPALDING,SOUTH HOLLAND,LINCOLNSHIRE,2018,8,11.6526961
109000,27/09/2018,NG31 9DA,F,N,L,GRANTHAM,SOUTH KESTEVEN,LINCOLNSHIRE,2018,9,11.59911234
150000,24/08/2018,LN6 9ZN,T,N,L,LINCOLN,NORTH KESTEVEN,LINCOLNSHIRE,2018,8,11.91839724
310000,30/04/2018,LN6 9ZD,D,N,F,LINCOLN,NORTH KESTEVEN,LINCOLNSHIRE,2018,4,12.6443308
138500,16/10/2018,LN12 2BH,S,N,F,MABLETHORPE,EAST LINDSEY,LINCOLNSHIRE,2018,10,11.83863282
135000,18/10/2018,LN5 7QE,T,N,F,LINCOLN,LINCOLN,LINCOLNSHIRE,2018,10,11.81303746
148000,11/09/2018,PE12 6HF,D,N,F,SPALDING,SOUTH HOLLAND,LINCOLNSHIRE,2018,9,11.90497431
318000,05/10/2018,LN4 1LG,D,N,F,LINCOLN,NORTH KESTEVEN,LINCOLNSHIRE,2018,10,12.66980981
377000,31/08/2018,LN1 1ED,D,N,F,LINCOLN,LINCOLN,LINCOLNSHIRE,2018,8,12.84000312
130000,29/10/2018,PE23 5PX,S,N,F,SPILSBY,EAST LINDSEY,LINCOLNSHIRE,2018,10,11.77529742
160000,24/08/2018,NG31 7LX,D,N,F,GRANTHAM,SOUTH KESTEVEN,LINCOLNSHIRE,2018,8,11.98293534
275000,09/10/2018,LN1 1HN,T,N,F,LINCOLN,LINCOLN,LINCOLNSHIRE,2018,10,12.52453001
155000,03/10/2018,PE12 7LF,S,N,F,SPALDING,SOUTH HOLLAND,LINCOLNSHIRE,2018,10,11.95118685
139950,17/08/2018,LN1 2JR,S,N,F,LINCOLN,WEST LINDSEY,LINCOLNSHIRE,2018,8,11.84904764
90000,12/10/2018,LN5 9QH,F,N,L,LINCOLN,NORTH KESTEVEN,LINCOLNSHIRE,2018,10,11.40757606
225000,21/09/2018,LN6 9ZD,D,N,F,LINCOLN,NORTH KESTEVEN,LINCOLNSHIRE,2018,9,12.32386013
237000,03/10/2018,PE11 3ZW,D,N,F,SPALDING,SOUTH HOLLAND,LINCOLNSHIRE,2018,10,12.37581964
82000,07/09/2018,NG31 6HG,T,N,F,GRANTHAM,SOUTH KESTEVEN,LINCOLNSHIRE,2018,9,11.31448672
266000,17/08/2018,NG34 7US,D,N,F,SLEAFORD,NORTH KESTEVEN,LINCOLNSHIRE,2018,8,12.49125535
699950,19/09/2018,NG32 1HE,D,N,F,GRANTHAM,SOUTH KESTEVEN,LINCOLNSHIRE,2018,9,13.45876561
199000,28/09/2018,NG31 8EB,S,N,F,GRANTHAM,SOUTH KESTEVEN,LINCOLNSHIRE,2018,9,12.20106513
255000,05/10/2018,LN6 9FU,D,N,F,LINCOLN,NORTH KESTEVEN,LINCOLNSHIRE,2018,10,12.44902275
386500,29/06/2018,LN6 5SN,D,N,F,LINCOLN,NORTH KESTEVEN,LINCOLNSHIRE,2018,6,12.86488973
130000,28/09/2018,LN8 6ER,T,N,F,MARKET RASEN,WEST LINDSEY,LINCOLNSHIRE,2018,9,11.77529742
122000,21/09/2018,NG34 9TR,S,N,F,SLEAFORD,NORTH KESTEVEN,LINCOLNSHIRE,2018,9,11.71178452
70000,28/09/2018,PE21 0AB,T,N,F,BOSTON,BOSTON,LINCOLNSHIRE,2018,9,11.15626481
60500,03/10/2018,PE21 7RE,F,N,L,BOSTON,BOSTON,LINCOLNSHIRE,2018,10,11.01041517
139000,20/09/2018,PE23 5PT,D,N,F,SPILSBY,EAST LINDSEY,LINCOLNSHIRE,2018,9,11.84223641
250000,24/09/2018,NG31 8AD,D,N,F,GRANTHAM,SOUTH KESTEVEN,LINCOLNSHIRE,2018,9,12.4292202
179000,03/10/2018,NG32 1AT,D,N,F,GRANTHAM,SOUTH KESTEVEN,LINCOLNSHIRE,2018,10,12.09514667
429000,28/09/2018,LN1 2AE,D,N,F,LINCOLN,WEST LINDSEY,LINCOLNSHIRE,2018,9,12.96921453
152500,07/09/2018,LN6 8QA,D,N,F,LINCOLN,NORTH KESTEVEN,LINCOLNSHIRE,2018,9,11.93492643
105000,20/09/2018,DN36 5JX,S,N,F,GRIMSBY,EAST LINDSEY,LINCOLNSHIRE,2018,9,11.56172515
47500,01/10/2018,DN21 1BS,T,N,F,GAINSBOROUGH,WEST LINDSEY,LINCOLNSHIRE,2018,10,10.76850604
340000,28/09/2018,PE6 8DS,D,N,F,PETERBOROUGH,SOUTH KESTEVEN,LINCOLNSHIRE,2018,9,12.73670384
90000,09/10/2018,LN11 8UQ,T,N,F,LOUTH,EAST LINDSEY,LINCOLNSHIRE,2018,10,11.40757606
167500,23/10/2018,PE9 4LZ,S,N,F,STAMFORD,SOUTH KESTEVEN,LINCOLNSHIRE,2018,10,12.0287446
470000,30/08/2018,PE6 8RD,D,N,F,PETERBOROUGH,SOUTH KESTEVEN,LINCOLNSHIRE,2018,8,13.0604901
129000,15/10/2018,PE21 0SP,S,N,F,BOSTON,BOSTON,LINCOLNSHIRE,2018,10,11.76757544
168000,21/09/2018,PE10 9NJ,S,N,F,BOURNE,SOUTH KESTEVEN,LINCOLNSHIRE,2018,9,12.03172521
132500,14/09/2018,DN21 1AX,S,N,F,GAINSBOROUGH,WEST LINDSEY,LINCOLNSHIRE,2018,9,11.79434547
225000,05/10/2018,PE11 2EN,S,N,F,SPALDING,SOUTH HOLLAND,LINCOLNSHIRE,2018,10,12.32386013
835000,18/09/2018,PE9 2SD,T,N,F,STAMFORD,SOUTH KESTEVEN,LINCOLNSHIRE,2018,9,13.6351882
230000,27/09/2018,LN6 8ES,D,N,F,LINCOLN,NORTH KESTEVEN,LINCOLNSHIRE,2018,9,12.34583894
206000,21/09/2018,PE11 4EU,D,N,F,SPALDING,SOUTH HOLLAND,LINCOLNSHIRE,2018,9,12.2356363
136500,11/09/2018,LN12 1JH,S,N,F,MABLETHORPE,EAST LINDSEY,LINCOLNSHIRE,2018,9,11.82408722
142500,21/09/2018,PE22 0SR,S,N,F,BOSTON,EAST LINDSEY,LINCOLNSHIRE,2018,9,11.8671043
207000,27/09/2018,LN4 1NW,D,N,F,LINCOLN,NORTH KESTEVEN,LINCOLNSHIRE,2018,9,12.2404789
125000,27/09/2018,PE11 2UB,T,N,F,SPALDING,SOUTH HOLLAND,LINCOLNSHIRE,2018,9,11.73607702
149000,27/09/2018,NG34 8UF,S,N,F,SLEAFORD,NORTH KESTEVEN,LINCOLNSHIRE,2018,9,11.9117083
181000,28/09/2018,PE6 8EJ,T,N,F,PETERBOROUGH,SOUTH KESTEVEN,LINCOLNSHIRE,2018,9,12.10625784
178000,05/10/2018,LN4 1PP,D,N,F,LINCOLN,NORTH KESTEVEN,LINCOLNSHIRE,2018,10,12.08954445
125000,25/09/2018,PE21 0LW,T,N,F,BOSTON,BOSTON,LINCOLNSHIRE,2018,9,11.73607702
120000,05/10/2018,PE10 9LT,T,N,F,BOURNE,SOUTH KESTEVEN,LINCOLNSHIRE,2018,10,11.69525536
145000,28/09/2018,PE11 1ED,T,N,F,SPALDING,SOUTH HOLLAND,LINCOLNSHIRE,2018,9,11.88449592
114500,28/09/2018,PE11 3LT,T,N,F,SPALDING,SOUTH HOLLAND,LINCOLNSHIRE,2018,9,11.64833884
95000,21/09/2018,LE13 1QB,T,N,F,MELTON MOWBRAY,MELTON,LEICESTERSHIRE,2018,9,11.4616427
145000,12/10/2018,LE4 1EE,S,N,F,LEICESTER,LEICESTER,LEICESTER,2018,10,11.88449592
248000,12/10/2018,LE15 7RB,S,N,F,OAKHAM,RUTLAND,RUTLAND,2018,10,12.42118806
830000,11/10/2018,LE9 4LH,D,N,F,LEICESTER,BLABY,LEICESTERSHIRE,2018,10,13.62918218
140000,16/03/2018,LE12 9AP,T,N,F,LOUGHBOROUGH,CHARNWOOD,LEICESTERSHIRE,2018,3,11.84940484
282000,30/08/2018,LE8 0HD,D,N,F,LEICESTER,HARBOROUGH,LEICESTERSHIRE,2018,8,12.5496659
335000,21/09/2018,LE18 3LF,D,N,F,WIGSTON,OADBY AND WIGSTON,LEICESTERSHIRE,2018,9,12.7218888
139250,02/10/2018,LE10 1UB,T,N,F,HINCKLEY,HINCKLEY AND BOSWORTH,LEICESTERSHIRE,2018,10,11.84403334
557816,04/10/2018,LE17 6BH,D,N,F,LUTTERWORTH,HARBOROUGH,LEICESTERSHIRE,2018,10,13.23178623
334000,19/10/2018,LE9 6QA,S,N,F,LEICESTER,HARBOROUGH,LEICESTERSHIRE,2018,10,12.71889927
285000,28/09/2018,LE19 4RU,D,N,F,LEICESTER,BLABY,LEICESTERSHIRE,2018,9,12.56024797
599950,04/10/2018,CV13 6LY,D,N,F,NUNEATON,HINCKLEY AND BOSWORTH,LEICESTERSHIRE,2018,10,13.30460326
235000,14/09/2018,LE13 0SS,D,N,F,MELTON MOWBRAY,MELTON,LEICESTERSHIRE,2018,9,12.36734505
250000,28/09/2018,LE10 2RU,S,N,F,HINCKLEY,HINCKLEY AND BOSWORTH,LEICESTERSHIRE,2018,9,12.4292202
156000,28/09/2018,LE9 6SX,S,N,F,LEICESTER,HARBOROUGH,LEICESTERSHIRE,2018,9,11.9576177
228000,28/09/2018,LE10 0YE,S,N,F,HINCKLEY,HINCKLEY AND BOSWORTH,LEICESTERSHIRE,2018,9,12.33710529
240000,21/09/2018,LE4 4GQ,S,N,F,LEICESTER,CHARNWOOD,LEICESTERSHIRE,2018,9,12.38839837
144000,12/10/2018,LE13 0ND,T,N,F,MELTON MOWBRAY,MELTON,LEICESTERSHIRE,2018,10,11.87757552
367500,18/09/2018,LE7 9GF,D,N,F,LEICESTER,HARBOROUGH,LEICESTERSHIRE,2018,9,12.81448132
137000,26/10/2018,LE11 5NG,S,N,F,LOUGHBOROUGH,CHARNWOOD,LEICESTERSHIRE,2018,10,11.8277435
265000,19/09/2018,LE2 4PA,S,N,F,LEICESTER,OADBY AND WIGSTON,LEICESTERSHIRE,2018,9,12.48748888
298500,28/09/2018,LE2 9UG,D,N,F,LEICESTER,BLABY,LEICESTERSHIRE,2018,9,12.60652856
197500,01/10/2018,LE3 2JP,S,N,F,LEICESTER,BLABY,LEICESTERSHIRE,2018,10,12.19349893
215000,29/10/2018,LE4 4AU,D,N,F,LEICESTER,CHARNWOOD,LEICESTERSHIRE,2018,10,12.27839796
170500,19/09/2018,LE9 6QE,T,N,F,LEICESTER,HARBOROUGH,LEICESTERSHIRE,2018,9,12.04649644
269995,22/10/2018,DE11 7BT,D,N,F,SWADLINCOTE,NORTH WEST LEICESTERSHIRE,LEICESTERSHIRE,2018,10,12.50616242
280000,28/09/2018,CV9 3RH,D,N,F,ATHERSTONE,HINCKLEY AND BOSWORTH,LEICESTERSHIRE,2018,9,12.54254845
146986,05/10/2018,LE3 0JE,T,N,F,LEICESTER,LEICESTER,LEICESTER,2018,10,11.89809943
161000,05/10/2018,LE4 1EB,S,N,F,LEICESTER,LEICESTER,LEICESTER,2018,10,11.98916586
270000,30/04/2018,LE8 6ET,D,N,F,LEICESTER,BLABY,LEICESTERSHIRE,2018,4,12.50618094
132000,21/09/2018,LE9 8DW,T,N,F,LEICESTER,HINCKLEY AND BOSWORTH,LEICESTERSHIRE,2018,9,11.79056478
97500,12/10/2018,DE12 7GE,T,N,F,SWADLINCOTE,NORTH WEST LEICESTERSHIRE,LEICESTERSHIRE,2018,10,11.48761791
200000,25/09/2018,LE4 3GU,S,N,F,LEICESTER,CHARNWOOD,LEICESTERSHIRE,2018,9,12.20607765
176000,17/09/2018,LE4 1BP,D,N,F,LEICESTER,LEICESTER,LEICESTER,2018,9,12.07824496
142000,21/09/2018,LE3 2AL,S,N,F,LEICESTER,LEICESTER,LEICESTER,2018,9,11.86358938
199500,31/08/2018,LE65 1LB,T,N,F,ASHBY-DE-LA-ZOUCH,NORTH WEST LEICESTERSHIRE,LEICESTERSHIRE,2018,8,12.20357453
242500,16/10/2018,LE4 4BZ,F,N,L,LEICESTER,CHARNWOOD,LEICESTERSHIRE,2018,10,12.39876111
439950,28/08/2018,LE8 8DF,D,N,F,LEICESTER,HARBOROUGH,LEICESTERSHIRE,2018,8,12.99441864
610000,13/09/2018,LE19 2BQ,D,N,F,LEICESTER,BLABY,LEICESTERSHIRE,2018,9,13.32121588
145000,13/07/2018,LE67 5GU,S,N,F,COALVILLE,NORTH WEST LEICESTERSHIRE,LEICESTERSHIRE,2018,7,11.88449592
144000,07/08/2018,LE9 2LD,F,N,F,LEICESTER,BLABY,LEICESTERSHIRE,2018,8,11.87757552
178000,31/08/2018,LE12 8PN,S,N,F,LOUGHBOROUGH,CHARNWOOD,LEICESTERSHIRE,2018,8,12.08954445
290000,21/09/2018,LE15 6PH,D,N,F,OAKHAM,RUTLAND,RUTLAND,2018,9,12.57763965
200000,01/10/2018,LE4 8JH,S,N,F,LEICESTER,CHARNWOOD,LEICESTERSHIRE,2018,10,12.20607765
262000,21/09/2018,LE17 6DF,S,N,F,LUTTERWORTH,HARBOROUGH,LEICESTERSHIRE,2018,9,12.4761036
158000,07/09/2018,LE3 9BP,T,N,F,LEICESTER,LEICESTER,LEICESTER,2018,9,11.97035664
178000,28/09/2018,LE18 3RE,T,N,F,WIGSTON,OADBY AND WIGSTON,LEICESTERSHIRE,2018,9,12.08954445
155000,08/10/2018,LE65 2LE,S,N,F,ASHBY-DE-LA-ZOUCH,NORTH WEST LEICESTERSHIRE,LEICESTERSHIRE,2018,10,11.95118685
155000,28/09/2018,LE8 8AX,S,N,F,LEICESTER,HARBOROUGH,LEICESTERSHIRE,2018,9,11.95118685
170000,05/10/2018,DE12 7BN,S,N,F,SWADLINCOTE,NORTH WEST LEICESTERSHIRE,LEICESTERSHIRE,2018,10,12.0435596
185000,14/09/2018,LE5 2EF,T,N,F,LEICESTER,LEICESTER,LEICESTER,2018,9,12.12811651
165000,28/09/2018,LE3 3JE,S,N,F,LEICESTER,BLABY,LEICESTERSHIRE,2018,9,12.01370681
720000,14/09/2018,LE8 8AQ,D,N,F,LEICESTER,HARBOROUGH,LEICESTERSHIRE,2018,9,13.48700788
125000,28/09/2018,LE9 8DR,T,N,F,LEICESTER,HINCKLEY AND BOSWORTH,LEICESTERSHIRE,2018,9,11.73607702
287000,02/10/2018,LE14 4JE,D,N,F,MELTON MOWBRAY,MELTON,LEICESTERSHIRE,2018,10,12.56724098
275000,17/09/2018,LE13 1SD,D,N,F,MELTON MOWBRAY,MELTON,LEICESTERSHIRE,2018,9,12.52453001
210000,07/09/2018,LE12 5JA,T,N,F,LOUGHBOROUGH,CHARNWOOD,LEICESTERSHIRE,2018,9,12.25486757
151000,19/10/2018,LE67 4HJ,S,N,F,COALVILLE,NORTH WEST LEICESTERSHIRE,LEICESTERSHIRE,2018,10,11.92504174
230000,01/08/2018,LE9 9LL,D,N,F,LEICESTER,HINCKLEY AND BOSWORTH,LEICESTERSHIRE,2018,8,12.34583894
270000,19/10/2018,LE2 3FE,S,N,F,LEICESTER,LEICESTER,LEICESTER,2018,10,12.50618094
238000,13/08/2018,LE18 1DQ,S,N,F,WIGSTON,OADBY AND WIGSTON,LEICESTERSHIRE,2018,8,12.38003015
149500,29/03/2018,LE15 7GD,F,Y,L,OAKHAM,RUTLAND,RUTLAND,2018,3,11.91505836
640000,05/07/2018,CV13 0FA,D,N,F,NUNEATON,HINCKLEY AND BOSWORTH,LEICESTERSHIRE,2018,7,13.36922502
169995,26/07/2018,LE4 0EP,S,Y,F,LEICESTER,LEICESTER,LEICESTER,2018,7,12.04353019
489995,15/06/2018,LE17 6PU,D,Y,F,LUTTERWORTH,HARBOROUGH,LEICESTERSHIRE,2018,6,13.10215251
490000,29/06/2018,LE8 9HH,D,Y,F,LEICESTER,HARBOROUGH,LEICESTERSHIRE,2018,6,13.10216271
465000,29/06/2018,LE8 9HH,D,Y,F,LEICESTER,HARBOROUGH,LEICESTERSHIRE,2018,6,13.04979484
299995,29/06/2018,LE67 2AY,D,Y,F,COALVILLE,NORTH WEST LEICESTERSHIRE,LEICESTERSHIRE,2018,6,12.61152442
238000,23/07/2018,DE12 7RZ,D,Y,F,SWADLINCOTE,NORTH WEST LEICESTERSHIRE,LEICESTERSHIRE,2018,7,12.38003015
249950,08/06/2018,LE67 2EG,D,Y,F,COALVILLE,NORTH WEST LEICESTERSHIRE,LEICESTERSHIRE,2018,6,12.42902018
285995,29/06/2018,LE7 3AF,D,Y,F,LEICESTER,CHARNWOOD,LEICESTERSHIRE,2018,6,12.5637331
314995,29/06/2018,LE67 2AY,D,Y,F,COALVILLE,NORTH WEST LEICESTERSHIRE,LEICESTERSHIRE,2018,6,12.66031522
257995,28/06/2018,LE65 1AE,S,Y,F,ASHBY-DE-LA-ZOUCH,NORTH WEST LEICESTERSHIRE,LEICESTERSHIRE,2018,6,12.46069936
537995,31/05/2018,LE7 3GB,D,Y,F,LEICESTER,CHARNWOOD,LEICESTERSHIRE,2018,5,13.1956064
185500,27/09/2018,LE3 9GR,D,N,F,LEICESTER,LEICESTER,LEICESTER,2018,9,12.13081555
415000,27/07/2018,LE67 2AY,D,Y,F,COALVILLE,NORTH WEST LEICESTERSHIRE,LEICESTERSHIRE,2018,7,12.93603621
239950,24/07/2018,LE12 8WW,S,Y,F,LOUGHBOROUGH,CHARNWOOD,LEICESTERSHIRE,2018,7,12.38819001
199950,27/07/2018,LE9 4GB,S,Y,F,LEICESTER,BLABY,LEICESTERSHIRE,2018,7,12.20582762
399995,20/07/2018,LE12 7XW,D,Y,F,LOUGHBOROUGH,CHARNWOOD,LEICESTERSHIRE,2018,7,12.89920983
148500,29/06/2018,LE15 7GD,F,Y,L,OAKHAM,RUTLAND,RUTLAND,2018,6,11.90834697
287995,27/07/2018,LE7 3AF,D,Y,F,LEICESTER,CHARNWOOD,LEICESTERSHIRE,2018,7,12.57070187
239995,01/06/2018,LE67 4EU,D,Y,F,COALVILLE,NORTH WEST LEICESTERSHIRE,LEICESTERSHIRE,2018,6,12.38837754
221995,08/06/2018,LE67 4ER,D,Y,F,COALVILLE,NORTH WEST LEICESTERSHIRE,LEICESTERSHIRE,2018,6,12.31041464
549995,29/06/2018,LE65 1AE,D,Y,F,ASHBY-DE-LA-ZOUCH,NORTH WEST LEICESTERSHIRE,LEICESTERSHIRE,2018,6,13.21766628
649995,29/06/2018,LE8 9HH,D,Y,F,LEICESTER,HARBOROUGH,LEICESTERSHIRE,2018,6,13.38472149
240000,20/07/2018,LE9 4NN,D,Y,F,LEICESTER,BLABY,LEICESTERSHIRE,2018,7,12.38839837
280000,27/07/2018,LE67 8AA,D,Y,F,COALVILLE,NORTH WEST LEICESTERSHIRE,LEICESTERSHIRE,2018,7,12.54254845
200000,27/07/2018,LE9 9QQ,S,Y,F,LEICESTER,HINCKLEY AND BOSWORTH,LEICESTERSHIRE,2018,7,12.20607765
290000,27/07/2018,LE12 7WS,D,Y,F,LOUGHBOROUGH,CHARNWOOD,LEICESTERSHIRE,2018,7,12.57763965
164950,31/07/2018,LE67 2DU,S,Y,F,COALVILLE,NORTH WEST LEICESTERSHIRE,LEICESTERSHIRE,2018,7,12.01340374
220000,31/08/2018,OL11 5NN,T,N,L,ROCHDALE,ROCHDALE,GREATER MANCHESTER,2018,8,12.30138737
143000,23/08/2018,M30 9GH,F,N,L,MANCHESTER,SALFORD,GREATER MANCHESTER,2018,8,11.8706069
157500,10/09/2018,M20 5AA,F,N,L,MANCHESTER,MANCHESTER,GREATER MANCHESTER,2018,9,11.96718709
55000,17/09/2018,WN1 1ZL,T,N,L,WIGAN,WIGAN,GREATER MANCHESTER,2018,9,10.91510665
133000,03/08/2018,WN2 5YX,T,N,L,WIGAN,WIGAN,GREATER MANCHESTER,2018,8,11.79811193
330000,24/09/2018,BL6 6TL,T,N,L,BOLTON,BOLTON,GREATER MANCHESTER,2018,9,12.70685096
79995,10/09/2018,M24 1LU,F,N,L,MANCHESTER,ROCHDALE,GREATER MANCHESTER,2018,9,11.28973191
170000,21/09/2018,M6 5WB,T,N,L,SALFORD,SALFORD,GREATER MANCHESTER,2018,9,12.0435596
145000,11/08/2018,M30 9GG,F,N,L,MANCHESTER,SALFORD,GREATER MANCHESTER,2018,8,11.88449592
88000,28/09/2018,BL5 3ZN,F,N,L,BOLTON,BOLTON,GREATER MANCHESTER,2018,9,11.38510346
200000,07/09/2018,BL8 2LX,S,N,F,BURY,BURY,GREATER MANCHESTER,2018,9,12.20607765
243000,14/09/2018,M3 7BY,F,N,L,SALFORD,SALFORD,GREATER MANCHESTER,2018,9,12.40082084
167000,24/09/2018,M3 7DZ,F,N,L,SALFORD,SALFORD,GREATER MANCHESTER,2018,9,12.02575508
157500,21/09/2018,SK14 4AS,T,N,F,HYDE,TAMESIDE,GREATER MANCHESTER,2018,9,11.96718709
224950,25/05/2018,M2 7LQ,F,N,L,MANCHESTER,MANCHESTER,GREATER MANCHESTER,2018,5,12.32363788
166000,07/09/2018,M30 7LY,S,N,F,MANCHESTER,SALFORD,GREATER MANCHESTER,2018,9,12.01974909
1200000,31/08/2018,OL11 5QR,D,N,F,ROCHDALE,ROCHDALE,GREATER MANCHESTER,2018,8,13.99783295
95500,28/09/2018,M50 3BN,F,N,L,SALFORD,SALFORD,GREATER MANCHESTER,2018,9,11.466892
126000,03/08/2018,M6 5LX,T,N,L,SALFORD,SALFORD,GREATER MANCHESTER,2018,8,11.74404512
123500,07/09/2018,M50 1AU,F,N,L,SALFORD,SALFORD,GREATER MANCHESTER,2018,9,11.72400453
107500,09/10/2018,OL9 0NL,T,N,L,OLDHAM,OLDHAM,GREATER MANCHESTER,2018,10,11.58525543
124950,06/09/2018,OL4 2JQ,T,N,L,OLDHAM,OLDHAM,GREATER MANCHESTER,2018,9,11.73567694
181000,19/09/2018,M8 0PZ,D,N,L,MANCHESTER,MANCHESTER,GREATER MANCHESTER,2018,9,12.10625784
150000,31/08/2018,WN2 1YF,S,N,F,WIGAN,WIGAN,GREATER MANCHESTER,2018,8,11.91839724
160000,19/10/2018,SK3 9QD,T,N,F,STOCKPORT,STOCKPORT,GREATER MANCHESTER,2018,10,11.98293534
205000,12/09/2018,SK7 4GH,F,N,L,STOCKPORT,STOCKPORT,GREATER MANCHESTER,2018,9,12.23077014
185000,28/09/2018,M20 2EU,F,N,L,MANCHESTER,MANCHESTER,GREATER MANCHESTER,2018,9,12.12811651
285000,18/05/2018,SK8 2BG,T,N,F,CHEADLE,STOCKPORT,GREATER MANCHESTER,2018,5,12.56024797
234500,08/06/2018,WA14 4BX,F,N,L,ALTRINCHAM,TRAFFORD,GREATER MANCHESTER,2018,6,12.36521513
140000,25/05/2018,WA14 5BZ,F,Y,L,ALTRINCHAM,TRAFFORD,GREATER MANCHESTER,2018,5,11.84940484
145000,23/05/2018,WA14 5BZ,F,Y,L,ALTRINCHAM,TRAFFORD,GREATER MANCHESTER,2018,5,11.88449592
140000,23/05/2018,WA14 5BZ,F,Y,L,ALTRINCHAM,TRAFFORD,GREATER MANCHESTER,2018,5,11.84940484
81000,04/06/2018,M26 2RL,F,N,L,MANCHESTER,BURY,GREATER MANCHESTER,2018,6,11.30221678
422000,12/03/2018,WN6 9LH,D,N,F,WIGAN,WIGAN,GREATER MANCHESTER,2018,3,12.95276296
154250,05/06/2018,M41 9AE,F,N,L,MANCHESTER,TRAFFORD,GREATER MANCHESTER,2018,6,11.94633642
305895,31/05/2018,SK7 5DX,D,Y,F,STOCKPORT,STOCKPORT,GREATER MANCHESTER,2018,5,12.63100045
150000,28/09/2018,WN4 9XG,S,N,F,WIGAN,WIGAN,GREATER MANCHESTER,2018,9,11.91839724
135000,29/06/2018,WA14 5BZ,F,Y,L,ALTRINCHAM,TRAFFORD,GREATER MANCHESTER,2018,6,11.81303746
109950,29/06/2018,WA3 2UE,F,Y,L,WARRINGTON,WIGAN,GREATER MANCHESTER,2018,6,11.60779009
145000,27/06/2018,WA14 5BZ,F,Y,L,ALTRINCHAM,TRAFFORD,GREATER MANCHESTER,2018,6,11.88449592
380000,22/06/2018,SK8 6AJ,S,N,F,CHEADLE,STOCKPORT,GREATER MANCHESTER,2018,6,12.84792916
175000,29/06/2018,WA14 5BZ,F,Y,L,ALTRINCHAM,TRAFFORD,GREATER MANCHESTER,2018,6,12.07254697
181995,01/06/2018,SK14 3NU,D,Y,F,HYDE,TAMESIDE,GREATER MANCHESTER,2018,6,12.11173999
144995,29/06/2018,OL6 8EJ,S,N,F,ASHTON-UNDER-LYNE,TAMESIDE,GREATER MANCHESTER,2018,6,11.88446143
139995,07/06/2018,WN5 9AW,S,N,L,WIGAN,WIGAN,GREATER MANCHESTER,2018,6,11.84936913
249995,28/06/2018,M6 8GB,D,Y,L,SALFORD,SALFORD,GREATER MANCHESTER,2018,6,12.4292002
95000,05/07/2018,M40 9HY,S,N,F,MANCHESTER,MANCHESTER,GREATER MANCHESTER,2018,7,11.4616427
340000,24/05/2018,M33 2SP,T,Y,L,SALE,TRAFFORD,GREATER MANCHESTER,2018,5,12.73670384
264995,28/06/2018,OL4 2SZ,D,Y,F,OLDHAM,OLDHAM,GREATER MANCHESTER,2018,6,12.48747001
340000,11/06/2018,BL0 9GG,T,N,L,BURY,BURY,GREATER MANCHESTER,2018,6,12.73670384
159995,22/06/2018,SK5 8LW,S,Y,F,STOCKPORT,STOCKPORT,GREATER MANCHESTER,2018,6,11.98290409
373500,18/05/2018,M3 7FE,T,Y,L,SALFORD,SALFORD,GREATER MANCHESTER,2018,5,12.83067596
149950,03/07/2018,WN7 5TJ,T,N,F,LEIGH,WIGAN,GREATER MANCHESTER,2018,7,11.91806385
146995,24/05/2018,M6 6GX,T,Y,L,SALFORD,SALFORD,GREATER MANCHESTER,2018,5,11.89816065
365000,05/10/2018,M33 3DF,S,N,F,SALE,TRAFFORD,GREATER MANCHESTER,2018,10,12.80765537
186995,29/06/2018,OL12 9SY,T,Y,F,ROCHDALE,ROCHDALE,GREATER MANCHESTER,2018,6,12.13884251
220000,05/07/2018,BL3 4UZ,D,N,F,BOLTON,BOLTON,GREATER MANCHESTER,2018,7,12.30138737
271250,10/05/2019,BH8 8UE,O,,,BOURNEMOUTH,"BOURNEMOUTH, CHRISTCHURCH AND POOLE","BOURNEMOUTH, CHRISTCHURCH AND POOLE",2019,5,12.51079987
49985,18/04/2019,BH8 8UA,O,,,BOURNEMOUTH,"BOURNEMOUTH, CHRISTCHURCH AND POOLE","BOURNEMOUTH, CHRISTCHURCH AND POOLE",2019,4,10.81949825
500000,11/04/2019,BH6 4BW,O,,,BOURNEMOUTH,"BOURNEMOUTH, CHRISTCHURCH AND POOLE","BOURNEMOUTH, CHRISTCHURCH AND POOLE",2019,4,13.12236538
320000,03/05/2019,BH15 3EF,S,,,POOLE,"BOURNEMOUTH, CHRISTCHURCH AND POOLE","BOURNEMOUTH, CHRISTCHURCH AND POOLE",2019,5,12.6760794
76800,20/05/2019,BH4 9JT,O,,,BOURNEMOUTH,"BOURNEMOUTH, CHRISTCHURCH AND POOLE","BOURNEMOUTH, CHRISTCHURCH AND POOLE",2019,5,11.24897294
206250,21/02/2019,BH14 0JB,O,,,POOLE,"BOURNEMOUTH, CHRISTCHURCH AND POOLE","BOURNEMOUTH, CHRISTCHURCH AND POOLE",2019,2,12.23684915
575000,14/05/2019,BH1 4AP,O,,,BOURNEMOUTH,"BOURNEMOUTH, CHRISTCHURCH AND POOLE","BOURNEMOUTH, CHRISTCHURCH AND POOLE",2019,5,13.26212706
32750,27/03/2019,BH8 9DQ,O,,,BOURNEMOUTH,"BOURNEMOUTH, CHRISTCHURCH AND POOLE","BOURNEMOUTH, CHRISTCHURCH AND POOLE",2019,3,10.39668877
2400000,16/05/2019,BH21 5ET,O,,,WIMBORNE,DORSET,DORSET,2019,5,14.69097971
415000,03/05/2019,BH15 3EF,D,,,POOLE,"BOURNEMOUTH, CHRISTCHURCH AND POOLE","BOURNEMOUTH, CHRISTCHURCH AND POOLE",2019,5,12.93603621
172000,18/04/2019,BH5 1LQ,F,,,BOURNEMOUTH,"BOURNEMOUTH, CHRISTCHURCH AND POOLE","BOURNEMOUTH, CHRISTCHURCH AND POOLE",2019,4,12.05525557
88234,08/05/2019,BH15 1XS,F,,,POOLE,"BOURNEMOUTH, CHRISTCHURCH AND POOLE","BOURNEMOUTH, CHRISTCHURCH AND POOLE",2019,5,11.38775899
270000,15/05/2019,BH15 4BH,D,,,POOLE,"BOURNEMOUTH, CHRISTCHURCH AND POOLE","BOURNEMOUTH, CHRISTCHURCH AND POOLE",2019,5,12.50618094
1110190,29/03/2019,BH7 6BZ,O,,,BOURNEMOUTH,"BOURNEMOUTH, CHRISTCHURCH AND POOLE","BOURNEMOUTH, CHRISTCHURCH AND POOLE",2019,3,13.92004263
28750,16/04/2019,,O,,,WIMBORNE,DORSET,DORSET,2019,4,10.26642783
1200000,29/03/2019,BH12 4BG,O,,,POOLE,"BOURNEMOUTH, CHRISTCHURCH AND POOLE","BOURNEMOUTH, CHRISTCHURCH AND POOLE",2019,3,13.99783295
312500,12/04/2019,BH8 9QT,D,,,BOURNEMOUTH,"BOURNEMOUTH, CHRISTCHURCH AND POOLE","BOURNEMOUTH, CHRISTCHURCH AND POOLE",2019,4,12.65236295
200000,03/05/2019,DT4 7UB,T,,,WEYMOUTH,DORSET,DORSET,2019,5,12.20607765
170000,16/04/2019,DT10 1AN,O,,,STURMINSTER NEWTON,DORSET,DORSET,2019,4,12.0435596
75000,01/05/2019,BH19 2LJ,O,,,SWANAGE,DORSET,DORSET,2019,5,11.22525673
850000,01/04/2019,BH23 1PS,O,,,CHRISTCHURCH,"BOURNEMOUTH, CHRISTCHURCH AND POOLE","BOURNEMOUTH, CHRISTCHURCH AND POOLE",2019,4,13.6529928
450000,21/05/2019,BH23 4PL,D,,,CHRISTCHURCH,"BOURNEMOUTH, CHRISTCHURCH AND POOLE","BOURNEMOUTH, CHRISTCHURCH AND POOLE",2019,5,13.01700508
7000,26/04/2019,BH19 2PA,O,,,SWANAGE,DORSET,DORSET,2019,4,8.853808275
14000,18/04/2019,BH4 8EN,O,,,BOURNEMOUTH,"BOURNEMOUTH, CHRISTCHURCH AND POOLE","BOURNEMOUTH, CHRISTCHURCH AND POOLE",2019,4,9.546884035
139790,25/04/2019,DT4 0DN,S,,,WEYMOUTH,DORSET,DORSET,2019,4,11.84790373
180000,22/05/2019,SP8 4UP,S,,,GILLINGHAM,DORSET,DORSET,2019,5,12.10071769
100000,04/04/2019,BH21 6RX,O,,,WIMBORNE,DORSET,DORSET,2019,4,11.51293546
525000,26/04/2019,BH20 4NN,T,,,WAREHAM,DORSET,DORSET,2019,4,13.17115545
475000,03/05/2019,DT11 8UQ,O,,,BLANDFORD FORUM,DORSET,DORSET,2019,5,13.07107219
208000,10/05/2019,BH20 6ED,T,,,WAREHAM,DORSET,DORSET,2019,5,12.24529817
147785,31/01/2019,SK13 8BA,F,,,GLOSSOP,HIGH PEAK,DERBYSHIRE,2019,1,11.90352056
147785,31/01/2019,SK13 8BA,F,,,GLOSSOP,HIGH PEAK,DERBYSHIRE,2019,1,11.90352056
147785,31/01/2019,SK13 8BA,F,,,GLOSSOP,HIGH PEAK,DERBYSHIRE,2019,1,11.90352056
2899925,17/05/2019,DE7 8TG,O,,,ILKESTON,EREWASH,DERBYSHIRE,2019,5,14.88019578
225000,29/04/2019,SK13 6EL,O,,,GLOSSOP,HIGH PEAK,DERBYSHIRE,2019,4,12.32386013
15000,15/02/2019,S21 5RT,O,,,SHEFFIELD,NORTH EAST DERBYSHIRE,DERBYSHIRE,2019,2,9.615872145
300000,01/03/2019,DE55 7LR,O,,,ALFRETON,AMBER VALLEY,DERBYSHIRE,2019,3,12.61154109
252024,07/03/2019,DE55 7PR,O,,,ALFRETON,AMBER VALLEY,DERBYSHIRE,2019,3,12.43728357
140000,26/02/2019,DE24 8HJ,O,,,DERBY,CITY OF DERBY,CITY OF DERBY,2019,2,11.84940484
92915,08/02/2019,DE55 7PR,S,,,ALFRETON,AMBER VALLEY,DERBYSHIRE,2019,2,11.43945114
101750,29/03/2019,S41 7QX,T,,,CHESTERFIELD,CHESTERFIELD,DERBYSHIRE,2019,3,11.53028393
101750,29/03/2019,S41 7QX,T,,,CHESTERFIELD,CHESTERFIELD,DERBYSHIRE,2019,3,11.53028393
101750,29/03/2019,S41 7QX,T,,,CHESTERFIELD,CHESTERFIELD,DERBYSHIRE,2019,3,11.53028393
87214,29/03/2019,S41 7QX,S,,,CHESTERFIELD,CHESTERFIELD,DERBYSHIRE,2019,3,11.37613161
87214,29/03/2019,S41 7QX,S,,,CHESTERFIELD,CHESTERFIELD,DERBYSHIRE,2019,3,11.37613161
87214,29/03/2019,S41 7QX,S,,,CHESTERFIELD,CHESTERFIELD,DERBYSHIRE,2019,3,11.37613161
87214,29/03/2019,S41 7QX,S,,,CHESTERFIELD,CHESTERFIELD,DERBYSHIRE,2019,3,11.37613161
359323,27/02/2019,DE21 2AJ,O,,,DERBY,CITY OF DERBY,CITY OF DERBY,2019,2,12.79197977
238088,15/03/2019,DE55 7PR,O,,,ALFRETON,AMBER VALLEY,DERBYSHIRE,2019,3,12.38039983
460000,26/02/2019,DE4 3TS,D,,,MATLOCK,DERBYSHIRE DALES,DERBYSHIRE,2019,2,13.03898394
150000,31/01/2019,DE55 7QS,O,,,ALFRETON,AMBER VALLEY,DERBYSHIRE,2019,1,11.91839724
550000,13/03/2019,SK17 8DY,O,,,BUXTON,HIGH PEAK,DERBYSHIRE,2019,3,13.21767538
100000,25/03/2019,S44 6FS,D,,,CHESTERFIELD,BOLSOVER,DERBYSHIRE,2019,3,11.51293546
270000,02/04/2019,DE22 4NU,O,,,DERBY,CITY OF DERBY,CITY OF DERBY,2019,4,12.50618094
100000,11/04/2019,DE7 5JB,F,,,ILKESTON,EREWASH,DERBYSHIRE,2019,4,11.51293546
10000,12/04/2019,DE56 0QR,O,,,BELPER,AMBER VALLEY,DERBYSHIRE,2019,4,9.210440367
90000,15/03/2019,SK13 2DG,T,,,GLOSSOP,HIGH PEAK,DERBYSHIRE,2019,3,11.40757606
279995,18/04/2019,DE3 0AF,D,,,DERBY,SOUTH DERBYSHIRE,DERBYSHIRE,2019,4,12.5425306
38760,29/03/2019,DE23 2BB,O,,,DERBY,SOUTH DERBYSHIRE,DERBYSHIRE,2019,3,10.56516987
150000,25/04/2019,S42 5FQ,S,,,CHESTERFIELD,NORTH EAST DERBYSHIRE,DERBYSHIRE,2019,4,11.91839724
155000,12/04/2019,DE12 8BW,S,,,SWADLINCOTE,SOUTH DERBYSHIRE,DERBYSHIRE,2019,4,11.95118685
387000,04/04/2019,CM1 2RH,S,,,CHELMSFORD,CHELMSFORD,ESSEX,2019,4,12.86618256
172000,17/05/2019,SS15 5JP,T,,,BASILDON,BASILDON,ESSEX,2019,5,12.05525557
200000,03/05/2019,CM7 1EZ,S,,,BRAINTREE,BRAINTREE,ESSEX,2019,5,12.20607765
15000,01/05/2019,IG7 6PF,O,,,CHIGWELL,EPPING FOREST,ESSEX,2019,5,9.615872145
200000,01/05/2019,CO13 0UP,S,,,FRINTON-ON-SEA,TENDRING,ESSEX,2019,5,12.20607765
150000,29/04/2019,CO15 3HH,S,,,CLACTON-ON-SEA,TENDRING,ESSEX,2019,4,11.91839724
500000,05/04/2019,CM1 3HP,D,,,CHELMSFORD,CHELMSFORD,ESSEX,2019,4,13.12236538
1020000,07/02/2019,CO10 7EA,O,,,SUDBURY,BRAINTREE,ESSEX,2019,2,13.83531417
152000,04/04/2019,CO3 3UL,O,,,COLCHESTER,COLCHESTER,ESSEX,2019,4,11.93164238
735000,29/03/2019,SS5 4DE,D,,,HOCKLEY,ROCHFORD,ESSEX,2019,3,13.50762714
355000,17/05/2019,CO16 9ND,D,,,CLACTON-ON-SEA,TENDRING,ESSEX,2019,5,12.77987589
245000,03/05/2019,CO16 0EA,O,,,CLACTON-ON-SEA,TENDRING,ESSEX,2019,5,12.40901757
355000,17/05/2019,CO16 9ND,S,,,CLACTON-ON-SEA,TENDRING,ESSEX,2019,5,12.77987589
180000,01/04/2019,CM19 4NS,F,,,HARLOW,HARLOW,ESSEX,2019,4,12.10071769
200000,30/04/2019,CO6 1NH,O,,,COLCHESTER,BRAINTREE,ESSEX,2019,4,12.20607765
685000,10/05/2019,CM8 3UD,O,,,WITHAM,BRAINTREE,ESSEX,2019,5,13.43717558
325000,10/05/2019,SS6 8SQ,D,,,RAYLEIGH,ROCHFORD,ESSEX,2019,5,12.69158354
437500,15/04/2019,CO9 1RR,O,,,HALSTEAD,BRAINTREE,ESSEX,2019,4,12.98883427
1300000,24/04/2019,CM18 7NR,O,,,HARLOW,HARLOW,ESSEX,2019,4,14.07787559
171790,26/04/2019,CO7 8AA,D,,,COLCHESTER,TENDRING,ESSEX,2019,4,12.0540339
12500000,28/02/2019,CM3 2DJ,O,,,CHELMSFORD,BRAINTREE,ESSEX,2019,2,16.34123928
1955000,04/04/2019,CM7 9RX,O,,,BRAINTREE,BRAINTREE,ESSEX,2019,4,14.48590126
250000,05/04/2019,CO7 8PW,O,,,COLCHESTER,TENDRING,ESSEX,2019,4,12.4292202
292000,17/05/2019,SS15 4HY,S,,,BASILDON,BASILDON,ESSEX,2019,5,12.58451251
407000,04/04/2019,CO4 9HB,O,,,COLCHESTER,COLCHESTER,ESSEX,2019,4,12.91657092
385000,22/03/2019,EN9 2HB,O,,,WALTHAM ABBEY,EPPING FOREST,ESSEX,2019,3,12.86100121
450000,11/04/2019,CO12 4QR,O,,,HARWICH,TENDRING,ESSEX,2019,4,13.01700508
200000,31/01/2019,SS8 9AS,D,,,CANVEY ISLAND,CASTLE POINT,ESSEX,2019,1,12.20607765
660000,03/05/2019,CO2 9LA,O,,,COLCHESTER,COLCHESTER,ESSEX,2019,5,13.39999663
1235000,23/04/2019,CO5 9RE,O,,,COLCHESTER,BRAINTREE,ESSEX,2019,4,14.02658234
365000,12/04/2019,CM14 4LF,O,,,BRENTWOOD,BRENTWOOD,ESSEX,2019,4,12.80765537
742750,03/04/2019,RM18 8RJ,O,,,TILBURY,THURROCK,THURROCK,2019,4,13.51811614
345000,15/04/2019,SS5 5AE,S,,,HOCKLEY,ROCHFORD,ESSEX,2019,4,12.75130259
77500,28/03/2019,OL12 7LE,S,,,ROCHDALE,ROCHDALE,GREATER MANCHESTER,2019,3,11.25804612
112000,18/03/2019,M7 3NT,S,,,SALFORD,SALFORD,GREATER MANCHESTER,2019,3,11.62626308
50000,30/04/2019,M14 5PU,F,,,MANCHESTER,MANCHESTER,GREATER MANCHESTER,2019,4,10.81979828
140000,24/04/2019,M6 8ND,F,,,SALFORD,SALFORD,GREATER MANCHESTER,2019,4,11.84940484
82500,04/04/2019,WN1 3EX,T,,,WIGAN,WIGAN,GREATER MANCHESTER,2019,4,11.32056569
140000,16/05/2019,M24 1DF,O,,,MANCHESTER,ROCHDALE,GREATER MANCHESTER,2019,5,11.84940484
90000,14/05/2019,M22 9PX,S,,,MANCHESTER,MANCHESTER,GREATER MANCHESTER,2019,5,11.40757606
83000,16/04/2019,M38 9RA,S,,,MANCHESTER,SALFORD,GREATER MANCHESTER,2019,4,11.32660793
950,08/05/2019,WN6 8HX,O,,,WIGAN,WIGAN,GREATER MANCHESTER,2019,5,6.857514063
85000,15/05/2019,OL2 8EZ,T,,,OLDHAM,OLDHAM,GREATER MANCHESTER,2019,5,11.3504183
124500,03/05/2019,OL4 1YS,T,,,OLDHAM,OLDHAM,GREATER MANCHESTER,2019,5,11.73206903
176000,01/05/2019,GL5 4QH,T,,,STROUD,STROUD,GLOUCESTERSHIRE,2019,5,12.07824496
1005000,17/05/2019,GL54 3BA,O,,,CHELTENHAM,COTSWOLD,GLOUCESTERSHIRE,2019,5,13.82049909
365500,15/03/2019,GL15 4PQ,O,,,LYDNEY,FOREST OF DEAN,GLOUCESTERSHIRE,2019,3,12.80902429
125000,30/04/2019,GL1 4RJ,S,,,GLOUCESTER,GLOUCESTER,GLOUCESTERSHIRE,2019,4,11.73607702
325000,26/04/2019,GL6 0HA,D,,,STROUD,STROUD,GLOUCESTERSHIRE,2019,4,12.69158354
850000,10/04/2019,GL2 8HB,O,,,GLOUCESTER,TEWKESBURY,GLOUCESTERSHIRE,2019,4,13.6529928
105000,17/05/2019,GL5 5EY,O,,,STROUD,STROUD,GLOUCESTERSHIRE,2019,5,11.56172515
200000,23/04/2019,GL5 3NH,S,,,STROUD,STROUD,GLOUCESTERSHIRE,2019,4,12.20607765
194000,28/03/2019,GL7 1WY,T,,,CIRENCESTER,COTSWOLD,GLOUCESTERSHIRE,2019,3,12.17561859
3750000,26/04/2019,GL20 8HD,O,,,TEWKESBURY,TEWKESBURY,GLOUCESTERSHIRE,2019,4,15.13726666
210000,08/05/2019,GL4 0SE,S,,,GLOUCESTER,GLOUCESTER,GLOUCESTERSHIRE,2019,5,12.25486757
210000,26/03/2019,GL8 8HD,O,,,TETBURY,COTSWOLD,GLOUCESTERSHIRE,2019,3,12.25486757
265000,02/05/2019,GL53 7QR,O,,,CHELTENHAM,CHELTENHAM,GLOUCESTERSHIRE,2019,5,12.48748888
305000,30/04/2019,GL20 8BX,D,,,TEWKESBURY,TEWKESBURY,GLOUCESTERSHIRE,2019,4,12.62807033
325000,09/05/2019,GL4 6RH,O,,,GLOUCESTER,GLOUCESTER,GLOUCESTERSHIRE,2019,5,12.69158354
325000,09/05/2019,GL4 6RH,O,,,GLOUCESTER,GLOUCESTER,GLOUCESTERSHIRE,2019,5,12.69158354
95500,30/04/2019,GL54 2BT,O,,,CHELTENHAM,COTSWOLD,GLOUCESTERSHIRE,2019,4,11.466892
400000,05/03/2019,GL13 9BX,O,,,BERKELEY,STROUD,GLOUCESTERSHIRE,2019,3,12.89922233
940000,09/04/2019,GL51 6RH,O,,,CHELTENHAM,CHELTENHAM,GLOUCESTERSHIRE,2019,4,13.75363622
810000,05/04/2019,GL6 7JX,O,,,STROUD,STROUD,GLOUCESTERSHIRE,2019,4,13.60479076
144000,07/05/2019,GL10 2NA,O,,,STONEHOUSE,STROUD,GLOUCESTERSHIRE,2019,5,11.87757552
605000,25/03/2019,GU14 7PN,D,,,FARNBOROUGH,RUSHMOOR,HAMPSHIRE,2019,3,13.31298539
163000,25/04/2019,PO12 3DZ,T,,,GOSPORT,GOSPORT,HAMPSHIRE,2019,4,12.00151161
295000,29/03/2019,PO7 3BY,S,,,WATERLOOVILLE,WINCHESTER,HAMPSHIRE,2019,3,12.59473403
396000,26/04/2019,GU51 3RS,D,,,FLEET,HART,HAMPSHIRE,2019,4,12.88917202
2280999,03/05/2019,SO50 7DB,O,,,EASTLEIGH,EASTLEIGH,HAMPSHIRE,2019,5,14.6401245
1475450,26/04/2019,SP10 1LP,O,,,ANDOVER,TEST VALLEY,HAMPSHIRE,2019,4,14.20447426
65000,01/04/2019,DN15 7EG,F,,,SCUNTHORPE,NORTH LINCOLNSHIRE,NORTH LINCOLNSHIRE,2019,4,11.08215793
69950,03/05/2019,YO15 2AP,O,,,BRIDLINGTON,EAST RIDING OF YORKSHIRE,EAST RIDING OF YORKSHIRE,2019,5,11.15555028
170000,01/04/2019,DN15 6LP,O,,,SCUNTHORPE,NORTH LINCOLNSHIRE,NORTH LINCOLNSHIRE,2019,4,12.0435596
85000,15/03/2019,DN16 1JD,T,,,SCUNTHORPE,NORTH LINCOLNSHIRE,NORTH LINCOLNSHIRE,2019,3,11.3504183
115000,18/04/2019,HU5 2RY,T,,,HULL,CITY OF KINGSTON UPON HULL,CITY OF KINGSTON UPON HULL,2019,4,11.6526961
68000,21/05/2019,HU5 2JR,T,,,HULL,CITY OF KINGSTON UPON HULL,CITY OF KINGSTON UPON HULL,2019,5,11.12727769
85000,12/04/2019,HU5 1PS,T,,,HULL,CITY OF KINGSTON UPON HULL,CITY OF KINGSTON UPON HULL,2019,4,11.3504183
50000,25/04/2019,HU3 5QP,S,,,HULL,CITY OF KINGSTON UPON HULL,CITY OF KINGSTON UPON HULL,2019,4,10.81979828
3500,29/04/2019,DN31 1RF,O,,,GRIMSBY,NORTH EAST LINCOLNSHIRE,NORTH EAST LINCOLNSHIRE,2019,4,8.160803921
58000,30/04/2019,HU3 5PS,T,,,HULL,CITY OF KINGSTON UPON HULL,CITY OF KINGSTON UPON HULL,2019,4,10.96821553
47500,25/04/2019,DN39 6SN,T,,,ULCEBY,NORTH LINCOLNSHIRE,NORTH LINCOLNSHIRE,2019,4,10.76850604
400000,18/03/2019,YO15 1PG,O,,,BRIDLINGTON,EAST RIDING OF YORKSHIRE,EAST RIDING OF YORKSHIRE,2019,3,12.89922233
545000,17/04/2019,YO43 4FR,O,,,YORK,EAST RIDING OF YORKSHIRE,EAST RIDING OF YORKSHIRE,2019,4,13.20854291
125000,18/04/2019,HU14 3AG,T,,,NORTH FERRIBY,EAST RIDING OF YORKSHIRE,EAST RIDING OF YORKSHIRE,2019,4,11.73607702
375000,02/05/2019,YO16 4BS,O,,,BRIDLINGTON,EAST RIDING OF YORKSHIRE,EAST RIDING OF YORKSHIRE,2019,5,12.83468397
250000,12/04/2019,DN37 9PS,D,,,GRIMSBY,NORTH EAST LINCOLNSHIRE,NORTH EAST LINCOLNSHIRE,2019,4,12.4292202
1600000,01/05/2019,YO8 6EN,O,,,SELBY,EAST RIDING OF YORKSHIRE,EAST RIDING OF YORKSHIRE,2019,5,14.28551481
60000,15/03/2019,DN15 7LU,T,,,SCUNTHORPE,NORTH LINCOLNSHIRE,NORTH LINCOLNSHIRE,2019,3,11.00211651
50000,03/05/2019,DN31 1XN,T,,,GRIMSBY,NORTH EAST LINCOLNSHIRE,NORTH EAST LINCOLNSHIRE,2019,5,10.81979828
312000,11/04/2019,HU13 0EP,O,,,HESSLE,EAST RIDING OF YORKSHIRE,EAST RIDING OF YORKSHIRE,2019,4,12.65076167
55000,26/04/2019,HU3 6LB,T,,,HULL,CITY OF KINGSTON UPON HULL,CITY OF KINGSTON UPON HULL,2019,4,10.91510665
76000,17/04/2019,YO25 8AN,T,,,DRIFFIELD,EAST RIDING OF YORKSHIRE,EAST RIDING OF YORKSHIRE,2019,4,11.23850178
160000,17/05/2019,DN14 6HJ,O,,,GOOLE,EAST RIDING OF YORKSHIRE,EAST RIDING OF YORKSHIRE,2019,5,11.98293534
335000,01/05/2019,DN37 7DP,D,,,GRIMSBY,NORTH EAST LINCOLNSHIRE,NORTH EAST LINCOLNSHIRE,2019,5,12.7218888
115000,21/03/2019,HU6 7EY,O,,,HULL,CITY OF KINGSTON UPON HULL,CITY OF KINGSTON UPON HULL,2019,3,11.6526961
47000,18/04/2019,WA9 2LT,T,,,ST HELENS,ST HELENS,MERSEYSIDE,2019,4,10.75792416
56000,12/04/2019,BL4 7LQ,T,,,BOLTON,BOLTON,GREATER MANCHESTER,2019,4,10.93312483
45700,14/05/2019,L4 5UQ,T,,,LIVERPOOL,LIVERPOOL,MERSEYSIDE,2019,5,10.72987546
119000,25/04/2019,M6 7WG,T,,,SALFORD,SALFORD,GREATER MANCHESTER,2019,4,11.68688718
120000,18/02/2019,L4 2QG,S,,,LIVERPOOL,LIVERPOOL,MERSEYSIDE,2019,2,11.69525536
120000,26/04/2019,L25 6JN,F,,,LIVERPOOL,LIVERPOOL,MERSEYSIDE,2019,4,11.69525536
85000,12/04/2019,L20 9NG,T,,,BOOTLE,LIVERPOOL,MERSEYSIDE,2019,4,11.3504183
285500,25/04/2019,OL12 7RT,D,,,ROCHDALE,ROCHDALE,GREATER MANCHESTER,2019,4,12.56200081
87500,13/05/2019,BB10 1DY,O,,,BURNLEY,BURNLEY,LANCASHIRE,2019,5,11.3794055
90000,12/04/2019,M8 0RG,T,,,MANCHESTER,MANCHESTER,GREATER MANCHESTER,2019,4,11.40757606
112500,26/04/2019,M43 6DZ,T,,,MANCHESTER,TAMESIDE,GREATER MANCHESTER,2019,4,11.63071739
95000,01/05/2019,BL2 2JF,S,,,BOLTON,BOLTON,GREATER MANCHESTER,2019,5,11.4616427
340000,28/03/2019,L18 1NA,O,,,LIVERPOOL,LIVERPOOL,MERSEYSIDE,2019,3,12.73670384
370000,09/04/2019,M14 6PA,T,,,MANCHESTER,MANCHESTER,GREATER MANCHESTER,2019,4,12.82126099
85500,15/05/2019,L11 1DF,T,,,LIVERPOOL,LIVERPOOL,MERSEYSIDE,2019,5,11.35628335
110000,09/04/2019,L15 7JQ,T,,,LIVERPOOL,LIVERPOOL,MERSEYSIDE,2019,4,11.60824474
62500,26/04/2019,BB2 1XQ,T,,,BLACKBURN,BLACKBURN WITH DARWEN,BLACKBURN WITH DARWEN,2019,4,11.04293784
120000,20/05/2019,OL1 4NU,S,,,OLDHAM,OLDHAM,GREATER MANCHESTER,2019,5,11.69525536
65000,18/04/2019,OL9 7PA,T,,,OLDHAM,OLDHAM,GREATER MANCHESTER,2019,4,11.08215793
148000,29/04/2019,OL8 3UT,O,,,OLDHAM,OLDHAM,GREATER MANCHESTER,2019,4,11.90497431
69000,22/03/2019,M27 6AD,T,,,MANCHESTER,SALFORD,GREATER MANCHESTER,2019,3,11.14187628
100000,24/05/2019,M11 1AQ,T,,,MANCHESTER,MANCHESTER,GREATER MANCHESTER,2019,5,11.51293546
125000,16/04/2019,L4 0TQ,T,,,LIVERPOOL,LIVERPOOL,MERSEYSIDE,2019,4,11.73607702
850000,08/05/2019,M13 0DX,O,,,MANCHESTER,MANCHESTER,GREATER MANCHESTER,2019,5,13.6529928
430000,01/05/2019,M7 4HB,S,,,SALFORD,SALFORD,GREATER MANCHESTER,2019,5,12.97154281
55000,18/04/2019,L4 4DS,T,,,LIVERPOOL,LIVERPOOL,MERSEYSIDE,2019,4,10.91510665
90000,08/02/2019,M40 2JN,T,,,MANCHESTER,MANCHESTER,GREATER MANCHESTER,2019,2,11.40757606
99950,22/02/2019,OL6 6NW,T,,,ASHTON-UNDER-LYNE,TAMESIDE,GREATER MANCHESTER,2019,2,11.51243534
250000,07/05/2019,L3 8JG,O,,,LIVERPOOL,LIVERPOOL,MERSEYSIDE,2019,5,12.4292202
151000,14/05/2019,BL8 1QD,S,,,BURY,BURY,GREATER MANCHESTER,2019,5,11.92504174
304000,18/04/2019,M22 4BU,D,,,MANCHESTER,MANCHESTER,GREATER MANCHESTER,2019,4,12.62478627
1170000,16/05/2019,NW6 1EB,S,,,LONDON,CAMDEN,GREATER LONDON,2019,5,13.97251516
55620,25/04/2019,SW5 0JJ,O,,,LONDON,KENSINGTON AND CHELSEA,GREATER LONDON,2019,4,10.92631611
310000,29/03/2019,SE18 2EL,T,,,LONDON,GREENWICH,GREATER LONDON,2019,3,12.6443308
1028770,14/03/2019,NW1 0QT,O,,,LONDON,CAMDEN,GREATER LONDON,2019,3,13.84387544
165950,28/05/2019,BS22 7FP,T,,,WESTON-SUPER-MARE,NORTH SOMERSET,NORTH SOMERSET,2019,5,12.01944784
119500,22/05/2019,TA8 2EY,F,,,BURNHAM-ON-SEA,SEDGEMOOR,SOMERSET,2019,5,11.69108002
215000,21/06/2019,TA22 9DH,T,,,DULVERTON,SOMERSET WEST AND TAUNTON,SOMERSET,2019,6,12.27839796
242500,01/05/2019,BS20 7BP,F,,,BRISTOL,NORTH SOMERSET,NORTH SOMERSET,2019,5,12.39876111
318000,09/05/2019,BA3 2RW,T,,,RADSTOCK,BATH AND NORTH EAST SOMERSET,BATH AND NORTH EAST SOMERSET,2019,5,12.66980981
215000,17/05/2019,BS24 7HZ,S,,,WESTON-SUPER-MARE,NORTH SOMERSET,NORTH SOMERSET,2019,5,12.27839796
215000,24/05/2019,BS49 4DR,T,,,BRISTOL,NORTH SOMERSET,NORTH SOMERSET,2019,5,12.27839796
168000,21/06/2019,TA1 1DQ,T,,,TAUNTON,SOMERSET WEST AND TAUNTON,SOMERSET,2019,6,12.03172521
122500,17/05/2019,TA4 4RH,F,,,TAUNTON,SOMERSET WEST AND TAUNTON,SOMERSET,2019,5,11.71587447
280000,24/05/2019,TA2 6DJ,S,,,TAUNTON,SOMERSET WEST AND TAUNTON,SOMERSET,2019,5,12.54254845
220000,07/06/2019,TA6 3UE,T,,,BRIDGWATER,SEDGEMOOR,SOMERSET,2019,6,12.30138737
260000,24/04/2019,BS20 7JY,T,,,BRISTOL,NORTH SOMERSET,NORTH SOMERSET,2019,4,12.46844076
171500,17/05/2019,BA20 2PP,S,,,YEOVIL,SOUTH SOMERSET,SOMERSET,2019,5,12.05234438
117500,31/05/2019,BS23 1BA,F,,,WESTON-SUPER-MARE,NORTH SOMERSET,NORTH SOMERSET,2019,5,11.67420212
195000,24/05/2019,TA8 1JA,T,,,BURNHAM-ON-SEA,SEDGEMOOR,SOMERSET,2019,5,12.18075997
352500,31/05/2019,BS24 7HL,D,,,WESTON-SUPER-MARE,NORTH SOMERSET,NORTH SOMERSET,2019,5,12.77280874
131000,22/05/2019,BS23 3WH,F,,,WESTON-SUPER-MARE,NORTH SOMERSET,NORTH SOMERSET,2019,5,11.78296024
187000,20/05/2019,BS14 0PJ,S,,,BRISTOL,BATH AND NORTH EAST SOMERSET,BATH AND NORTH EAST SOMERSET,2019,5,12.13886924
680000,10/06/2019,TA9 4HE,D,,,HIGHBRIDGE,SEDGEMOOR,SOMERSET,2019,6,13.42984955
280000,15/05/2019,TA7 9PL,D,,,BRIDGWATER,SEDGEMOOR,SOMERSET,2019,5,12.54254845
495000,31/05/2019,TA3 6HN,D,,,TAUNTON,SOMERSET WEST AND TAUNTON,SOMERSET,2019,5,13.11231506
200000,31/05/2019,BS41 9EF,F,,,BRISTOL,NORTH SOMERSET,NORTH SOMERSET,2019,5,12.20607765
312500,14/06/2019,BS31 1WB,T,,,BRISTOL,BATH AND NORTH EAST SOMERSET,BATH AND NORTH EAST SOMERSET,2019,6,12.65236295
246000,07/06/2019,BS22 9AP,S,,,WESTON-SUPER-MARE,NORTH SOMERSET,NORTH SOMERSET,2019,6,12.41309088
127000,04/06/2019,BS23 3WN,F,,,WESTON-SUPER-MARE,NORTH SOMERSET,NORTH SOMERSET,2019,6,11.75195024
185000,14/06/2019,TA1 3AB,T,,,TAUNTON,SOMERSET WEST AND TAUNTON,SOMERSET,2019,6,12.12811651
345000,06/06/2019,BS39 7LR,D,,,BRISTOL,BATH AND NORTH EAST SOMERSET,BATH AND NORTH EAST SOMERSET,2019,6,12.75130259
242500,03/06/2019,TA4 4RQ,T,,,TAUNTON,SOMERSET WEST AND TAUNTON,SOMERSET,2019,6,12.39876111
670000,21/06/2019,TA2 8NQ,D,,,TAUNTON,SOMERSET WEST AND TAUNTON,SOMERSET,2019,6,13.41503448
745000,22/01/2019,BN3 6QT,D,,,HOVE,BRIGHTON AND HOVE,BRIGHTON AND HOVE,2019,1,13.52114084
192500,08/05/2019,PO21 5DN,F,,,BOGNOR REGIS,ARUN,WEST SUSSEX,2019,5,12.16785663
470000,31/05/2019,BN2 7GG,D,,,BRIGHTON,BRIGHTON AND HOVE,BRIGHTON AND HOVE,2019,5,13.0604901
212000,21/06/2019,BN17 7PF,T,,,LITTLEHAMPTON,ARUN,WEST SUSSEX,2019,6,12.26434627
425000,31/05/2019,BN3 8JA,S,,,HOVE,BRIGHTON AND HOVE,BRIGHTON AND HOVE,2019,5,12.9598468
242000,03/06/2019,RH15 8EY,F,,,BURGESS HILL,MID SUSSEX,WEST SUSSEX,2019,6,12.39669714
250000,31/05/2019,PO21 4PG,T,,,BOGNOR REGIS,ARUN,WEST SUSSEX,2019,5,12.4292202
368000,17/05/2019,RH15 8JT,D,,,BURGESS HILL,MID SUSSEX,WEST SUSSEX,2019,5,12.81584093
352630,24/05/2019,BN13 1HR,S,,,WORTHING,WORTHING,WEST SUSSEX,2019,5,12.77317746
273000,22/05/2019,BN25 2RQ,S,,,SEAFORD,LEWES,EAST SUSSEX,2019,5,12.51723074
310000,10/05/2019,BN41 2YB,S,,,BRIGHTON,BRIGHTON AND HOVE,BRIGHTON AND HOVE,2019,5,12.6443308
740000,28/05/2019,BN1 6WA,D,,,BRIGHTON,BRIGHTON AND HOVE,BRIGHTON AND HOVE,2019,5,13.51440682
895000,11/06/2019,RH17 5BT,D,,,HAYWARDS HEATH,MID SUSSEX,WEST SUSSEX,2019,6,13.70458011
374000,06/06/2019,BN43 5XL,T,,,SHOREHAM-BY-SEA,ADUR,WEST SUSSEX,2019,6,12.83201375
296000,24/05/2019,PO22 0AD,D,,,BOGNOR REGIS,ARUN,WEST SUSSEX,2019,5,12.59811811
225000,13/06/2019,PO21 2QN,F,,,BOGNOR REGIS,ARUN,WEST SUSSEX,2019,6,12.32386013
370000,29/05/2019,RH16 2RR,S,,,HAYWARDS HEATH,MID SUSSEX,WEST SUSSEX,2019,5,12.82126099
365000,03/05/2019,BN43 5XL,T,,,SHOREHAM-BY-SEA,ADUR,WEST SUSSEX,2019,5,12.80765537
220000,07/06/2019,TN21 0HW,S,,,HEATHFIELD,WEALDEN,EAST SUSSEX,2019,6,12.30138737
265000,13/06/2019,BN12 6LS,D,,,WORTHING,WORTHING,WEST SUSSEX,2019,6,12.48748888
295000,07/06/2019,TN32 5PB,S,,,ROBERTSBRIDGE,ROTHER,EAST SUSSEX,2019,6,12.59473403
685000,30/05/2019,BN1 6JS,T,,,BRIGHTON,BRIGHTON AND HOVE,BRIGHTON AND HOVE,2019,5,13.43717558
305000,20/06/2019,TN22 1SB,T,,,UCKFIELD,WEALDEN,EAST SUSSEX,2019,6,12.62807033
162500,16/04/2019,TN40 1SY,F,,,BEXHILL-ON-SEA,ROTHER,EAST SUSSEX,2019,4,11.99843943
555000,31/05/2019,BN27 3AS,D,,,HAILSHAM,WEALDEN,EAST SUSSEX,2019,5,13.22672519
463000,04/06/2019,BN2 9UP,T,,,BRIGHTON,BRIGHTON AND HOVE,BRIGHTON AND HOVE,2019,6,13.04548449
249000,23/05/2019,BN11 4QQ,S,,,WORTHING,WORTHING,WEST SUSSEX,2019,5,12.42521219
515000,29/05/2019,BN12 5RA,D,,,WORTHING,ARUN,WEST SUSSEX,2019,5,13.15192412
268500,22/05/2019,PO20 0NQ,S,,,CHICHESTER,CHICHESTER,WEST SUSSEX,2019,5,12.50060992
313000,29/05/2019,TN21 9ET,D,,,HEATHFIELD,WEALDEN,EAST SUSSEX,2019,5,12.65396166
375000,10/06/2019,BN6 8ED,S,,,HASSOCKS,MID SUSSEX,WEST SUSSEX,2019,6,12.83468397
154000,10/05/2019,BN3 4FL,F,,,HOVE,BRIGHTON AND HOVE,BRIGHTON AND HOVE,2019,5,11.94471437
550000,14/06/2019,BN3 6NW,T,,,HOVE,BRIGHTON AND HOVE,BRIGHTON AND HOVE,2019,6,13.21767538
335000,23/05/2019,BN2 4EN,T,,,BRIGHTON,BRIGHTON AND HOVE,BRIGHTON AND HOVE,2019,5,12.7218888
447500,23/05/2019,GU25 4EZ,S,,,VIRGINIA WATER,RUNNYMEDE,SURREY,2019,5,13.01143405
840000,20/05/2019,RH1 1BT,S,,,REDHILL,REIGATE AND BANSTEAD,SURREY,2019,5,13.64115836
505000,14/06/2019,CR0 7SJ,S,,,CROYDON,CROYDON,GREATER LONDON,2019,6,13.13231569
445000,06/06/2019,KT15 1BZ,S,,,ADDLESTONE,RUNNYMEDE,SURREY,2019,6,13.00583181
465000,18/06/2019,CR0 7RN,S,,,CROYDON,CROYDON,GREATER LONDON,2019,6,13.04979484
525000,20/05/2019,GU1 2LF,S,,,GUILDFORD,GUILDFORD,SURREY,2019,5,13.17115545
400000,06/06/2019,KT15 3HE,S,,,ADDLESTONE,RUNNYMEDE,SURREY,2019,6,12.89922233
550000,07/06/2019,SM5 3LY,S,,,CARSHALTON,SUTTON,GREATER LONDON,2019,6,13.21767538
512500,13/06/2019,CR8 4AG,S,,,PURLEY,CROYDON,GREATER LONDON,2019,6,13.14705794
464500,02/05/2019,KT12 2HQ,T,,,WALTON-ON-THAMES,ELMBRIDGE,SURREY,2019,5,13.04871899
660000,16/05/2019,SM7 2LB,S,,,BANSTEAD,REIGATE AND BANSTEAD,SURREY,2019,5,13.39999663
747000,21/06/2019,KT2 6LQ,T,,,KINGSTON UPON THAMES,KINGSTON UPON THAMES,GREATER LONDON,2019,6,13.5238218
750000,30/05/2019,SM2 5HT,D,,,SUTTON,SUTTON,GREATER LONDON,2019,5,13.52782982
420000,13/06/2019,GU12 6JG,S,,,ALDERSHOT,GUILDFORD,SURREY,2019,6,12.94801237
565000,08/05/2019,KT4 7AQ,S,,,WORCESTER PARK,EPSOM AND EWELL,SURREY,2019,5,13.24458278
525000,06/06/2019,GU22 8DE,S,,,WOKING,WOKING,SURREY,2019,6,13.17115545
525000,17/05/2019,KT12 3EN,S,,,WALTON-ON-THAMES,ELMBRIDGE,SURREY,2019,5,13.17115545
795000,18/06/2019,GU22 8RR,D,,,WOKING,WOKING,SURREY,2019,6,13.58609865
605000,28/05/2019,KT19 8LS,S,,,EPSOM,EPSOM AND EWELL,SURREY,2019,5,13.31298539
695000,07/06/2019,KT5 8BL,S,,,SURBITON,KINGSTON UPON THAMES,GREATER LONDON,2019,6,13.45166856
455000,24/05/2019,SM1 3EH,S,,,SUTTON,SUTTON,GREATER LONDON,2019,5,13.0280549
430000,29/05/2019,CR0 6LQ,T,,,CROYDON,CROYDON,GREATER LONDON,2019,5,12.97154281
680000,12/06/2019,GU23 7BU,D,,,WOKING,GUILDFORD,SURREY,2019,6,13.42984955
999950,17/05/2019,RH1 3AB,D,,,REDHILL,REIGATE AND BANSTEAD,SURREY,2019,5,13.81546156
1100000,07/06/2019,SW19 8BN,T,,,LONDON,MERTON,GREATER LONDON,2019,6,13.91082165
775000,31/05/2019,KT10 0EN,D,,,ESHER,ELMBRIDGE,SURREY,2019,5,13.5606196
905000,20/06/2019,SW19 8BH,T,,,LONDON,MERTON,GREATER LONDON,2019,6,13.71569133
450000,15/05/2019,KT4 7BE,T,,,WORCESTER PARK,EPSOM AND EWELL,SURREY,2019,5,13.01700508
595000,21/06/2019,KT3 4AE,T,,,NEW MALDEN,KINGSTON UPON THAMES,GREATER LONDON,2019,6,13.29631837
430750,07/06/2019,GU16 6JG,D,,,CAMBERLEY,SURREY HEATH,SURREY,2019,6,12.97328548
662000,07/06/2019,RH4 2AP,S,,,DORKING,MOLE VALLEY,SURREY,2019,6,13.40302235
1100000,31/05/2019,KT12 5AP,D,,,WALTON-ON-THAMES,ELMBRIDGE,SURREY,2019,5,13.91082165
1440000,17/05/2019,KT24 6HQ,D,,,LEATHERHEAD,GUILDFORD,SURREY,2019,5,14.18015437
1440000,07/06/2019,SW13 8DL,T,,,LONDON,RICHMOND UPON THAMES,GREATER LONDON,2019,6,14.18015437
259506,24/05/2019,NE26 3BE,T,,,WHITLEY BAY,NORTH TYNESIDE,TYNE AND WEAR,2019,5,12.46653896
372500,01/05/2019,BR1 5RQ,T,,,BROMLEY,LEWISHAM,GREATER LONDON,2019,5,12.827995
195000,25/04/2019,SE27 9NH,O,,,LONDON,LAMBETH,GREATER LONDON,2019,4,12.18075997
740972,14/03/2019,SE18 1QG,O,,,LONDON,GREENWICH,GREATER LONDON,2019,3,13.51571947
1210000,28/03/2019,SE15 4NF,O,,,LONDON,SOUTHWARK,GREATER LONDON,2019,3,14.00613174
921762,14/03/2019,N5 1ND,O,,,LONDON,ISLINGTON,GREATER LONDON,2019,3,13.73404342
47000,01/05/2019,W6 0NJ,O,,,LONDON,HAMMERSMITH AND FULHAM,GREATER LONDON,2019,5,10.75792416
1325512,07/05/2019,W2 6ET,O,,,LONDON,CITY OF WESTMINSTER,GREATER LONDON,2019,5,14.09731011
1900000,01/05/2019,N16 0QP,O,,,LONDON,HACKNEY,GREATER LONDON,2019,5,14.45736497
265000,24/04/2019,SE18 2SF,T,,,LONDON,GREENWICH,GREATER LONDON,2019,4,12.48748888
6800,30/04/2019,SW6 6RH,O,,,LONDON,HAMMERSMITH AND FULHAM,GREATER LONDON,2019,4,8.824824939
86450,17/04/2019,N16 8SD,O,,,LONDON,HACKNEY,GREATER LONDON,2019,4,11.36733306
690000,08/05/2019,E5 0PR,T,,,LONDON,HACKNEY,GREATER LONDON,2019,5,13.44444833
775000,03/05/2019,SW6 7ND,T,,,LONDON,HAMMERSMITH AND FULHAM,GREATER LONDON,2019,5,13.5606196
950000,10/05/2019,W1H 1JX,F,,,LONDON,CITY OF WESTMINSTER,GREATER LONDON,2019,5,13.76421832
410000,05/04/2019,SE3 8NL,S,,,LONDON,GREENWICH,GREATER LONDON,2019,4,12.92391488
30000,03/05/2019,N4 2JJ,O,,,LONDON,HACKNEY,GREATER LONDON,2019,5,10.30898599
420000,26/04/2019,SE17 2AX,O,,,LONDON,SOUTHWARK,GREATER LONDON,2019,4,12.94801237
420000,26/04/2019,SE17 2AX,O,,,LONDON,SOUTHWARK,GREATER LONDON,2019,4,12.94801237
170000,02/05/2019,W8 6QN,O,,,LONDON,KENSINGTON AND CHELSEA,GREATER LONDON,2019,5,12.0435596
2100000,26/04/2019,NW1 2JJ,T,,,LONDON,CAMDEN,GREATER LONDON,2019,4,14.55744838
1600000,17/04/2019,E5 9BW,O,,,LONDON,HACKNEY,GREATER LONDON,2019,4,14.28551481
450000,08/02/2019,SE3 0PQ,F,,,LONDON,GREENWICH,GREATER LONDON,2019,2,13.01700508
450000,30/04/2019,SW17 9LN,F,,,LONDON,WANDSWORTH,GREATER LONDON,2019,4,13.01700508
2000000,29/03/2019,W2 3QH,O,,,LONDON,CITY OF WESTMINSTER,GREATER LONDON,2019,3,14.50865824
55000,18/04/2019,SW11 5SN,O,,,LONDON,WANDSWORTH,GREATER LONDON,2019,4,10.91510665
14750,22/05/2019,SW2 5JP,O,,,LONDON,LAMBETH,GREATER LONDON,2019,5,9.599066156
4000,02/05/2019,SE22 8JF,O,,,LONDON,SOUTHWARK,GREATER LONDON,2019,5,8.294299609
180000,24/04/2019,,O,,,MANCHESTER,MANCHESTER,GREATER MANCHESTER,2019,4,12.10071769
150000,23/04/2019,DY1 3JX,O,,,DUDLEY,DUDLEY,WEST MIDLANDS,2019,4,11.91839724
185000,23/04/2019,DY1 3JX,O,,,DUDLEY,DUDLEY,WEST MIDLANDS,2019,4,12.12811651
188000,10/05/2019,CV3 1NT,S,,,COVENTRY,COVENTRY,WEST MIDLANDS,2019,5,12.14420256
330000,18/01/2019,CV6 5LR,O,,,COVENTRY,COVENTRY,WEST MIDLANDS,2019,1,12.70685096
145000,30/04/2019,B8 1RS,O,,,BIRMINGHAM,BIRMINGHAM,WEST MIDLANDS,2019,4,11.88449592
106996,30/01/2019,DY2 8PG,F,,,DUDLEY,DUDLEY,WEST MIDLANDS,2019,1,11.58055608
300000,29/04/2019,B70 8LU,O,,,WEST BROMWICH,SANDWELL,WEST MIDLANDS,2019,4,12.61154109
104996,30/01/2019,DY2 8PG,F,,,DUDLEY,DUDLEY,WEST MIDLANDS,2019,1,11.56168706
2100000,12/03/2019,B1 1DB,O,,,BIRMINGHAM,BIRMINGHAM,WEST MIDLANDS,2019,3,14.55744838
920000,15/03/2019,WS2 9NG,O,,,WALSALL,WALSALL,WEST MIDLANDS,2019,3,13.73213004
125140,24/01/2019,B1 2AW,F,,,BIRMINGHAM,BIRMINGHAM,WEST MIDLANDS,2019,1,11.73719638
179000,13/02/2019,B15 2DQ,F,,,BIRMINGHAM,BIRMINGHAM,WEST MIDLANDS,2019,2,12.09514667
244950,14/03/2019,B1 1FF,F,,,BIRMINGHAM,BIRMINGHAM,WEST MIDLANDS,2019,3,12.40881347
950000,22/03/2019,B29 6JD,O,,,BIRMINGHAM,BIRMINGHAM,WEST MIDLANDS,2019,3,13.76421832
179950,11/03/2019,B1 1FD,F,,,BIRMINGHAM,BIRMINGHAM,WEST MIDLANDS,2019,3,12.10043987
234950,11/03/2019,B1 1FD,F,,,BIRMINGHAM,BIRMINGHAM,WEST MIDLANDS,2019,3,12.36713226
244950,22/03/2019,B1 1FF,F,,,BIRMINGHAM,BIRMINGHAM,WEST MIDLANDS,2019,3,12.40881347
140000,12/02/2019,B3 2EE,F,,,BIRMINGHAM,BIRMINGHAM,WEST MIDLANDS,2019,2,11.84940484
198508,28/03/2019,B90 4LJ,T,,,SOLIHULL,SOLIHULL,WEST MIDLANDS,2019,3,12.19858972
258558,17/01/2019,CV3 3HY,O,,,COVENTRY,COVENTRY,WEST MIDLANDS,2019,1,12.46287919
244317,28/03/2019,B90 4LJ,T,,,SOLIHULL,SOLIHULL,WEST MIDLANDS,2019,3,12.40622593
198508,28/03/2019,B90 4LJ,T,,,SOLIHULL,SOLIHULL,WEST MIDLANDS,2019,3,12.19858972
198508,28/03/2019,B90 4LJ,T,,,SOLIHULL,SOLIHULL,WEST MIDLANDS,2019,3,12.19858972
198508,28/03/2019,B90 4LJ,T,,,SOLIHULL,SOLIHULL,WEST MIDLANDS,2019,3,12.19858972
244317,28/03/2019,B90 4LJ,T,,,SOLIHULL,SOLIHULL,WEST MIDLANDS,2019,3,12.40622593
244317,28/03/2019,B90 4LJ,T,,,SOLIHULL,SOLIHULL,WEST MIDLANDS,2019,3,12.40622593
198508,28/03/2019,B90 4LJ,T,,,SOLIHULL,SOLIHULL,WEST MIDLANDS,2019,3,12.19858972
87376,27/03/2019,WV6 8PE,F,,,WOLVERHAMPTON,WOLVERHAMPTON,WEST MIDLANDS,2019,3,11.37798737
150500,08/02/2019,B16 8WG,F,,,BIRMINGHAM,BIRMINGHAM,WEST MIDLANDS,2019,2,11.92172501
1710000,18/04/2019,HA7 1BU,O,,,STANMORE,HARROW,GREATER LONDON,2019,4,14.35200451
1700000,03/05/2019,N4 4SS,O,,,LONDON,HARINGEY,GREATER LONDON,2019,5,14.3461394
127000,17/05/2019,UB3 1PS,O,,,HAYES,HILLINGDON,GREATER LONDON,2019,5,11.75195024
1080000,01/05/2019,N15 6UH,T,,,LONDON,HARINGEY,GREATER LONDON,2019,5,13.89247253
25500,14/05/2019,HA1 1LD,O,,,HARROW,HARROW,GREATER LONDON,2019,5,10.14647295
1580000,03/05/2019,N8 0JR,S,,,LONDON,HARINGEY,GREATER LONDON,2019,5,14.27293604
400000,15/04/2019,EN1 3HP,T,,,ENFIELD,ENFIELD,GREATER LONDON,2019,4,12.89922233
292500,16/04/2019,N9 9EE,T,,,LONDON,ENFIELD,GREATER LONDON,2019,4,12.58622336
615000,02/05/2019,HA3 0PD,T,,,HARROW,BRENT,GREATER LONDON,2019,5,13.32937917
1500000,03/05/2019,N8 0SD,S,,,LONDON,HARINGEY,GREATER LONDON,2019,5,14.22097633
105000,03/05/2019,N18 2XU,F,,,LONDON,ENFIELD,GREATER LONDON,2019,5,11.56172515
460000,03/05/2019,HA1 4HN,T,,,HARROW,HARROW,GREATER LONDON,2019,5,13.03898394
835000,03/05/2019,NW4 3RR,D,,,LONDON,BARNET,GREATER LONDON,2019,5,13.6351882
330000,29/03/2019,EN3 5UH,T,,,ENFIELD,ENFIELD,GREATER LONDON,2019,3,12.70685096
385000,18/04/2019,UB3 5JA,S,,,HAYES,HILLINGDON,GREATER LONDON,2019,4,12.86100121
440000,26/04/2019,N9 9AQ,T,,,LONDON,ENFIELD,GREATER LONDON,2019,4,12.99453228
310000,12/04/2019,EN3 7DA,T,,,ENFIELD,ENFIELD,GREATER LONDON,2019,4,12.6443308
1300000,30/04/2019,W3 6BA,T,,,LONDON,EALING,GREATER LONDON,2019,4,14.07787559
2730000,04/04/2019,TW4 7HH,O,,,HOUNSLOW,HOUNSLOW,GREATER LONDON,2019,4,14.81981253
720000,09/04/2019,HA3 5BY,O,,,HARROW,HARROW,GREATER LONDON,2019,4,13.48700788
575000,24/04/2019,UB10 0NY,O,,,UXBRIDGE,HILLINGDON,GREATER LONDON,2019,4,13.26212706
800000,25/04/2019,HA9 7JD,O,,,WEMBLEY,BRENT,GREATER LONDON,2019,4,13.59236826
105000,03/05/2019,N18 2XU,O,,,LONDON,ENFIELD,GREATER LONDON,2019,5,11.56172515
160000,10/04/2019,TW4 5PU,O,,,HOUNSLOW,RICHMOND UPON THAMES,GREATER LONDON,2019,4,11.98293534
690000,15/03/2019,W4 3NL,T,,,LONDON,HOUNSLOW,GREATER LONDON,2019,3,13.44444833
950000,30/04/2019,NW2 5PU,O,,,LONDON,BRENT,GREATER LONDON,2019,4,13.76421832
1100000,29/03/2019,W3 9HN,D,,,LONDON,EALING,GREATER LONDON,2019,3,13.91082165
460000,18/04/2019,UB10 9DF,S,,,UXBRIDGE,HILLINGDON,GREATER LONDON,2019,4,13.03898394
480000,30/04/2019,W5 1NE,T,,,LONDON,EALING,GREATER LONDON,2019,4,13.08154347
500000,30/04/2019,W5 1NE,T,,,LONDON,EALING,GREATER LONDON,2019,4,13.12236538
270000,07/05/2019,N22 6QX,O,,,LONDON,HARINGEY,GREATER LONDON,2019,5,12.50618094
456000,03/05/2019,UB7 9HF,O,,,WEST DRAYTON,HILLINGDON,GREATER LONDON,2019,5,13.03025028
1230000,03/05/2019,N8 0RE,T,,,LONDON,HARINGEY,GREATER LONDON,2019,5,14.02252554
12000,25/04/2019,W5 3PP,O,,,LONDON,EALING,GREATER LONDON,2019,4,9.392745259
140000,09/05/2019,NR3 1NY,T,,,NORWICH,NORWICH,NORFOLK,2019,5,11.84940484
130000,29/03/2019,NR6 5DR,O,,,NORWICH,BROADLAND,NORFOLK,2019,3,11.77529742
135000,18/04/2019,NR31 7EX,T,,,GREAT YARMOUTH,GREAT YARMOUTH,NORFOLK,2019,4,11.81303746
160000,22/02/2019,IP25 6FH,S,,,THETFORD,BRECKLAND,NORFOLK,2019,2,11.98293534
510000,03/05/2019,NR27 0AB,O,,,CROMER,NORTH NORFOLK,NORFOLK,2019,5,13.14216797
15500,17/05/2019,NR29 4NN,O,,,GREAT YARMOUTH,GREAT YARMOUTH,NORFOLK,2019,5,9.648659817
67224,30/04/2019,NR6 6EG,O,,,NORWICH,NORWICH,NORFOLK,2019,4,11.11580048
285000,12/04/2019,PE34 4PJ,D,,,KING'S LYNN,KING'S LYNN AND WEST NORFOLK,NORFOLK,2019,4,12.56024797
1100000,26/04/2019,PE37 8DN,O,,,SWAFFHAM,BRECKLAND,NORFOLK,2019,4,13.91082165
63000,29/05/2019,DH3 1ED,T,,,CHESTER LE STREET,GATESHEAD,TYNE AND WEAR,2019,5,11.05090588
244000,24/05/2019,NE26 3BG,T,,,WHITLEY BAY,NORTH TYNESIDE,TYNE AND WEAR,2019,5,12.4049276
63000,07/06/2019,DH4 5DR,T,,,HOUGHTON LE SPRING,SUNDERLAND,TYNE AND WEAR,2019,6,11.05090588
111000,24/05/2019,NE38 0NU,S,,,WASHINGTON,SUNDERLAND,TYNE AND WEAR,2019,5,11.61729449
146000,31/05/2019,NE3 2YB,S,,,NEWCASTLE UPON TYNE,NEWCASTLE UPON TYNE,TYNE AND WEAR,2019,5,11.89136875
200000,21/05/2019,NE9 5ED,S,,,GATESHEAD,GATESHEAD,TYNE AND WEAR,2019,5,12.20607765
155000,22/05/2019,NE28 9LF,S,,,WALLSEND,NORTH TYNESIDE,TYNE AND WEAR,2019,5,11.95118685
64000,24/05/2019,NE15 6NT,T,,,NEWCASTLE UPON TYNE,NEWCASTLE UPON TYNE,TYNE AND WEAR,2019,5,11.06665399
205000,31/05/2019,NE7 7LB,T,,,NEWCASTLE UPON TYNE,NEWCASTLE UPON TYNE,TYNE AND WEAR,2019,5,12.23077014
370000,28/05/2019,NE30 2QN,S,,,NORTH SHIELDS,NORTH TYNESIDE,TYNE AND WEAR,2019,5,12.82126099
213000,31/05/2019,NE6 5SN,T,,,NEWCASTLE UPON TYNE,NEWCASTLE UPON TYNE,TYNE AND WEAR,2019,5,12.26905214
67000,28/05/2019,SR4 7DE,S,,,SUNDERLAND,SUNDERLAND,TYNE AND WEAR,2019,5,11.11246282
350000,27/06/2019,NE30 2SH,T,,,NORTH SHIELDS,NORTH TYNESIDE,TYNE AND WEAR,2019,6,12.76569129
215000,23/05/2019,NE28 9RX,S,,,WALLSEND,NORTH TYNESIDE,TYNE AND WEAR,2019,5,12.27839796
190000,10/05/2019,NE33 4RY,T,,,SOUTH SHIELDS,SOUTH TYNESIDE,TYNE AND WEAR,2019,5,12.15478461
155000,07/06/2019,NE13 6DZ,S,,,NEWCASTLE UPON TYNE,NORTH TYNESIDE,TYNE AND WEAR,2019,6,11.95118685
163000,30/04/2019,NE5 1UD,S,,,NEWCASTLE UPON TYNE,NEWCASTLE UPON TYNE,TYNE AND WEAR,2019,4,12.00151161
185000,24/05/2019,NE16 5HR,S,,,NEWCASTLE UPON TYNE,GATESHEAD,TYNE AND WEAR,2019,5,12.12811651
89000,17/05/2019,NE9 7RR,T,,,GATESHEAD,SUNDERLAND,TYNE AND WEAR,2019,5,11.39640288
84000,16/05/2019,NE40 4BB,T,,,RYTON,GATESHEAD,TYNE AND WEAR,2019,5,11.33858398
71000,07/06/2019,DH4 6HN,T,,,HOUGHTON LE SPRING,SUNDERLAND,TYNE AND WEAR,2019,6,11.17044924
230000,17/05/2019,NE39 1DZ,D,,,ROWLANDS GILL,GATESHEAD,TYNE AND WEAR,2019,5,12.34583894
335000,24/05/2019,NE25 8RF,S,,,WHITLEY BAY,NORTH TYNESIDE,TYNE AND WEAR,2019,5,12.7218888
249995,06/06/2019,NE3 4LP,S,,,NEWCASTLE UPON TYNE,NEWCASTLE UPON TYNE,TYNE AND WEAR,2019,6,12.4292002
150000,16/05/2019,NE12 7NP,T,,,NEWCASTLE UPON TYNE,NORTH TYNESIDE,TYNE AND WEAR,2019,5,11.91839724
240000,31/05/2019,NE37 1PQ,D,,,WASHINGTON,SUNDERLAND,TYNE AND WEAR,2019,5,12.38839837
235000,10/05/2019,NE16 5HP,T,,,NEWCASTLE UPON TYNE,GATESHEAD,TYNE AND WEAR,2019,5,12.36734505
295000,07/05/2019,NE16 5ZA,D,,,NEWCASTLE UPON TYNE,GATESHEAD,TYNE AND WEAR,2019,5,12.59473403
195000,10/05/2019,SR5 1PS,S,,,SUNDERLAND,SUNDERLAND,TYNE AND WEAR,2019,5,12.18075997
130000,12/04/2019,NE28 9TE,D,,,WALLSEND,NORTH TYNESIDE,TYNE AND WEAR,2019,4,11.77529742
345000,05/06/2019,NE3 1AS,T,,,NEWCASTLE UPON TYNE,NEWCASTLE UPON TYNE,TYNE AND WEAR,2019,6,12.75130259
740000,24/05/2019,KT2 5QZ,S,,,KINGSTON UPON THAMES,KINGSTON UPON THAMES,GREATER LONDON,2019,5,13.51440682
355000,24/06/2019,GU16 6DG,S,,,CAMBERLEY,SURREY HEATH,SURREY,2019,6,12.77987589
435000,14/06/2019,TW17 0RZ,S,,,SHEPPERTON,SPELTHORNE,SURREY,2019,6,12.98310361
660000,10/05/2019,KT24 6HX,D,,,LEATHERHEAD,GUILDFORD,SURREY,2019,5,13.39999663
400000,07/06/2019,GU21 2PJ,S,,,WOKING,WOKING,SURREY,2019,6,12.89922233
400000,17/06/2019,GU24 9QD,D,,,WOKING,SURREY HEATH,SURREY,2019,6,12.89922233
590000,24/05/2019,GU4 7LD,D,,,GUILDFORD,GUILDFORD,SURREY,2019,5,13.28787951
295000,17/06/2019,RH8 0EA,D,,,OXTED,TANDRIDGE,SURREY,2019,6,12.59473403
615000,24/05/2019,KT19 0AQ,S,,,EPSOM,EPSOM AND EWELL,SURREY,2019,5,13.32937917
500000,14/06/2019,CR0 7RQ,S,,,CROYDON,CROYDON,GREATER LONDON,2019,6,13.12236538
510000,23/05/2019,GU5 0EB,D,,,GUILDFORD,WAVERLEY,SURREY,2019,5,13.14216797
505000,24/05/2019,GU9 9EA,D,,,FARNHAM,WAVERLEY,SURREY,2019,5,13.13231569
280000,10/05/2019,TW18 2NE,F,,,STAINES-UPON-THAMES,SPELTHORNE,SURREY,2019,5,12.54254845
362500,31/05/2019,TW18 2EH,S,,,STAINES-UPON-THAMES,SPELTHORNE,SURREY,2019,5,12.80078251
342000,24/05/2019,TW15 1JP,T,,,ASHFORD,SPELTHORNE,SURREY,2019,5,12.74256894
455000,21/06/2019,TW18 1HH,S,,,STAINES-UPON-THAMES,SPELTHORNE,SURREY,2019,6,13.0280549
435000,14/06/2019,RH8 0JS,T,,,OXTED,TANDRIDGE,SURREY,2019,6,12.98310361
545000,19/06/2019,TW17 8AZ,T,,,SHEPPERTON,SPELTHORNE,SURREY,2019,6,13.20854291
760000,31/05/2019,SM2 7JS,D,,,SUTTON,EPSOM AND EWELL,SURREY,2019,5,13.54107503
520000,31/05/2019,GU21 2EL,S,,,WOKING,WOKING,SURREY,2019,5,13.16158601
346000,14/06/2019,GU22 9LQ,S,,,WOKING,WOKING,SURREY,2019,6,12.75419694
475000,30/05/2019,SM7 2DF,S,,,BANSTEAD,REIGATE AND BANSTEAD,SURREY,2019,5,13.07107219
500000,31/05/2019,GU2 7NQ,S,,,GUILDFORD,GUILDFORD,SURREY,2019,5,13.12236538
450000,30/05/2019,CR0 2SR,D,,,CROYDON,CROYDON,GREATER LONDON,2019,5,13.01700508
720000,15/05/2019,GU15 1DP,D,,,CAMBERLEY,SURREY HEATH,SURREY,2019,5,13.48700788
560000,03/05/2019,GU16 6PJ,D,,,CAMBERLEY,SURREY HEATH,SURREY,2019,5,13.23569385
665000,07/06/2019,KT10 8BZ,S,,,ESHER,ELMBRIDGE,SURREY,2019,6,13.40754382
372480,21/05/2019,KT21 1RH,T,,,ASHTEAD,MOLE VALLEY,SURREY,2019,5,12.82794131
545000,24/05/2019,KT22 9NJ,D,,,LEATHERHEAD,MOLE VALLEY,SURREY,2019,5,13.20854291
410000,10/05/2019,KT15 2EY,S,,,ADDLESTONE,RUNNYMEDE,SURREY,2019,5,12.92391488
600000,24/05/2019,KT9 1AS,S,,,CHESSINGTON,KINGSTON UPON THAMES,GREATER LONDON,2019,5,13.3046866
800000,29/05/2019,GU21 4TW,D,,,WOKING,WOKING,SURREY,2019,5,13.59236826
989600,10/05/2019,GU1 3QA,D,,,GUILDFORD,GUILDFORD,SURREY,2019,5,13.80505711
420000,02/05/2019,KT12 4LD,T,,,WALTON-ON-THAMES,ELMBRIDGE,SURREY,2019,5,12.94801237
285000,24/04/2019,RH7 6BQ,T,,,LINGFIELD,TANDRIDGE,SURREY,2019,4,12.56024797
400000,08/05/2019,KT23 4ND,S,,,LEATHERHEAD,MOLE VALLEY,SURREY,2019,5,12.89922233
450000,24/05/2019,GU4 7NS,D,,,GUILDFORD,GUILDFORD,SURREY,2019,5,13.01700508
1425000,15/03/2019,GU8 6BG,S,,,GODALMING,WAVERLEY,SURREY,2019,3,14.16968307
500000,09/01/2019,TW15 2LL,D,,,ASHFORD,SPELTHORNE,SURREY,2019,1,13.12236538
402500,14/06/2019,SW16 4PB,S,,,LONDON,CROYDON,GREATER LONDON,2019,6,12.90545286
430000,14/06/2019,GU3 3RT,S,,,GUILDFORD,GUILDFORD,SURREY,2019,6,12.97154281
420000,07/06/2019,RH7 6AS,S,,,LINGFIELD,TANDRIDGE,SURREY,2019,6,12.94801237
315000,02/05/2019,GU21 2QZ,T,,,WOKING,WOKING,SURREY,2019,5,12.66033109
357000,19/06/2019,KT7 0TE,F,,,THAMES DITTON,ELMBRIDGE,SURREY,2019,6,12.78549386
343000,17/05/2019,RH7 6AS,S,,,LINGFIELD,TANDRIDGE,SURREY,2019,5,12.74548864
237500,31/05/2019,GU21 2DH,F,,,WOKING,WOKING,SURREY,2019,5,12.37792711
420000,17/04/2019,KT21 2QJ,T,,,ASHTEAD,MOLE VALLEY,SURREY,2019,4,12.94801237
1779750,25/04/2019,GU27 2EU,D,,,HASLEMERE,WAVERLEY,SURREY,2019,4,14.39198402
177500,20/05/2019,GU24 8PS,T,,,WOKING,SURREY HEATH,SURREY,2019,5,12.08673152
365000,31/05/2019,TW20 8XA,T,,,EGHAM,RUNNYMEDE,SURREY,2019,5,12.80765537
585000,29/05/2019,RH1 3BA,D,,,REDHILL,REIGATE AND BANSTEAD,SURREY,2019,5,13.27936884
520000,31/05/2019,RH1 3JW,T,,,REDHILL,REIGATE AND BANSTEAD,SURREY,2019,5,13.16158601
285000,19/06/2019,KT18 7TL,T,,,EPSOM,EPSOM AND EWELL,SURREY,2019,6,12.56024797
313000,07/06/2019,TW20 8XA,S,,,EGHAM,RUNNYMEDE,SURREY,2019,6,12.65396166
295000,24/05/2019,GU22 9NE,T,,,WOKING,WOKING,SURREY,2019,5,12.59473403
502000,05/06/2019,GU4 7BU,D,,,GUILDFORD,GUILDFORD,SURREY,2019,6,13.12635739
470000,20/05/2019,SM4 4JG,T,,,MORDEN,MERTON,GREATER LONDON,2019,5,13.0604901
950000,14/06/2019,GU7 1PD,D,,,GODALMING,WAVERLEY,SURREY,2019,6,13.76421832
361550,21/05/2019,GU7 1NT,T,,,GODALMING,WAVERLEY,SURREY,2019,5,12.79815839
370000,31/05/2019,KT15 3RD,D,,,ADDLESTONE,RUNNYMEDE,SURREY,2019,5,12.82126099
370000,03/06/2019,RH9 8NX,S,,,GODSTONE,TANDRIDGE,SURREY,2019,6,12.82126099
330000,29/03/2019,RH7 6LB,T,,,LINGFIELD,TANDRIDGE,SURREY,2019,3,12.70685096
400000,10/05/2019,GU7 3HA,T,,,GODALMING,WAVERLEY,SURREY,2019,5,12.89922233
782500,06/06/2019,KT7 0BE,T,,,THAMES DITTON,ELMBRIDGE,SURREY,2019,6,13.57025048
450000,14/06/2019,CR3 6SJ,F,,,CATERHAM,TANDRIDGE,SURREY,2019,6,13.01700508
615000,07/06/2019,KT10 0PF,F,,,ESHER,ELMBRIDGE,SURREY,2019,6,13.32937917
316000,29/05/2019,RH1 1LB,F,,,REDHILL,REIGATE AND BANSTEAD,SURREY,2019,5,12.66350066
550000,23/05/2019,RH7 6TA,D,,,LINGFIELD,TANDRIDGE,SURREY,2019,5,13.21767538
165000,05/06/2019,S72 9HL,D,,,BARNSLEY,BARNSLEY,SOUTH YORKSHIRE,2019,6,12.01370681
57000,30/05/2019,S75 2BZ,T,,,BARNSLEY,BARNSLEY,SOUTH YORKSHIRE,2019,5,10.95082409
46000,17/05/2019,DN1 2AY,T,,,DONCASTER,DONCASTER,SOUTH YORKSHIRE,2019,5,10.73641841
1100000,26/04/2019,PE37 8DN,D,,,SWAFFHAM,BRECKLAND,NORFOLK,2019,4,13.91082165
200000,18/04/2019,NR7 0AB,S,,,NORWICH,BROADLAND,NORFOLK,2019,4,12.20607765
229949,28/03/2019,IP21 4JY,O,,,DISS,SOUTH NORFOLK,NORFOLK,2019,3,12.34561717
35000,01/05/2019,NR29 5JF,O,,,GREAT YARMOUTH,NORTH NORFOLK,NORFOLK,2019,5,10.46313191
24000,15/03/2019,NR29 4NW,O,,,GREAT YARMOUTH,GREAT YARMOUTH,NORFOLK,2019,3,10.08585078
16000,08/05/2019,NR29 4NW,O,,,GREAT YARMOUTH,GREAT YARMOUTH,NORFOLK,2019,5,9.680406499
13000,30/04/2019,NR29 4NW,O,,,GREAT YARMOUTH,GREAT YARMOUTH,NORFOLK,2019,4,9.472781557
223000,01/02/2019,,O,,,NORWICH,SOUTH NORFOLK,NORFOLK,2019,2,12.31493153
150000,12/06/2020,WA7 5BU,D,N,F,RUNCORN,HALTON,HALTON,2020,6,11.91839724
375000,27/03/2020,SK9 4ET,D,N,F,WILMSLOW,CHESHIRE EAST,CHESHIRE EAST,2020,3,12.83468397
140000,04/03/2020,CW9 8BP,T,N,F,NORTHWICH,CHESHIRE WEST AND CHESTER,CHESHIRE WEST AND CHESTER,2020,3,11.84940484
95000,30/04/2020,WA8 8UT,S,N,F,WIDNES,HALTON,HALTON,2020,4,11.4616427
170000,30/04/2020,WA5 3LZ,S,N,F,WARRINGTON,WARRINGTON,WARRINGTON,2020,4,12.0435596
100000,19/06/2020,CW1 4SW,S,N,F,CREWE,CHESHIRE EAST,CHESHIRE EAST,2020,6,11.51293546
75000,15/05/2020,CH64 6TX,F,N,L,NESTON,CHESHIRE WEST AND CHESTER,CHESHIRE WEST AND CHESTER,2020,5,11.22525673
255000,27/05/2020,CH2 2PB,D,N,F,CHESTER,CHESHIRE WEST AND CHESTER,CHESHIRE WEST AND CHESTER,2020,5,12.44902275
132000,27/05/2020,ST7 2PP,S,N,F,STOKE-ON-TRENT,CHESHIRE EAST,CHESHIRE EAST,2020,5,11.79056478
348000,19/06/2020,WA3 4EB,D,N,F,WARRINGTON,WARRINGTON,WARRINGTON,2020,6,12.75996063
170000,25/06/2020,CW5 8HW,S,N,F,NANTWICH,CHESHIRE EAST,CHESHIRE EAST,2020,6,12.0435596
365000,29/05/2020,CW6 9UN,S,N,F,TARPORLEY,CHESHIRE WEST AND CHESTER,CHESHIRE WEST AND CHESTER,2020,5,12.80765537
180000,29/05/2020,SK11 7DQ,S,N,F,MACCLESFIELD,CHESHIRE EAST,CHESHIRE EAST,2020,5,12.10071769
550000,06/03/2020,WA16 9DP,D,N,F,KNUTSFORD,CHESHIRE EAST,CHESHIRE EAST,2020,3,13.21767538
100000,12/06/2020,WA7 6DQ,S,N,F,RUNCORN,HALTON,HALTON,2020,6,11.51293546
172000,10/06/2020,CH66 2TT,S,N,F,ELLESMERE PORT,CHESHIRE WEST AND CHESTER,CHESHIRE WEST AND CHESTER,2020,6,12.05525557
130000,03/06/2020,SK9 5HT,F,N,L,WILMSLOW,CHESHIRE EAST,CHESHIRE EAST,2020,6,11.77529742
165000,19/06/2020,WA1 3DR,S,N,F,WARRINGTON,WARRINGTON,WARRINGTON,2020,6,12.01370681
238500,27/05/2020,CW1 5RN,D,N,F,CREWE,CHESHIRE EAST,CHESHIRE EAST,2020,5,12.38212878
481000,15/05/2020,SK12 1YH,D,N,F,STOCKPORT,CHESHIRE EAST,CHESHIRE EAST,2020,5,13.08362463
582000,01/06/2020,WA2 0RE,D,N,F,WARRINGTON,WARRINGTON,WARRINGTON,2020,6,13.27422744
282500,21/05/2020,CW6 0QD,S,N,F,TARPORLEY,CHESHIRE WEST AND CHESTER,CHESHIRE WEST AND CHESTER,2020,5,12.55143737
140000,29/05/2020,CW11 4JN,S,N,F,SANDBACH,CHESHIRE EAST,CHESHIRE EAST,2020,5,11.84940484
95000,03/07/2020,CW12 1JY,T,N,F,CONGLETON,CHESHIRE EAST,CHESHIRE EAST,2020,7,11.4616427
175000,03/07/2020,WA5 4HN,S,N,L,WARRINGTON,WARRINGTON,WARRINGTON,2020,7,12.07254697
285000,05/07/2020,CW11 4TU,D,N,F,SANDBACH,CHESHIRE EAST,CHESHIRE EAST,2020,7,12.56024797
145000,05/06/2020,WA7 5QQ,S,N,F,RUNCORN,HALTON,HALTON,2020,6,11.88449592
130000,16/06/2020,WA4 6PY,T,N,L,WARRINGTON,WARRINGTON,WARRINGTON,2020,6,11.77529742
315000,10/06/2020,SK9 4BA,S,N,F,WILMSLOW,CHESHIRE EAST,CHESHIRE EAST,2020,6,12.66033109
310000,26/05/2020,WA7 4XG,S,N,L,RUNCORN,HALTON,HALTON,2020,5,12.6443308
285000,05/06/2020,WA3 6UX,D,N,F,WARRINGTON,WARRINGTON,WARRINGTON,2020,6,12.56024797
187000,10/06/2020,CW1 4HQ,D,N,F,CREWE,CHESHIRE EAST,CHESHIRE EAST,2020,6,12.13886924
399000,05/06/2020,WA4 6DS,T,N,F,WARRINGTON,WARRINGTON,WARRINGTON,2020,6,12.8967192
165000,27/05/2020,PE6 7AX,T,N,F,PETERBOROUGH,CITY OF PETERBOROUGH,CITY OF PETERBOROUGH,2020,5,12.01370681
340000,26/06/2020,SG8 6AP,S,N,F,ROYSTON,SOUTH CAMBRIDGESHIRE,CAMBRIDGESHIRE,2020,6,12.73670384
455000,25/06/2020,CB25 0AN,D,N,F,CAMBRIDGE,EAST CAMBRIDGESHIRE,CAMBRIDGESHIRE,2020,6,13.0280549
380000,29/06/2020,PE28 4UE,S,N,F,HUNTINGDON,HUNTINGDONSHIRE,CAMBRIDGESHIRE,2020,6,12.84792916
325500,19/06/2020,CB22 3HT,T,N,F,CAMBRIDGE,SOUTH CAMBRIDGESHIRE,CAMBRIDGESHIRE,2020,6,12.69312081
220000,24/04/2020,PE6 7AX,S,N,F,PETERBOROUGH,CITY OF PETERBOROUGH,CITY OF PETERBOROUGH,2020,4,12.30138737
230000,28/05/2020,CB23 3AE,T,N,F,CAMBRIDGE,SOUTH CAMBRIDGESHIRE,CAMBRIDGESHIRE,2020,5,12.34583894
723000,30/06/2020,CB1 3QJ,S,N,F,CAMBRIDGE,CAMBRIDGE,CAMBRIDGESHIRE,2020,6,13.49116588
155000,15/06/2020,PE13 2HT,D,N,F,WISBECH,FENLAND,CAMBRIDGESHIRE,2020,6,11.95118685
350000,22/05/2020,PE19 6QY,T,N,F,ST NEOTS,HUNTINGDONSHIRE,CAMBRIDGESHIRE,2020,5,12.76569129
137500,21/05/2020,PE2 9AE,T,N,F,PETERBOROUGH,CITY OF PETERBOROUGH,CITY OF PETERBOROUGH,2020,5,11.83138647
580000,08/06/2020,CB1 2LG,T,N,F,CAMBRIDGE,CAMBRIDGE,CAMBRIDGESHIRE,2020,6,13.27078511
130000,29/05/2020,PE2 5PZ,F,N,L,PETERBOROUGH,CITY OF PETERBOROUGH,CITY OF PETERBOROUGH,2020,5,11.77529742
248000,19/06/2020,PE26 1HP,S,N,F,HUNTINGDON,HUNTINGDONSHIRE,CAMBRIDGESHIRE,2020,6,12.42118806
282500,27/05/2020,PE27 6TB,T,N,F,ST IVES,HUNTINGDONSHIRE,CAMBRIDGESHIRE,2020,5,12.55143737
225000,26/05/2020,PE3 9ES,S,N,F,PETERBOROUGH,CITY OF PETERBOROUGH,CITY OF PETERBOROUGH,2020,5,12.32386013
510000,23/06/2020,CB22 3BG,D,N,F,CAMBRIDGE,SOUTH CAMBRIDGESHIRE,CAMBRIDGESHIRE,2020,6,13.14216797
415000,26/06/2020,CB1 3LB,S,N,F,CAMBRIDGE,CAMBRIDGE,CAMBRIDGESHIRE,2020,6,12.93603621
185000,15/06/2020,PE1 3LD,S,N,F,PETERBOROUGH,CITY OF PETERBOROUGH,CITY OF PETERBOROUGH,2020,6,12.12811651
245000,03/06/2020,PE2 8GY,D,N,F,PETERBOROUGH,CITY OF PETERBOROUGH,CITY OF PETERBOROUGH,2020,6,12.40901757
190000,29/05/2020,PE15 9TP,T,N,F,MARCH,FENLAND,CAMBRIDGESHIRE,2020,5,12.15478461
300000,22/04/2020,PE19 6DL,T,N,F,ST NEOTS,HUNTINGDONSHIRE,CAMBRIDGESHIRE,2020,4,12.61154109
345000,20/03/2020,PE2 8HB,D,N,F,PETERBOROUGH,CITY OF PETERBOROUGH,CITY OF PETERBOROUGH,2020,3,12.75130259
270000,01/06/2020,CB4 2WR,F,N,L,CAMBRIDGE,SOUTH CAMBRIDGESHIRE,CAMBRIDGESHIRE,2020,6,12.50618094
445000,08/06/2020,CB1 3EX,T,N,F,CAMBRIDGE,CAMBRIDGE,CAMBRIDGESHIRE,2020,6,13.00583181
300000,26/06/2020,PE4 6LT,S,N,F,PETERBOROUGH,CITY OF PETERBOROUGH,CITY OF PETERBOROUGH,2020,6,12.61154109
525000,05/06/2020,CB24 3EX,D,N,F,CAMBRIDGE,SOUTH CAMBRIDGESHIRE,CAMBRIDGESHIRE,2020,6,13.17115545
178000,26/05/2020,CB23 3AE,D,N,L,CAMBRIDGE,SOUTH CAMBRIDGESHIRE,CAMBRIDGESHIRE,2020,5,12.08954445
296000,01/05/2020,PE3 6BY,D,N,F,PETERBOROUGH,CITY OF PETERBOROUGH,CITY OF PETERBOROUGH,2020,5,12.59811811
287000,26/06/2020,PE7 8JU,D,N,F,PETERBOROUGH,CITY OF PETERBOROUGH,CITY OF PETERBOROUGH,2020,6,12.56724098
200000,08/06/2020,PE7 0LZ,S,N,F,PETERBOROUGH,CITY OF PETERBOROUGH,CITY OF PETERBOROUGH,2020,6,12.20607765
135995,31/01/2020,TS6 0GA,T,Y,F,MIDDLESBROUGH,REDCAR AND CLEVELAND,REDCAR AND CLEVELAND,2020,1,11.82038075
163995,14/02/2020,TS5 8DJ,S,Y,F,MIDDLESBROUGH,MIDDLESBROUGH,MIDDLESBROUGH,2020,2,12.00759732
154995,09/03/2020,TS6 0GA,S,Y,F,MIDDLESBROUGH,REDCAR AND CLEVELAND,REDCAR AND CLEVELAND,2020,3,11.95115459
210000,05/03/2020,TS16 0BF,T,Y,F,STOCKTON-ON-TEES,STOCKTON-ON-TEES,STOCKTON-ON-TEES,2020,3,12.25486757
142495,28/02/2020,TS6 0GA,S,Y,F,MIDDLESBROUGH,REDCAR AND CLEVELAND,REDCAR AND CLEVELAND,2020,2,11.86706921
195500,26/03/2020,TS25 3FA,D,Y,F,HARTLEPOOL,HARTLEPOOL,HARTLEPOOL,2020,3,12.18332077
249995,27/03/2020,TS19 8GN,D,Y,F,STOCKTON-ON-TEES,STOCKTON-ON-TEES,STOCKTON-ON-TEES,2020,3,12.4292002
161950,23/03/2020,TS8 9GQ,S,Y,F,MIDDLESBROUGH,MIDDLESBROUGH,MIDDLESBROUGH,2020,3,11.9950491
249995,27/03/2020,TS19 8FT,D,Y,F,STOCKTON-ON-TEES,STOCKTON-ON-TEES,STOCKTON-ON-TEES,2020,3,12.4292002
163950,30/03/2020,TS8 9GQ,S,Y,F,MIDDLESBROUGH,MIDDLESBROUGH,MIDDLESBROUGH,2020,3,12.00732288
234950,30/03/2020,TS8 9GQ,D,Y,F,MIDDLESBROUGH,MIDDLESBROUGH,MIDDLESBROUGH,2020,3,12.36713226
239995,27/03/2020,TS19 8GQ,D,Y,F,STOCKTON-ON-TEES,STOCKTON-ON-TEES,STOCKTON-ON-TEES,2020,3,12.38837754
239995,27/03/2020,TS19 8GZ,D,Y,F,STOCKTON-ON-TEES,STOCKTON-ON-TEES,STOCKTON-ON-TEES,2020,3,12.38837754
289995,27/04/2020,TS7 8EN,D,Y,F,MIDDLESBROUGH,MIDDLESBROUGH,MIDDLESBROUGH,2020,4,12.57762241
234950,08/06/2020,TS15 9FU,D,Y,F,YARM,STOCKTON-ON-TEES,STOCKTON-ON-TEES,2020,6,12.36713226
389995,26/06/2020,TS7 8AX,D,Y,F,MIDDLESBROUGH,MIDDLESBROUGH,MIDDLESBROUGH,2020,6,12.87389176
289995,01/06/2020,TS7 8EN,D,Y,F,MIDDLESBROUGH,MIDDLESBROUGH,MIDDLESBROUGH,2020,6,12.57762241
161000,26/06/2020,TS10 5NN,T,N,F,REDCAR,REDCAR AND CLEVELAND,REDCAR AND CLEVELAND,2020,6,11.98916586
185000,22/05/2020,TS20 1SB,S,N,F,STOCKTON-ON-TEES,STOCKTON-ON-TEES,STOCKTON-ON-TEES,2020,5,12.12811651
176500,27/05/2020,TS16 0LG,S,N,F,STOCKTON-ON-TEES,STOCKTON-ON-TEES,STOCKTON-ON-TEES,2020,5,12.08108182
148000,19/03/2020,TS15 9QJ,S,N,F,YARM,STOCKTON-ON-TEES,STOCKTON-ON-TEES,2020,3,11.90497431
155000,29/05/2020,TS17 8HL,S,N,F,STOCKTON-ON-TEES,STOCKTON-ON-TEES,STOCKTON-ON-TEES,2020,5,11.95118685
83750,21/05/2020,TS13 4JF,T,N,F,SALTBURN-BY-THE-SEA,REDCAR AND CLEVELAND,REDCAR AND CLEVELAND,2020,5,11.33560339
210000,29/06/2020,TS8 9BB,D,N,F,MIDDLESBROUGH,MIDDLESBROUGH,MIDDLESBROUGH,2020,6,12.25486757
115000,08/06/2020,TS20 2QP,T,N,F,STOCKTON-ON-TEES,STOCKTON-ON-TEES,STOCKTON-ON-TEES,2020,6,11.6526961
33000,29/06/2020,TS19 0EU,T,N,F,STOCKTON-ON-TEES,STOCKTON-ON-TEES,STOCKTON-ON-TEES,2020,6,10.40429314
125000,11/06/2020,TS19 7SN,S,N,F,STOCKTON-ON-TEES,STOCKTON-ON-TEES,STOCKTON-ON-TEES,2020,6,11.73607702
36000,26/06/2020,TS12 3AD,T,N,F,SALTBURN-BY-THE-SEA,REDCAR AND CLEVELAND,REDCAR AND CLEVELAND,2020,6,10.49130199
57000,03/06/2020,TS11 8EH,T,N,F,REDCAR,REDCAR AND CLEVELAND,REDCAR AND CLEVELAND,2020,6,10.95082409
130000,19/06/2020,TS11 8HT,S,N,F,REDCAR,REDCAR AND CLEVELAND,REDCAR AND CLEVELAND,2020,6,11.77529742
107000,29/05/2020,WA8 8AS,T,N,F,WIDNES,HALTON,HALTON,2020,5,11.58059346
200000,25/06/2020,WA16 0NY,F,N,L,KNUTSFORD,CHESHIRE EAST,CHESHIRE EAST,2020,6,12.20607765
350000,19/06/2020,SK10 2TG,D,N,F,MACCLESFIELD,CHESHIRE EAST,CHESHIRE EAST,2020,6,12.76569129
104000,22/06/2020,CW1 4ES,S,N,F,CREWE,CHESHIRE EAST,CHESHIRE EAST,2020,6,11.55215579
127000,19/06/2020,CH1 5JF,T,N,F,CHESTER,CHESHIRE WEST AND CHESTER,CHESHIRE WEST AND CHESTER,2020,6,11.75195024
245000,16/06/2020,ST7 2JG,D,N,F,STOKE-ON-TRENT,CHESHIRE EAST,CHESHIRE EAST,2020,6,12.40901757
91000,01/06/2020,CW1 3BW,T,N,F,CREWE,CHESHIRE EAST,CHESHIRE EAST,2020,6,11.41862577
125000,15/05/2020,WA7 6QB,S,N,F,RUNCORN,HALTON,HALTON,2020,5,11.73607702
75500,26/06/2020,WA5 4JJ,T,N,F,WARRINGTON,WARRINGTON,WARRINGTON,2020,6,11.23190118
785000,15/06/2020,SK10 2HG,D,N,F,MACCLESFIELD,CHESHIRE EAST,CHESHIRE EAST,2020,6,13.57344027
380000,22/05/2020,CH3 6SD,D,N,F,CHESTER,CHESHIRE WEST AND CHESTER,CHESHIRE WEST AND CHESTER,2020,5,12.84792916
194190,22/05/2020,CH61 1BG,S,N,F,WIRRAL,WIRRAL,MERSEYSIDE,2020,5,12.17659749
192000,12/06/2020,WA8 3HH,T,N,F,WIDNES,HALTON,HALTON,2020,6,12.16525586
130000,19/06/2020,ST7 2XT,S,N,F,STOKE-ON-TRENT,CHESHIRE EAST,CHESHIRE EAST,2020,6,11.77529742
235000,04/06/2020,CH66 3PD,D,N,F,ELLESMERE PORT,CHESHIRE WEST AND CHESTER,CHESHIRE WEST AND CHESTER,2020,6,12.36734505
170000,29/05/2020,WA5 3JL,S,N,F,WARRINGTON,WARRINGTON,WARRINGTON,2020,5,12.0435596
247500,22/05/2020,SK9 4DS,S,N,F,WILMSLOW,CHESHIRE EAST,CHESHIRE EAST,2020,5,12.4191699
430000,29/05/2020,WA16 6TT,D,N,F,KNUTSFORD,CHESHIRE EAST,CHESHIRE EAST,2020,5,12.97154281
82000,22/05/2020,WA8 8QB,T,N,L,WIDNES,HALTON,HALTON,2020,5,11.31448672
129000,03/07/2020,CW1 5YQ,S,N,F,CREWE,CHESHIRE EAST,CHESHIRE EAST,2020,7,11.76757544
325000,18/06/2020,SK11 8JG,S,N,L,MACCLESFIELD,CHESHIRE EAST,CHESHIRE EAST,2020,6,12.69158354
105000,12/06/2020,WA5 0NF,T,N,L,WARRINGTON,WARRINGTON,WARRINGTON,2020,6,11.56172515
310000,27/05/2020,CW4 8LS,D,N,F,CREWE,CHESHIRE EAST,CHESHIRE EAST,2020,5,12.6443308
205000,20/05/2020,CW1 4PZ,D,N,F,CREWE,CHESHIRE EAST,CHESHIRE EAST,2020,5,12.23077014
135000,30/04/2020,WA8 6HL,S,N,F,WIDNES,HALTON,HALTON,2020,4,11.81303746
695000,26/05/2020,CH64 4AZ,D,N,F,NESTON,CHESHIRE WEST AND CHESTER,CHESHIRE WEST AND CHESTER,2020,5,13.45166856
142500,27/03/2020,CH1 5PP,S,N,F,CHESTER,CHESHIRE WEST AND CHESTER,CHESHIRE WEST AND CHESTER,2020,3,11.8671043
127000,03/06/2020,CW5 5QB,T,N,F,NANTWICH,CHESHIRE EAST,CHESHIRE EAST,2020,6,11.75195024
230000,15/05/2020,WA13 9HZ,S,N,L,LYMM,WARRINGTON,WARRINGTON,2020,5,12.34583894
205000,20/05/2020,WA5 2QF,S,N,F,WARRINGTON,WARRINGTON,WARRINGTON,2020,5,12.23077014
72000,10/06/2020,WA1 3QT,T,N,L,WARRINGTON,WARRINGTON,WARRINGTON,2020,6,11.18443529
487500,15/05/2020,CW12 3UB,D,N,F,CONGLETON,CHESHIRE EAST,CHESHIRE EAST,2020,5,13.09704762
81000,19/06/2020,WA5 4HJ,T,N,L,WARRINGTON,WARRINGTON,WARRINGTON,2020,6,11.30221678
242500,05/06/2020,PE7 0LZ,D,N,F,PETERBOROUGH,CITY OF PETERBOROUGH,CITY OF PETERBOROUGH,2020,6,12.39876111
475000,03/06/2020,CB2 9PS,S,N,F,CAMBRIDGE,CAMBRIDGE,CAMBRIDGESHIRE,2020,6,13.07107219
418000,05/06/2020,CB2 9PN,S,N,F,CAMBRIDGE,CAMBRIDGE,CAMBRIDGESHIRE,2020,6,12.9432391
895000,19/06/2020,CB1 7UF,T,N,F,CAMBRIDGE,CAMBRIDGE,CAMBRIDGESHIRE,2020,6,13.70458011
201000,27/03/2020,PE2 8TD,S,N,F,PETERBOROUGH,CITY OF PETERBOROUGH,CITY OF PETERBOROUGH,2020,3,12.21106516
139000,29/05/2020,PE3 9QP,F,N,L,PETERBOROUGH,CITY OF PETERBOROUGH,CITY OF PETERBOROUGH,2020,5,11.84223641
68000,31/03/2020,PE4 6BL,T,N,L,PETERBOROUGH,CITY OF PETERBOROUGH,CITY OF PETERBOROUGH,2020,3,11.12727769
595000,10/06/2020,CB2 8RA,F,N,L,CAMBRIDGE,CAMBRIDGE,CAMBRIDGESHIRE,2020,6,13.29631837
57000,11/06/2020,PE13 1EH,F,N,L,WISBECH,FENLAND,CAMBRIDGESHIRE,2020,6,10.95082409
128000,29/05/2020,PE1 5BL,F,N,L,PETERBOROUGH,CITY OF PETERBOROUGH,CITY OF PETERBOROUGH,2020,5,11.75979336
172500,05/06/2020,PE29 1HX,F,N,L,HUNTINGDON,HUNTINGDONSHIRE,CAMBRIDGESHIRE,2020,6,12.05815831
475000,25/03/2020,CB24 9NW,D,N,F,CAMBRIDGE,SOUTH CAMBRIDGESHIRE,CAMBRIDGESHIRE,2020,3,13.07107219
297500,25/03/2020,PE3 6SL,S,N,F,PETERBOROUGH,CITY OF PETERBOROUGH,CITY OF PETERBOROUGH,2020,3,12.60317287
226000,15/05/2020,CB7 5EE,T,N,F,ELY,EAST CAMBRIDGESHIRE,CAMBRIDGESHIRE,2020,5,12.3282947
485000,12/06/2020,CB4 3JX,D,N,F,CAMBRIDGE,CAMBRIDGE,CAMBRIDGESHIRE,2020,6,13.09190623
164000,29/04/2020,PE7 1QZ,T,N,F,PETERBOROUGH,FENLAND,CAMBRIDGESHIRE,2020,4,12.0076278
292000,05/02/2020,CB23 3AR,S,N,F,CAMBRIDGE,SOUTH CAMBRIDGESHIRE,CAMBRIDGESHIRE,2020,2,12.58451251
330000,19/06/2020,CB21 6AE,S,N,F,CAMBRIDGE,SOUTH CAMBRIDGESHIRE,CAMBRIDGESHIRE,2020,6,12.70685096
229950,01/06/2020,CB6 3SA,S,N,F,ELY,EAST CAMBRIDGESHIRE,CAMBRIDGESHIRE,2020,6,12.34562152
320000,28/05/2020,PE19 8JQ,D,N,F,ST NEOTS,HUNTINGDONSHIRE,CAMBRIDGESHIRE,2020,5,12.6760794
200000,28/05/2020,PE19 6BU,F,N,L,ST NEOTS,HUNTINGDONSHIRE,CAMBRIDGESHIRE,2020,5,12.20607765
535000,26/06/2020,CB23 3AB,D,N,F,CAMBRIDGE,SOUTH CAMBRIDGESHIRE,CAMBRIDGESHIRE,2020,6,13.1900239
172500,05/06/2020,PE3 6DD,T,N,F,PETERBOROUGH,CITY OF PETERBOROUGH,CITY OF PETERBOROUGH,2020,6,12.05815831
156000,22/05/2020,PE19 2LE,F,N,L,ST NEOTS,HUNTINGDONSHIRE,CAMBRIDGESHIRE,2020,5,11.9576177
235000,01/07/2020,PE19 2BZ,F,N,L,ST NEOTS,HUNTINGDONSHIRE,CAMBRIDGESHIRE,2020,7,12.36734505
335000,12/06/2020,CB24 8AP,T,N,F,CAMBRIDGE,SOUTH CAMBRIDGESHIRE,CAMBRIDGESHIRE,2020,6,12.7218888
1780000,31/03/2020,CB2 9DL,S,N,F,CAMBRIDGE,CAMBRIDGE,CAMBRIDGESHIRE,2020,3,14.39212448
210000,12/05/2020,CB24 8AP,S,N,L,CAMBRIDGE,SOUTH CAMBRIDGESHIRE,CAMBRIDGESHIRE,2020,5,12.25486757
379950,21/05/2020,CB22 5FH,T,N,F,CAMBRIDGE,SOUTH CAMBRIDGESHIRE,CAMBRIDGESHIRE,2020,5,12.84779758
199000,30/04/2020,PE4 7BZ,S,N,F,PETERBOROUGH,CITY OF PETERBOROUGH,CITY OF PETERBOROUGH,2020,4,12.20106513
465000,27/05/2020,CB5 8RN,S,N,F,CAMBRIDGE,CAMBRIDGE,CAMBRIDGESHIRE,2020,5,13.04979484
118500,03/06/2020,TS11 6BD,S,N,F,REDCAR,REDCAR AND CLEVELAND,REDCAR AND CLEVELAND,2020,6,11.68267668
240000,12/06/2020,TS5 5BY,S,N,F,MIDDLESBROUGH,MIDDLESBROUGH,MIDDLESBROUGH,2020,6,12.38839837
225000,15/05/2020,TS10 3RL,D,N,F,REDCAR,REDCAR AND CLEVELAND,REDCAR AND CLEVELAND,2020,5,12.32386013
54000,03/04/2020,TS18 4DH,T,N,F,STOCKTON-ON-TEES,STOCKTON-ON-TEES,STOCKTON-ON-TEES,2020,4,10.89675784
54250,12/06/2020,TS1 3NA,T,N,F,MIDDLESBROUGH,MIDDLESBROUGH,MIDDLESBROUGH,2020,6,10.9013767
85000,26/06/2020,TS12 2SH,T,N,F,SALTBURN-BY-THE-SEA,REDCAR AND CLEVELAND,REDCAR AND CLEVELAND,2020,6,11.3504183
186000,03/07/2020,TS14 8LH,T,N,F,GUISBOROUGH,REDCAR AND CLEVELAND,REDCAR AND CLEVELAND,2020,7,12.13350733
150000,22/05/2020,TS19 7SJ,S,N,F,STOCKTON-ON-TEES,STOCKTON-ON-TEES,STOCKTON-ON-TEES,2020,5,11.91839724
215000,05/06/2020,TS14 8JU,D,N,F,GUISBOROUGH,REDCAR AND CLEVELAND,REDCAR AND CLEVELAND,2020,6,12.27839796
150000,08/06/2020,TS15 9TB,D,N,F,YARM,STOCKTON-ON-TEES,STOCKTON-ON-TEES,2020,6,11.91839724
150000,07/05/2020,TS20 1JN,T,N,F,STOCKTON-ON-TEES,STOCKTON-ON-TEES,STOCKTON-ON-TEES,2020,5,11.91839724
312500,12/06/2020,TS14 7AE,D,N,F,GUISBOROUGH,REDCAR AND CLEVELAND,REDCAR AND CLEVELAND,2020,6,12.65236295
50000,03/07/2020,TS1 4PP,T,N,F,MIDDLESBROUGH,MIDDLESBROUGH,MIDDLESBROUGH,2020,7,10.81979828
176500,12/06/2020,TS25 1AL,S,N,F,HARTLEPOOL,HARTLEPOOL,HARTLEPOOL,2020,6,12.08108182
120000,11/06/2020,TS6 9LZ,S,N,F,MIDDLESBROUGH,REDCAR AND CLEVELAND,REDCAR AND CLEVELAND,2020,6,11.69525536
265000,06/03/2020,TS12 2PS,T,N,F,SALTBURN-BY-THE-SEA,REDCAR AND CLEVELAND,REDCAR AND CLEVELAND,2020,3,12.48748888
175000,28/04/2020,TS16 0HJ,S,N,F,STOCKTON-ON-TEES,STOCKTON-ON-TEES,STOCKTON-ON-TEES,2020,4,12.07254697
48500,22/05/2020,TS20 1HT,F,N,L,STOCKTON-ON-TEES,STOCKTON-ON-TEES,STOCKTON-ON-TEES,2020,5,10.7893397
108000,27/03/2020,TS6 9JP,S,N,F,MIDDLESBROUGH,REDCAR AND CLEVELAND,REDCAR AND CLEVELAND,2020,3,11.58989577
200000,05/06/2020,TS14 8EZ,D,N,F,GUISBOROUGH,REDCAR AND CLEVELAND,REDCAR AND CLEVELAND,2020,6,12.20607765
290000,01/06/2020,TS10 4NJ,D,N,F,REDCAR,REDCAR AND CLEVELAND,REDCAR AND CLEVELAND,2020,6,12.57763965
90000,24/04/2020,TS6 9NE,S,N,F,MIDDLESBROUGH,REDCAR AND CLEVELAND,REDCAR AND CLEVELAND,2020,4,11.40757606
122000,18/05/2020,TS6 9JP,S,N,F,MIDDLESBROUGH,REDCAR AND CLEVELAND,REDCAR AND CLEVELAND,2020,5,11.71178452
81000,11/05/2020,TS14 6EQ,T,N,F,GUISBOROUGH,REDCAR AND CLEVELAND,REDCAR AND CLEVELAND,2020,5,11.30221678
285000,26/06/2020,TS10 3AP,T,N,F,REDCAR,REDCAR AND CLEVELAND,REDCAR AND CLEVELAND,2020,6,12.56024797
102000,01/06/2020,TS13 4BP,T,N,F,SALTBURN-BY-THE-SEA,REDCAR AND CLEVELAND,REDCAR AND CLEVELAND,2020,6,11.5327379
235000,16/04/2020,TS5 6RL,S,N,F,MIDDLESBROUGH,MIDDLESBROUGH,MIDDLESBROUGH,2020,4,12.36734505
215000,27/05/2020,TS19 7QZ,D,N,F,STOCKTON-ON-TEES,STOCKTON-ON-TEES,STOCKTON-ON-TEES,2020,5,12.27839796
121000,01/06/2020,TS19 7SN,S,N,F,STOCKTON-ON-TEES,STOCKTON-ON-TEES,STOCKTON-ON-TEES,2020,6,11.70355409
64300,29/05/2020,TS24 8JW,T,N,F,HARTLEPOOL,HARTLEPOOL,HARTLEPOOL,2020,5,11.07133046
118000,22/05/2020,TS23 3XH,D,N,F,BILLINGHAM,STOCKTON-ON-TEES,STOCKTON-ON-TEES,2020,5,11.67844838
227500,22/05/2020,TS24 0QR,T,N,F,HARTLEPOOL,HARTLEPOOL,HARTLEPOOL,2020,5,12.33490991
133000,08/06/2020,TS6 9HY,S,N,F,MIDDLESBROUGH,REDCAR AND CLEVELAND,REDCAR AND CLEVELAND,2020,6,11.79811193
220750,11/06/2020,CW1 4RY,D,N,F,CREWE,CHESHIRE EAST,CHESHIRE EAST,2020,6,12.30479065
140000,12/06/2020,ST7 3ES,T,N,F,STOKE-ON-TRENT,CHESHIRE EAST,CHESHIRE EAST,2020,6,11.84940484
271500,08/06/2020,CH3 5QW,S,N,F,CHESTER,CHESHIRE WEST AND CHESTER,CHESHIRE WEST AND CHESTER,2020,6,12.5117211
210000,26/06/2020,CW5 7BY,S,N,F,NANTWICH,CHESHIRE EAST,CHESHIRE EAST,2020,6,12.25486757
225000,19/06/2020,WA1 4JG,S,N,F,WARRINGTON,WARRINGTON,WARRINGTON,2020,6,12.32386013
143000,02/06/2020,CH66 3TB,T,N,F,ELLESMERE PORT,CHESHIRE WEST AND CHESTER,CHESHIRE WEST AND CHESTER,2020,6,11.8706069
112500,11/06/2020,CW2 8TQ,S,N,F,CREWE,CHESHIRE EAST,CHESHIRE EAST,2020,6,11.63071739
130000,02/06/2020,CH66 3TB,T,N,F,ELLESMERE PORT,CHESHIRE WEST AND CHESTER,CHESHIRE WEST AND CHESTER,2020,6,11.77529742
178000,07/05/2020,CW1 5YQ,D,N,F,CREWE,CHESHIRE EAST,CHESHIRE EAST,2020,5,12.08954445
255000,29/05/2020,CW2 6TS,D,N,F,CREWE,CHESHIRE EAST,CHESHIRE EAST,2020,5,12.44902275
90000,12/06/2020,WA5 9SL,F,N,F,WARRINGTON,WARRINGTON,WARRINGTON,2020,6,11.40757606
122500,26/06/2020,CH66 4RP,D,N,F,ELLESMERE PORT,CHESHIRE WEST AND CHESTER,CHESHIRE WEST AND CHESTER,2020,6,11.71587447
93000,11/06/2020,SK11 8HQ,F,N,L,MACCLESFIELD,CHESHIRE EAST,CHESHIRE EAST,2020,6,11.44036552
387500,05/06/2020,CH2 3RL,S,N,F,CHESTER,CHESHIRE WEST AND CHESTER,CHESHIRE WEST AND CHESTER,2020,6,12.86747371
120000,29/05/2020,CH65 9EP,T,N,F,ELLESMERE PORT,CHESHIRE WEST AND CHESTER,CHESHIRE WEST AND CHESTER,2020,5,11.69525536
185500,29/05/2020,WA5 2HS,S,N,F,WARRINGTON,WARRINGTON,WARRINGTON,2020,5,12.13081555
70000,02/06/2020,CH44 9BA,T,N,F,WALLASEY,WIRRAL,MERSEYSIDE,2020,6,11.15626481
147000,22/05/2020,CH4 9AG,T,N,F,CHESTER,CHESHIRE WEST AND CHESTER,CHESHIRE WEST AND CHESTER,2020,5,11.89819467
67185,17/04/2020,WA7 6LN,T,N,F,RUNCORN,HALTON,HALTON,2020,4,11.11522017
85000,02/06/2020,CW1 3JL,T,N,F,CREWE,CHESHIRE EAST,CHESHIRE EAST,2020,6,11.3504183
301000,26/06/2020,CH2 3RH,S,N,F,CHESTER,CHESHIRE WEST AND CHESTER,CHESHIRE WEST AND CHESTER,2020,6,12.61486887
135000,22/05/2020,CH65 7DF,S,N,F,ELLESMERE PORT,CHESHIRE WEST AND CHESTER,CHESHIRE WEST AND CHESTER,2020,5,11.81303746
153000,29/05/2020,SK11 8TB,T,N,F,MACCLESFIELD,CHESHIRE EAST,CHESHIRE EAST,2020,5,11.93819974
320000,15/06/2020,SK10 2JY,D,N,F,MACCLESFIELD,CHESHIRE EAST,CHESHIRE EAST,2020,6,12.6760794
270000,19/06/2020,SK9 4DG,S,N,F,WILMSLOW,CHESHIRE EAST,CHESHIRE EAST,2020,6,12.50618094
135000,13/03/2020,CH42 9JD,S,N,F,BIRKENHEAD,WIRRAL,MERSEYSIDE,2020,3,11.81303746
335000,29/06/2020,CW4 8HG,S,N,F,CREWE,CHESHIRE EAST,CHESHIRE EAST,2020,6,12.7218888
115000,04/05/2020,CW7 1LQ,S,N,F,WINSFORD,CHESHIRE WEST AND CHESTER,CHESHIRE WEST AND CHESTER,2020,5,11.6526961
289250,03/01/2020,SK4 5HF,T,N,F,STOCKPORT,STOCKPORT,GREATER MANCHESTER,2020,1,12.5750501
463500,19/06/2020,CH3 8DL,D,N,F,CHESTER,CHESHIRE WEST AND CHESTER,CHESHIRE WEST AND CHESTER,2020,6,13.04656382
82000,12/06/2020,CW1 4DE,T,N,F,CREWE,CHESHIRE EAST,CHESHIRE EAST,2020,6,11.31448672
259950,19/06/2020,PE26 2QW,D,N,F,HUNTINGDON,HUNTINGDONSHIRE,CAMBRIDGESHIRE,2020,6,12.46824843
108500,07/05/2020,PE28 5BP,S,N,L,HUNTINGDON,HUNTINGDONSHIRE,CAMBRIDGESHIRE,2020,5,11.59451467
280000,26/05/2020,PE2 9FQ,D,N,L,PETERBOROUGH,CITY OF PETERBOROUGH,CITY OF PETERBOROUGH,2020,5,12.54254845
281000,15/06/2020,CB7 5TU,S,N,F,ELY,EAST CAMBRIDGESHIRE,CAMBRIDGESHIRE,2020,6,12.54611351
140000,29/05/2020,PE26 1AR,S,N,F,HUNTINGDON,HUNTINGDONSHIRE,CAMBRIDGESHIRE,2020,5,11.84940484
175000,22/06/2020,PE2 9SW,S,N,F,PETERBOROUGH,CITY OF PETERBOROUGH,CITY OF PETERBOROUGH,2020,6,12.07254697
190000,26/06/2020,PE15 9TG,S,N,F,MARCH,FENLAND,CAMBRIDGESHIRE,2020,6,12.15478461
610000,17/06/2020,CB2 9EW,S,N,F,CAMBRIDGE,CAMBRIDGE,CAMBRIDGESHIRE,2020,6,13.32121588
175000,03/06/2020,PE29 3PD,F,N,L,HUNTINGDON,HUNTINGDONSHIRE,CAMBRIDGESHIRE,2020,6,12.07254697
550000,19/06/2020,CB22 5FW,D,N,F,CAMBRIDGE,SOUTH CAMBRIDGESHIRE,CAMBRIDGESHIRE,2020,6,13.21767538
525000,12/06/2020,PE8 6JX,D,N,F,PETERBOROUGH,HUNTINGDONSHIRE,CAMBRIDGESHIRE,2020,6,13.17115545
190000,29/05/2020,PE7 3DW,T,N,F,PETERBOROUGH,CITY OF PETERBOROUGH,CITY OF PETERBOROUGH,2020,5,12.15478461
393000,17/06/2020,CB2 9EF,F,N,L,CAMBRIDGE,CAMBRIDGE,CAMBRIDGESHIRE,2020,6,12.88156744
462500,04/06/2020,CB22 5DP,T,N,F,CAMBRIDGE,SOUTH CAMBRIDGESHIRE,CAMBRIDGESHIRE,2020,6,13.044404
245995,29/05/2020,CB24 8RB,S,N,F,CAMBRIDGE,SOUTH CAMBRIDGESHIRE,CAMBRIDGESHIRE,2020,5,12.41307055
230000,19/06/2020,PE6 0TR,D,N,F,PETERBOROUGH,CITY OF PETERBOROUGH,CITY OF PETERBOROUGH,2020,6,12.34583894
230000,29/05/2020,PE6 0SN,S,N,F,PETERBOROUGH,CITY OF PETERBOROUGH,CITY OF PETERBOROUGH,2020,5,12.34583894
190000,18/05/2020,PE2 8TD,S,N,F,PETERBOROUGH,CITY OF PETERBOROUGH,CITY OF PETERBOROUGH,2020,5,12.15478461
640000,19/06/2020,CB2 9EW,D,N,F,CAMBRIDGE,CAMBRIDGE,CAMBRIDGESHIRE,2020,6,13.36922502
340000,28/05/2020,PE15 9PR,D,N,F,MARCH,FENLAND,CAMBRIDGESHIRE,2020,5,12.73670384
400000,22/06/2020,PE27 6TB,D,N,F,ST IVES,HUNTINGDONSHIRE,CAMBRIDGESHIRE,2020,6,12.89922233
225000,22/05/2020,PE4 7YA,D,N,F,PETERBOROUGH,CITY OF PETERBOROUGH,CITY OF PETERBOROUGH,2020,5,12.32386013
335000,08/06/2020,PE2 8BU,D,N,F,PETERBOROUGH,CITY OF PETERBOROUGH,CITY OF PETERBOROUGH,2020,6,12.7218888
260000,28/05/2020,CB6 1HS,S,N,F,ELY,EAST CAMBRIDGESHIRE,CAMBRIDGESHIRE,2020,5,12.46844076
223000,04/06/2020,PE6 7LD,S,N,F,PETERBOROUGH,CITY OF PETERBOROUGH,CITY OF PETERBOROUGH,2020,6,12.31493153
77000,20/05/2020,PE1 2GA,F,N,L,PETERBOROUGH,CITY OF PETERBOROUGH,CITY OF PETERBOROUGH,2020,5,11.25157369
260000,05/06/2020,PE28 0UT,D,N,F,HUNTINGDON,HUNTINGDONSHIRE,CAMBRIDGESHIRE,2020,6,12.46844076
177500,29/04/2020,PE6 7RA,S,N,F,PETERBOROUGH,CITY OF PETERBOROUGH,CITY OF PETERBOROUGH,2020,4,12.08673152
168000,12/06/2020,CB6 1NZ,T,N,F,ELY,EAST CAMBRIDGESHIRE,CAMBRIDGESHIRE,2020,6,12.03172521
520500,28/05/2020,CB6 3RY,D,N,F,ELY,EAST CAMBRIDGESHIRE,CAMBRIDGESHIRE,2020,5,13.16254709
487500,22/06/2020,CB6 3GH,D,N,F,ELY,EAST CAMBRIDGESHIRE,CAMBRIDGESHIRE,2020,6,13.09704762
158000,05/06/2020,TS20 1QZ,S,N,F,STOCKTON-ON-TEES,STOCKTON-ON-TEES,STOCKTON-ON-TEES,2020,6,11.97035664
158000,01/07/2020,TS24 9RT,S,N,F,HARTLEPOOL,HARTLEPOOL,HARTLEPOOL,2020,7,11.97035664
117000,19/05/2020,TS14 7PE,S,N,F,GUISBOROUGH,REDCAR AND CLEVELAND,REDCAR AND CLEVELAND,2020,5,11.66993776
195000,29/05/2020,TS22 5RQ,D,N,F,BILLINGHAM,STOCKTON-ON-TEES,STOCKTON-ON-TEES,2020,5,12.18075997
85000,12/06/2020,TS20 2TE,T,N,F,STOCKTON-ON-TEES,STOCKTON-ON-TEES,STOCKTON-ON-TEES,2020,6,11.3504183
137000,12/06/2020,TS15 9TN,D,N,F,YARM,STOCKTON-ON-TEES,STOCKTON-ON-TEES,2020,6,11.8277435
545000,29/05/2020,TS26 0BT,D,N,F,HARTLEPOOL,HARTLEPOOL,HARTLEPOOL,2020,5,13.20854291
125000,04/06/2020,TS13 4LB,T,N,F,SALTBURN-BY-THE-SEA,REDCAR AND CLEVELAND,REDCAR AND CLEVELAND,2020,6,11.73607702
77000,29/05/2020,TS19 0PL,S,N,F,STOCKTON-ON-TEES,STOCKTON-ON-TEES,STOCKTON-ON-TEES,2020,5,11.25157369
80000,15/05/2020,TS10 2BS,S,N,F,REDCAR,REDCAR AND CLEVELAND,REDCAR AND CLEVELAND,2020,5,11.28979441
90000,08/06/2020,TS25 5DZ,T,N,F,HARTLEPOOL,HARTLEPOOL,HARTLEPOOL,2020,6,11.40757606
113000,18/05/2020,TS19 9BH,S,N,F,STOCKTON-ON-TEES,STOCKTON-ON-TEES,STOCKTON-ON-TEES,2020,5,11.63515195
74000,15/05/2020,TS4 3HA,S,N,F,MIDDLESBROUGH,MIDDLESBROUGH,MIDDLESBROUGH,2020,5,11.21183389
140000,22/05/2020,TS23 3QF,S,N,F,BILLINGHAM,STOCKTON-ON-TEES,STOCKTON-ON-TEES,2020,5,11.84940484
255000,12/06/2020,TS26 0PE,D,N,F,HARTLEPOOL,HARTLEPOOL,HARTLEPOOL,2020,6,12.44902275
69500,08/06/2020,TS14 6NX,T,N,F,GUISBOROUGH,REDCAR AND CLEVELAND,REDCAR AND CLEVELAND,2020,6,11.14909642
60000,12/06/2020,TS25 3RZ,T,N,F,HARTLEPOOL,HARTLEPOOL,HARTLEPOOL,2020,6,11.00211651
82500,26/06/2020,TS23 4AE,T,N,F,BILLINGHAM,STOCKTON-ON-TEES,STOCKTON-ON-TEES,2020,6,11.32056569
80000,01/06/2020,TS13 4PL,T,N,F,SALTBURN-BY-THE-SEA,REDCAR AND CLEVELAND,REDCAR AND CLEVELAND,2020,6,11.28979441
85000,01/06/2020,TS20 1BA,S,N,F,STOCKTON-ON-TEES,STOCKTON-ON-TEES,STOCKTON-ON-TEES,2020,6,11.3504183
39999,23/06/2020,TS3 8LA,T,N,F,MIDDLESBROUGH,MIDDLESBROUGH,MIDDLESBROUGH,2020,6,10.59663473
67000,15/05/2020,TS3 0QA,T,N,F,MIDDLESBROUGH,MIDDLESBROUGH,MIDDLESBROUGH,2020,5,11.11246282
85000,22/05/2020,TS23 3DU,S,N,F,BILLINGHAM,STOCKTON-ON-TEES,STOCKTON-ON-TEES,2020,5,11.3504183
114000,08/06/2020,TS27 3QR,S,N,F,HARTLEPOOL,HARTLEPOOL,HARTLEPOOL,2020,6,11.6439625
65000,30/06/2020,TS25 5EW,T,N,F,HARTLEPOOL,HARTLEPOOL,HARTLEPOOL,2020,6,11.08215793
62000,22/05/2020,TS17 9JB,T,N,F,STOCKTON-ON-TEES,STOCKTON-ON-TEES,STOCKTON-ON-TEES,2020,5,11.03490579
358500,04/09/2020,HP14 3JU,T,N,F,HIGH WYCOMBE,BUCKINGHAMSHIRE,BUCKINGHAMSHIRE,2020,9,12.78968673
135500,29/05/2020,TS23 2TD,D,N,F,BILLINGHAM,STOCKTON-ON-TEES,STOCKTON-ON-TEES,2020,5,11.8167343
105000,30/04/2020,TS5 6LJ,S,N,F,MIDDLESBROUGH,MIDDLESBROUGH,MIDDLESBROUGH,2020,4,11.56172515
110000,19/06/2020,TS25 2HN,S,N,F,HARTLEPOOL,HARTLEPOOL,HARTLEPOOL,2020,6,11.60824474
87000,01/06/2020,TS19 0BB,S,N,F,STOCKTON-ON-TEES,STOCKTON-ON-TEES,STOCKTON-ON-TEES,2020,6,11.37367489
75000,01/05/2020,TS1 3JB,T,N,F,MIDDLESBROUGH,MIDDLESBROUGH,MIDDLESBROUGH,2020,5,11.22525673
125000,29/05/2020,TS23 1DZ,T,N,F,BILLINGHAM,STOCKTON-ON-TEES,STOCKTON-ON-TEES,2020,5,11.73607702
102500,28/05/2020,CW9 7AG,T,N,F,NORTHWICH,CHESHIRE WEST AND CHESTER,CHESHIRE WEST AND CHESTER,2020,5,11.53762783
125750,08/06/2020,WA1 3AY,S,N,F,WARRINGTON,WARRINGTON,WARRINGTON,2020,6,11.74205904
900000,22/06/2020,SY14 8AX,D,N,F,MALPAS,CHESHIRE EAST,CHESHIRE EAST,2020,6,13.71015115
198000,26/05/2020,WA5 9YX,D,N,F,WARRINGTON,WARRINGTON,WARRINGTON,2020,5,12.19602736
71500,24/06/2020,WA8 7NU,F,N,L,WIDNES,HALTON,HALTON,2020,6,11.17746671
425000,22/05/2020,CW5 7BH,S,N,F,NANTWICH,CHESHIRE EAST,CHESHIRE EAST,2020,5,12.9598468
195000,29/05/2020,CH2 3LQ,S,N,F,CHESTER,CHESHIRE WEST AND CHESTER,CHESHIRE WEST AND CHESTER,2020,5,12.18075997
159000,19/06/2020,CW1 4RY,D,N,F,CREWE,CHESHIRE EAST,CHESHIRE EAST,2020,6,11.97666577
269950,22/05/2020,SK10 3DL,D,N,F,MACCLESFIELD,CHESHIRE EAST,CHESHIRE EAST,2020,5,12.50599574
97000,19/06/2020,CW2 8TN,T,N,F,CREWE,CHESHIRE EAST,CHESHIRE EAST,2020,6,11.48247657
222000,19/06/2020,CH66 2GQ,D,N,F,ELLESMERE PORT,CHESHIRE WEST AND CHESTER,CHESHIRE WEST AND CHESTER,2020,6,12.31043717
150000,22/05/2020,CW2 5AX,S,N,F,CREWE,CHESHIRE EAST,CHESHIRE EAST,2020,5,11.91839724
95000,26/06/2020,CW1 3JL,S,N,F,CREWE,CHESHIRE EAST,CHESHIRE EAST,2020,6,11.4616427
190000,15/05/2020,CH2 2PP,S,N,F,CHESTER,CHESHIRE WEST AND CHESTER,CHESHIRE WEST AND CHESTER,2020,5,12.15478461
415000,11/06/2020,SK10 3RW,D,N,L,MACCLESFIELD,CHESHIRE EAST,CHESHIRE EAST,2020,6,12.93603621
183000,22/05/2020,WA3 6LJ,T,N,F,WARRINGTON,WARRINGTON,WARRINGTON,2020,5,12.1172469
269950,26/05/2020,WA5 2SJ,D,N,F,WARRINGTON,WARRINGTON,WARRINGTON,2020,5,12.50599574
110000,29/05/2020,WA2 7PX,T,N,L,WARRINGTON,WARRINGTON,WARRINGTON,2020,5,11.60824474
162000,26/06/2020,CW5 5NW,S,N,F,NANTWICH,CHESHIRE EAST,CHESHIRE EAST,2020,6,11.99535779
85000,09/06/2020,WA7 2EE,S,N,F,RUNCORN,HALTON,HALTON,2020,6,11.3504183
427500,03/07/2020,CW8 2FG,D,N,F,NORTHWICH,CHESHIRE WEST AND CHESTER,CHESHIRE WEST AND CHESTER,2020,7,12.96571191
225000,01/06/2020,WA5 2TH,D,N,F,WARRINGTON,WARRINGTON,WARRINGTON,2020,6,12.32386013
91000,29/05/2020,WA2 9DW,T,N,F,WARRINGTON,WARRINGTON,WARRINGTON,2020,5,11.41862577
163000,22/05/2020,CH49 5NG,S,N,F,WIRRAL,WIRRAL,MERSEYSIDE,2020,5,12.00151161
190000,22/05/2020,CW1 3PX,D,N,F,CREWE,CHESHIRE EAST,CHESHIRE EAST,2020,5,12.15478461
305000,12/06/2020,CH2 1RH,S,N,F,CHESTER,CHESHIRE WEST AND CHESTER,CHESHIRE WEST AND CHESTER,2020,6,12.62807033
146500,22/05/2020,SK11 6HA,F,N,L,MACCLESFIELD,CHESHIRE EAST,CHESHIRE EAST,2020,5,11.89478753
220000,10/06/2020,CW2 6TT,D,N,F,CREWE,CHESHIRE EAST,CHESHIRE EAST,2020,6,12.30138737
95000,20/05/2020,CW9 8BD,T,N,F,NORTHWICH,CHESHIRE WEST AND CHESTER,CHESHIRE WEST AND CHESTER,2020,5,11.4616427
116000,12/06/2020,CH65 0ES,S,N,F,ELLESMERE PORT,CHESHIRE WEST AND CHESTER,CHESHIRE WEST AND CHESTER,2020,6,11.66135409
219950,29/06/2020,CW8 4RT,S,N,F,NORTHWICH,CHESHIRE WEST AND CHESTER,CHESHIRE WEST AND CHESTER,2020,6,12.30116007
217500,15/05/2020,SK10 5NG,T,N,F,MACCLESFIELD,CHESHIRE EAST,CHESHIRE EAST,2020,5,12.28995873
190000,15/05/2020,CW1 3PU,D,N,F,CREWE,CHESHIRE EAST,CHESHIRE EAST,2020,5,12.15478461
200000,13/05/2020,PE6 0TR,S,N,F,PETERBOROUGH,CITY OF PETERBOROUGH,CITY OF PETERBOROUGH,2020,5,12.20607765
297500,16/06/2020,CB4 2EJ,S,N,F,CAMBRIDGE,CAMBRIDGE,CAMBRIDGESHIRE,2020,6,12.60317287
443000,11/06/2020,SG8 0JF,D,N,F,ROYSTON,SOUTH CAMBRIDGESHIRE,CAMBRIDGESHIRE,2020,6,13.00132731
286000,30/04/2020,PE15 9EQ,D,N,F,MARCH,FENLAND,CAMBRIDGESHIRE,2020,4,12.56375059
259995,29/05/2020,PE7 2FH,D,N,F,PETERBOROUGH,FENLAND,CAMBRIDGESHIRE,2020,5,12.46842153
205000,07/05/2020,CB23 6FJ,F,N,L,CAMBRIDGE,SOUTH CAMBRIDGESHIRE,CAMBRIDGESHIRE,2020,5,12.23077014
180000,28/05/2020,PE1 4EY,D,N,F,PETERBOROUGH,CITY OF PETERBOROUGH,CITY OF PETERBOROUGH,2020,5,12.10071769
135000,19/06/2020,PE15 8PA,T,N,F,MARCH,FENLAND,CAMBRIDGESHIRE,2020,6,11.81303746
316000,13/03/2020,CB23 7DL,S,N,F,CAMBRIDGE,SOUTH CAMBRIDGESHIRE,CAMBRIDGESHIRE,2020,3,12.66350066
153000,03/06/2020,PE13 3TS,S,N,F,WISBECH,FENLAND,CAMBRIDGESHIRE,2020,6,11.93819974
430000,19/06/2020,CB5 8PA,D,N,F,CAMBRIDGE,CAMBRIDGE,CAMBRIDGESHIRE,2020,6,12.97154281
266000,26/05/2020,CB1 2LP,F,N,L,CAMBRIDGE,CAMBRIDGE,CAMBRIDGESHIRE,2020,5,12.49125535
97000,19/06/2020,PE29 3TE,F,N,L,HUNTINGDON,HUNTINGDONSHIRE,CAMBRIDGESHIRE,2020,6,11.48247657
560000,12/06/2020,CB3 0PN,D,N,F,CAMBRIDGE,SOUTH CAMBRIDGESHIRE,CAMBRIDGESHIRE,2020,6,13.23569385
825000,30/04/2020,CB1 8QA,D,N,F,CAMBRIDGE,CAMBRIDGE,CAMBRIDGESHIRE,2020,4,13.62313988
538000,29/05/2020,CB4 3BU,T,N,F,CAMBRIDGE,CAMBRIDGE,CAMBRIDGESHIRE,2020,5,13.1956157
275000,20/05/2020,CB1 3PQ,T,N,F,CAMBRIDGE,CAMBRIDGE,CAMBRIDGESHIRE,2020,5,12.52453001
245000,29/05/2020,CB1 9GJ,F,N,L,CAMBRIDGE,SOUTH CAMBRIDGESHIRE,CAMBRIDGESHIRE,2020,5,12.40901757
309995,31/01/2020,PE28 2JJ,D,Y,F,HUNTINGDON,HUNTINGDONSHIRE,CAMBRIDGESHIRE,2020,1,12.64431467
549995,12/02/2020,CB24 1BF,D,Y,F,CAMBRIDGE,SOUTH CAMBRIDGESHIRE,CAMBRIDGESHIRE,2020,2,13.21766628
436500,31/01/2020,PE28 9BR,D,Y,F,HUNTINGDON,HUNTINGDONSHIRE,CAMBRIDGESHIRE,2020,1,12.98654595
205000,17/01/2020,PE15 0WQ,D,Y,F,MARCH,FENLAND,CAMBRIDGESHIRE,2020,1,12.23077014
310000,29/05/2020,CB22 3DE,S,N,F,CAMBRIDGE,SOUTH CAMBRIDGESHIRE,CAMBRIDGESHIRE,2020,5,12.6443308
270000,14/02/2020,PE15 0WS,S,Y,F,MARCH,FENLAND,CAMBRIDGESHIRE,2020,2,12.50618094
203000,31/01/2020,PE2 8WT,T,Y,F,PETERBOROUGH,CITY OF PETERBOROUGH,CITY OF PETERBOROUGH,2020,1,12.22096618
221000,14/02/2020,PE2 8ST,F,Y,L,PETERBOROUGH,CITY OF PETERBOROUGH,CITY OF PETERBOROUGH,2020,2,12.30592251
385000,12/02/2020,CB24 1BU,D,Y,F,CAMBRIDGE,SOUTH CAMBRIDGESHIRE,CAMBRIDGESHIRE,2020,2,12.86100121
242500,21/02/2020,PE7 1WH,S,Y,F,PETERBOROUGH,FENLAND,CAMBRIDGESHIRE,2020,2,12.39876111
535000,18/02/2020,CB7 5WF,D,N,F,ELY,EAST CAMBRIDGESHIRE,CAMBRIDGESHIRE,2020,2,13.1900239
175500,20/02/2020,PE2 8UB,F,Y,L,PETERBOROUGH,CITY OF PETERBOROUGH,CITY OF PETERBOROUGH,2020,2,12.07540002
290000,31/01/2020,PE28 4QT,S,Y,F,HUNTINGDON,HUNTINGDONSHIRE,CAMBRIDGESHIRE,2020,1,12.57763965
204000,28/02/2020,PE2 8WT,S,Y,F,PETERBOROUGH,CITY OF PETERBOROUGH,CITY OF PETERBOROUGH,2020,2,12.22588017
68000,21/05/2020,TS26 0UD,T,N,F,HARTLEPOOL,HARTLEPOOL,HARTLEPOOL,2020,5,11.12727769
97000,05/07/2020,TS23 3SU,S,N,F,BILLINGHAM,STOCKTON-ON-TEES,STOCKTON-ON-TEES,2020,7,11.48247657
51000,03/06/2020,TS12 2AE,T,N,F,SALTBURN-BY-THE-SEA,REDCAR AND CLEVELAND,REDCAR AND CLEVELAND,2020,6,10.83960052
46000,04/06/2020,TS3 8JP,T,N,F,MIDDLESBROUGH,MIDDLESBROUGH,MIDDLESBROUGH,2020,6,10.73641841
29500,15/06/2020,TS24 8DL,T,N,F,HARTLEPOOL,HARTLEPOOL,HARTLEPOOL,2020,6,10.29217944
137000,29/05/2020,TS26 9JE,T,N,F,HARTLEPOOL,HARTLEPOOL,HARTLEPOOL,2020,5,11.8277435
379000,28/05/2020,TS10 3RE,D,N,F,REDCAR,REDCAR AND CLEVELAND,REDCAR AND CLEVELAND,2020,5,12.84529412
137000,26/06/2020,TS17 0RN,S,N,F,STOCKTON-ON-TEES,STOCKTON-ON-TEES,STOCKTON-ON-TEES,2020,6,11.8277435
54000,13/05/2020,TS24 8QW,T,N,F,HARTLEPOOL,HARTLEPOOL,HARTLEPOOL,2020,5,10.89675784
70000,12/06/2020,TS14 7EZ,T,N,F,GUISBOROUGH,REDCAR AND CLEVELAND,REDCAR AND CLEVELAND,2020,6,11.15626481
175000,26/06/2020,TS25 1AL,S,N,F,HARTLEPOOL,HARTLEPOOL,HARTLEPOOL,2020,6,12.07254697
86300,15/06/2020,TS5 6PU,S,N,F,MIDDLESBROUGH,MIDDLESBROUGH,MIDDLESBROUGH,2020,6,11.36559646
67999,12/06/2020,TS17 7DN,T,N,F,STOCKTON-ON-TEES,STOCKTON-ON-TEES,STOCKTON-ON-TEES,2020,6,11.12726298
96000,01/05/2020,TS20 2TS,S,N,F,STOCKTON-ON-TEES,STOCKTON-ON-TEES,STOCKTON-ON-TEES,2020,5,11.47211389
110000,07/05/2020,TS8 9DJ,S,N,F,MIDDLESBROUGH,MIDDLESBROUGH,MIDDLESBROUGH,2020,5,11.60824474
164000,19/06/2020,TS14 8AJ,S,N,F,GUISBOROUGH,REDCAR AND CLEVELAND,REDCAR AND CLEVELAND,2020,6,12.0076278
65000,29/05/2020,TS20 1AR,T,N,F,STOCKTON-ON-TEES,STOCKTON-ON-TEES,STOCKTON-ON-TEES,2020,5,11.08215793
80000,28/05/2020,TS24 0QP,T,N,F,HARTLEPOOL,HARTLEPOOL,HARTLEPOOL,2020,5,11.28979441
64000,02/06/2020,TS3 0RF,T,N,F,MIDDLESBROUGH,MIDDLESBROUGH,MIDDLESBROUGH,2020,6,11.06665399
190000,05/06/2020,TS14 8JG,S,N,F,GUISBOROUGH,REDCAR AND CLEVELAND,REDCAR AND CLEVELAND,2020,6,12.15478461
80750,20/05/2020,TS17 0RJ,T,N,F,STOCKTON-ON-TEES,STOCKTON-ON-TEES,STOCKTON-ON-TEES,2020,5,11.29912562
56500,22/04/2020,TS19 0XA,T,N,F,STOCKTON-ON-TEES,STOCKTON-ON-TEES,STOCKTON-ON-TEES,2020,4,10.94201362
69500,19/06/2020,TS23 2PD,T,N,F,BILLINGHAM,STOCKTON-ON-TEES,STOCKTON-ON-TEES,2020,6,11.14909642
220000,07/05/2020,TS17 0RS,D,N,F,STOCKTON-ON-TEES,STOCKTON-ON-TEES,STOCKTON-ON-TEES,2020,5,12.30138737
291000,28/05/2020,TS7 8NB,D,N,F,MIDDLESBROUGH,MIDDLESBROUGH,MIDDLESBROUGH,2020,5,12.58108198
39000,26/06/2020,TS14 6NG,T,N,F,GUISBOROUGH,REDCAR AND CLEVELAND,REDCAR AND CLEVELAND,2020,6,10.57134257
205000,12/06/2020,TS14 7AB,T,N,F,GUISBOROUGH,REDCAR AND CLEVELAND,REDCAR AND CLEVELAND,2020,6,12.23077014
70000,05/05/2020,TS6 6XL,S,N,F,MIDDLESBROUGH,REDCAR AND CLEVELAND,REDCAR AND CLEVELAND,2020,5,11.15626481
325000,23/06/2020,TS15 9UT,D,N,F,YARM,STOCKTON-ON-TEES,STOCKTON-ON-TEES,2020,6,12.69158354
73000,19/06/2020,TS25 4NA,T,N,F,HARTLEPOOL,HARTLEPOOL,HARTLEPOOL,2020,6,11.19822842
180000,02/06/2020,TS8 9DN,D,N,F,MIDDLESBROUGH,MIDDLESBROUGH,MIDDLESBROUGH,2020,6,12.10071769
65000,27/05/2020,TS6 0RT,T,N,F,MIDDLESBROUGH,REDCAR AND CLEVELAND,REDCAR AND CLEVELAND,2020,5,11.08215793
253500,19/06/2020,WA16 6BL,T,N,F,KNUTSFORD,CHESHIRE EAST,CHESHIRE EAST,2020,6,12.44312305
333000,28/05/2020,WA16 8RU,D,N,F,KNUTSFORD,CHESHIRE EAST,CHESHIRE EAST,2020,5,12.71590077
300000,12/06/2020,WA4 2LG,S,N,L,WARRINGTON,WARRINGTON,WARRINGTON,2020,6,12.61154109
140000,09/03/2020,CW10 0EX,S,N,F,MIDDLEWICH,CHESHIRE EAST,CHESHIRE EAST,2020,3,11.84940484
375000,09/06/2020,SK9 2EU,D,N,F,WILMSLOW,CHESHIRE EAST,CHESHIRE EAST,2020,6,12.83468397
305000,26/05/2020,CW9 8PT,D,N,F,NORTHWICH,CHESHIRE WEST AND CHESTER,CHESHIRE WEST AND CHESTER,2020,5,12.62807033
195000,05/06/2020,WA8 8JZ,S,N,F,WIDNES,HALTON,HALTON,2020,6,12.18075997
110000,12/06/2020,CW9 8BD,T,N,F,NORTHWICH,CHESHIRE WEST AND CHESTER,CHESHIRE WEST AND CHESTER,2020,6,11.60824474
122000,08/06/2020,WA8 7UX,S,N,F,WIDNES,HALTON,HALTON,2020,6,11.71178452
315000,03/06/2020,SK12 1AL,D,N,F,STOCKPORT,CHESHIRE EAST,CHESHIRE EAST,2020,6,12.66033109
185000,12/06/2020,CH66 4NU,S,N,F,ELLESMERE PORT,CHESHIRE WEST AND CHESTER,CHESHIRE WEST AND CHESTER,2020,6,12.12811651
75000,29/05/2020,CH44 9EA,T,N,F,WALLASEY,WIRRAL,MERSEYSIDE,2020,5,11.22525673
85000,09/03/2020,CH1 4QB,F,N,L,CHESTER,CHESHIRE WEST AND CHESTER,CHESHIRE WEST AND CHESTER,2020,3,11.3504183
153500,12/05/2020,ST7 2YH,T,N,F,STOKE-ON-TRENT,CHESHIRE EAST,CHESHIRE EAST,2020,5,11.94146236
222500,26/05/2020,WA3 6LP,S,N,F,WARRINGTON,WARRINGTON,WARRINGTON,2020,5,12.31268687
182000,26/05/2020,CH3 5XR,S,N,F,CHESTER,CHESHIRE WEST AND CHESTER,CHESHIRE WEST AND CHESTER,2020,5,12.11176746
190000,15/06/2020,SK12 1DF,F,N,L,STOCKPORT,CHESHIRE EAST,CHESHIRE EAST,2020,6,12.15478461
203000,26/06/2020,SK10 2UE,T,N,F,MACCLESFIELD,CHESHIRE EAST,CHESHIRE EAST,2020,6,12.22096618
101000,22/06/2020,CW1 6DZ,F,N,L,CREWE,CHESHIRE EAST,CHESHIRE EAST,2020,6,11.5228857
240000,05/06/2020,WA8 9RD,D,N,F,WIDNES,HALTON,HALTON,2020,6,12.38839837
310000,22/05/2020,CW8 2RS,S,N,F,NORTHWICH,CHESHIRE WEST AND CHESTER,CHESHIRE WEST AND CHESTER,2020,5,12.6443308
314000,28/05/2020,CW4 7AU,S,N,F,CREWE,CHESHIRE EAST,CHESHIRE EAST,2020,5,12.65715145
162500,07/05/2020,CW2 8DX,S,N,F,CREWE,CHESHIRE EAST,CHESHIRE EAST,2020,5,11.99843943
148500,10/06/2020,CW8 2DR,F,N,L,NORTHWICH,CHESHIRE WEST AND CHESTER,CHESHIRE WEST AND CHESTER,2020,6,11.90834697
112500,29/05/2020,CW8 4DS,T,N,F,NORTHWICH,CHESHIRE WEST AND CHESTER,CHESHIRE WEST AND CHESTER,2020,5,11.63071739
199950,17/06/2020,SK9 5EG,F,N,L,WILMSLOW,CHESHIRE EAST,CHESHIRE EAST,2020,6,12.20582762
299950,12/06/2020,CH2 3RE,S,N,F,CHESTER,CHESHIRE WEST AND CHESTER,CHESHIRE WEST AND CHESTER,2020,6,12.61137441
460000,15/05/2020,SK10 4PE,D,N,F,MACCLESFIELD,CHESHIRE EAST,CHESHIRE EAST,2020,5,13.03898394
145000,12/06/2020,WA3 6TZ,S,N,F,WARRINGTON,WARRINGTON,WARRINGTON,2020,6,11.88449592
295000,21/05/2020,CH3 5UN,F,N,L,CHESTER,CHESHIRE WEST AND CHESTER,CHESHIRE WEST AND CHESTER,2020,5,12.59473403
725000,15/05/2020,CW11 2UJ,D,N,F,SANDBACH,CHESHIRE EAST,CHESHIRE EAST,2020,5,13.49392831
175995,28/02/2020,PE2 8WU,T,Y,F,PETERBOROUGH,CITY OF PETERBOROUGH,CITY OF PETERBOROUGH,2020,2,12.07821655
203000,28/02/2020,PE2 8WT,S,Y,F,PETERBOROUGH,CITY OF PETERBOROUGH,CITY OF PETERBOROUGH,2020,2,12.22096618
174000,20/02/2020,PE2 8UB,F,Y,L,PETERBOROUGH,CITY OF PETERBOROUGH,CITY OF PETERBOROUGH,2020,2,12.06681633
245000,28/02/2020,CB6 2GL,S,Y,F,ELY,EAST CAMBRIDGESHIRE,CAMBRIDGESHIRE,2020,2,12.40901757
224500,24/02/2020,PE2 8UB,F,Y,L,PETERBOROUGH,CITY OF PETERBOROUGH,CITY OF PETERBOROUGH,2020,2,12.32163544
215000,25/02/2020,PE2 8ST,F,Y,L,PETERBOROUGH,CITY OF PETERBOROUGH,CITY OF PETERBOROUGH,2020,2,12.27839796
175000,25/02/2020,PE2 8UD,F,Y,L,PETERBOROUGH,CITY OF PETERBOROUGH,CITY OF PETERBOROUGH,2020,2,12.07254697
899950,13/02/2020,CB2 0AL,T,Y,F,CAMBRIDGE,CAMBRIDGE,CAMBRIDGESHIRE,2020,2,13.7100956
357995,28/02/2020,PE7 8QQ,D,Y,F,PETERBOROUGH,CITY OF PETERBOROUGH,CITY OF PETERBOROUGH,2020,2,12.78827709
176000,07/02/2020,PE2 8UD,F,Y,L,PETERBOROUGH,CITY OF PETERBOROUGH,CITY OF PETERBOROUGH,2020,2,12.07824496
399995,21/02/2020,PE28 5BS,D,Y,F,HUNTINGDON,HUNTINGDONSHIRE,CAMBRIDGESHIRE,2020,2,12.89920983
399995,24/01/2020,PE28 5BT,D,Y,F,HUNTINGDON,HUNTINGDONSHIRE,CAMBRIDGESHIRE,2020,1,12.89920983
499995,30/01/2020,PE27 6TG,D,Y,F,ST IVES,HUNTINGDONSHIRE,CAMBRIDGESHIRE,2020,1,13.12235538
270750,28/02/2020,PE28 4GN,T,Y,F,HUNTINGDON,HUNTINGDONSHIRE,CAMBRIDGESHIRE,2020,2,12.50895486
326000,31/01/2020,CB22 4AS,S,Y,F,CAMBRIDGE,SOUTH CAMBRIDGESHIRE,CAMBRIDGESHIRE,2020,1,12.69465573
905000,24/01/2020,CB2 0AL,T,Y,F,CAMBRIDGE,CAMBRIDGE,CAMBRIDGESHIRE,2020,1,13.71569133
230000,26/02/2020,PE15 0WU,T,Y,F,MARCH,FENLAND,CAMBRIDGESHIRE,2020,2,12.34583894
154275,06/03/2020,PE29 3DY,T,Y,L,HUNTINGDON,HUNTINGDONSHIRE,CAMBRIDGESHIRE,2020,3,11.94649849
225000,22/01/2020,PE15 0WS,S,Y,F,MARCH,FENLAND,CAMBRIDGESHIRE,2020,1,12.32386013
420000,21/01/2020,CB6 2FQ,D,Y,F,ELY,EAST CAMBRIDGESHIRE,CAMBRIDGESHIRE,2020,1,12.94801237
243495,28/02/2020,PE7 8QS,S,Y,F,PETERBOROUGH,CITY OF PETERBOROUGH,CITY OF PETERBOROUGH,2020,2,12.40285579
222000,27/02/2020,PE2 8UB,F,Y,L,PETERBOROUGH,CITY OF PETERBOROUGH,CITY OF PETERBOROUGH,2020,2,12.31043717
409750,24/02/2020,PE28 4GH,D,Y,F,HUNTINGDON,HUNTINGDONSHIRE,CAMBRIDGESHIRE,2020,2,12.92330494
233000,28/02/2020,PE2 8WU,D,Y,F,PETERBOROUGH,CITY OF PETERBOROUGH,CITY OF PETERBOROUGH,2020,2,12.35879802
349750,28/02/2020,PE28 4GH,D,Y,F,HUNTINGDON,HUNTINGDONSHIRE,CAMBRIDGESHIRE,2020,2,12.76497675
499995,28/01/2020,PE27 6TG,D,Y,F,ST IVES,HUNTINGDONSHIRE,CAMBRIDGESHIRE,2020,1,13.12235538
275000,14/02/2020,PE28 4GN,S,Y,F,HUNTINGDON,HUNTINGDONSHIRE,CAMBRIDGESHIRE,2020,2,12.52453001
376000,13/03/2020,CB3 0GX,F,Y,L,CAMBRIDGE,CAMBRIDGE,CAMBRIDGESHIRE,2020,3,12.83734708
272495,28/02/2020,PE7 8QS,D,Y,F,PETERBOROUGH,CITY OF PETERBOROUGH,CITY OF PETERBOROUGH,2020,2,12.51537921
235000,20/03/2020,PE15 0WQ,D,Y,F,MARCH,FENLAND,CAMBRIDGESHIRE,2020,3,12.36734505
294995,28/02/2020,PE29 2PB,S,Y,F,HUNTINGDON,HUNTINGDONSHIRE,CAMBRIDGESHIRE,2020,2,12.59471708
103500,11/06/2020,TS20 2PF,S,N,F,STOCKTON-ON-TEES,STOCKTON-ON-TEES,STOCKTON-ON-TEES,2020,6,11.54733655
89000,09/06/2020,TS4 2DQ,T,N,F,MIDDLESBROUGH,MIDDLESBROUGH,MIDDLESBROUGH,2020,6,11.39640288
107000,27/05/2020,TS10 1RP,F,N,L,REDCAR,REDCAR AND CLEVELAND,REDCAR AND CLEVELAND,2020,5,11.58059346
307000,23/06/2020,TS15 9UZ,D,N,F,YARM,STOCKTON-ON-TEES,STOCKTON-ON-TEES,2020,6,12.63460628
156950,18/06/2020,TS15 9LL,S,N,F,YARM,STOCKTON-ON-TEES,STOCKTON-ON-TEES,2020,6,11.96368893
102500,22/05/2020,TS19 8UT,S,N,F,STOCKTON-ON-TEES,STOCKTON-ON-TEES,STOCKTON-ON-TEES,2020,5,11.53762783
242500,11/03/2020,TS15 9LL,S,N,F,YARM,STOCKTON-ON-TEES,STOCKTON-ON-TEES,2020,3,12.39876111
140000,14/05/2020,TS8 9AB,D,N,F,MIDDLESBROUGH,MIDDLESBROUGH,MIDDLESBROUGH,2020,5,11.84940484
82000,15/05/2020,TS26 0TL,T,N,F,HARTLEPOOL,HARTLEPOOL,HARTLEPOOL,2020,5,11.31448672
180000,22/04/2020,TS7 0AP,S,N,F,MIDDLESBROUGH,MIDDLESBROUGH,MIDDLESBROUGH,2020,4,12.10071769
78000,30/04/2020,TS23 3QW,T,N,F,BILLINGHAM,STOCKTON-ON-TEES,STOCKTON-ON-TEES,2020,4,11.26447693
285000,22/05/2020,TS26 8NF,D,N,F,HARTLEPOOL,HARTLEPOOL,HARTLEPOOL,2020,5,12.56024797
240000,14/05/2020,TS18 4LF,D,N,F,STOCKTON-ON-TEES,STOCKTON-ON-TEES,STOCKTON-ON-TEES,2020,5,12.38839837
110000,12/06/2020,TS20 2NS,T,N,F,STOCKTON-ON-TEES,STOCKTON-ON-TEES,STOCKTON-ON-TEES,2020,6,11.60824474
130000,05/06/2020,TS6 9JG,S,N,F,MIDDLESBROUGH,REDCAR AND CLEVELAND,REDCAR AND CLEVELAND,2020,6,11.77529742
170000,22/05/2020,TS12 1EG,T,N,F,SALTBURN-BY-THE-SEA,REDCAR AND CLEVELAND,REDCAR AND CLEVELAND,2020,5,12.0435596
352000,04/06/2020,TS13 4UR,D,N,F,SALTBURN-BY-THE-SEA,REDCAR AND CLEVELAND,REDCAR AND CLEVELAND,2020,6,12.7713893
160000,05/06/2020,TS20 1TF,D,N,F,STOCKTON-ON-TEES,STOCKTON-ON-TEES,STOCKTON-ON-TEES,2020,6,11.98293534
149000,25/03/2020,TS23 1NG,T,N,F,BILLINGHAM,STOCKTON-ON-TEES,STOCKTON-ON-TEES,2020,3,11.9117083
69500,12/06/2020,TS10 1RP,F,N,L,REDCAR,REDCAR AND CLEVELAND,REDCAR AND CLEVELAND,2020,6,11.14909642
60000,26/06/2020,TS13 4HZ,T,N,F,SALTBURN-BY-THE-SEA,REDCAR AND CLEVELAND,REDCAR AND CLEVELAND,2020,6,11.00211651
57000,12/06/2020,TS26 8BX,T,N,F,HARTLEPOOL,HARTLEPOOL,HARTLEPOOL,2020,6,10.95082409
42360,22/05/2020,TS11 8EW,T,N,F,REDCAR,REDCAR AND CLEVELAND,REDCAR AND CLEVELAND,2020,5,10.65398341
175000,06/03/2020,TS26 9HY,S,N,F,HARTLEPOOL,HARTLEPOOL,HARTLEPOOL,2020,3,12.07254697
130000,12/06/2020,TS10 1RJ,S,N,F,REDCAR,REDCAR AND CLEVELAND,REDCAR AND CLEVELAND,2020,6,11.77529742
308000,28/05/2020,WA16 8AG,F,N,L,KNUTSFORD,CHESHIRE EAST,CHESHIRE EAST,2020,5,12.63785831
140000,26/06/2020,CW2 5HD,S,N,F,CREWE,CHESHIRE EAST,CHESHIRE EAST,2020,6,11.84940484
500000,05/06/2020,CW5 6JD,S,N,F,NANTWICH,CHESHIRE EAST,CHESHIRE EAST,2020,6,13.12236538
102000,05/06/2020,WA2 0LZ,T,N,F,WARRINGTON,WARRINGTON,WARRINGTON,2020,6,11.5327379
72000,22/05/2020,CW1 3EH,T,N,F,CREWE,CHESHIRE EAST,CHESHIRE EAST,2020,5,11.18443529
80000,06/07/2020,WA2 9UH,T,N,F,WARRINGTON,WARRINGTON,WARRINGTON,2020,7,11.28979441
152000,22/05/2020,CW11 1XP,S,N,F,SANDBACH,CHESHIRE EAST,CHESHIRE EAST,2020,5,11.93164238
125000,05/06/2020,WA4 2HA,S,N,F,WARRINGTON,WARRINGTON,WARRINGTON,2020,6,11.73607702
355000,01/07/2020,WA4 2QB,S,N,L,WARRINGTON,WARRINGTON,WARRINGTON,2020,7,12.77987589
80000,12/06/2020,CW7 3JD,T,N,F,WINSFORD,CHESHIRE WEST AND CHESTER,CHESHIRE WEST AND CHESTER,2020,6,11.28979441
125000,27/01/2020,CW11 3JE,F,N,L,SANDBACH,CHESHIRE EAST,CHESHIRE EAST,2020,1,11.73607702
115000,19/05/2020,CW9 7JS,T,N,F,NORTHWICH,CHESHIRE WEST AND CHESTER,CHESHIRE WEST AND CHESTER,2020,5,11.6526961
399950,10/06/2020,WA16 6JS,S,N,F,KNUTSFORD,CHESHIRE EAST,CHESHIRE EAST,2020,6,12.89909732
305000,12/06/2020,WA4 2SQ,S,N,F,WARRINGTON,WARRINGTON,WARRINGTON,2020,6,12.62807033
91000,22/05/2020,ST7 3DH,T,N,F,STOKE-ON-TRENT,CHESHIRE EAST,CHESHIRE EAST,2020,5,11.41862577
207200,29/05/2020,WA16 8JU,S,N,F,KNUTSFORD,CHESHIRE EAST,CHESHIRE EAST,2020,5,12.24144462
270000,02/05/2020,SK11 7BN,T,N,L,MACCLESFIELD,CHESHIRE EAST,CHESHIRE EAST,2020,5,12.50618094
133000,13/05/2020,CW1 4TL,S,N,F,CREWE,CHESHIRE EAST,CHESHIRE EAST,2020,5,11.79811193
390000,21/04/2020,WA16 6HZ,T,N,F,KNUTSFORD,CHESHIRE EAST,CHESHIRE EAST,2020,4,12.87390458
215000,26/06/2020,CH2 2JA,S,N,F,CHESTER,CHESHIRE WEST AND CHESTER,CHESHIRE WEST AND CHESTER,2020,6,12.27839796
305750,29/05/2020,CH4 7HL,T,N,F,CHESTER,CHESHIRE WEST AND CHESTER,CHESHIRE WEST AND CHESTER,2020,5,12.63052632
85000,24/04/2020,WA8 6LS,T,N,F,WIDNES,HALTON,HALTON,2020,4,11.3504183
167000,19/06/2020,ST7 2YJ,T,N,L,STOKE-ON-TRENT,CHESHIRE EAST,CHESHIRE EAST,2020,6,12.02575508
231500,04/06/2020,CW7 3ED,D,N,F,WINSFORD,CHESHIRE WEST AND CHESTER,CHESHIRE WEST AND CHESTER,2020,6,12.35233947
235000,14/02/2020,CH65 6PD,D,N,F,ELLESMERE PORT,CHESHIRE WEST AND CHESTER,CHESHIRE WEST AND CHESTER,2020,2,12.36734505
117500,15/05/2020,WA2 0JD,T,N,F,WARRINGTON,WARRINGTON,WARRINGTON,2020,5,11.67420212
224950,19/06/2020,CW1 4TF,D,N,F,CREWE,CHESHIRE EAST,CHESHIRE EAST,2020,6,12.32363788
235000,26/06/2020,CH2 3TA,S,N,F,CHESTER,CHESHIRE WEST AND CHESTER,CHESHIRE WEST AND CHESTER,2020,6,12.36734505
166000,03/07/2020,CW1 4TP,S,N,F,CREWE,CHESHIRE EAST,CHESHIRE EAST,2020,7,12.01974909
405000,29/05/2020,SK3 8TS,S,N,F,STOCKPORT,STOCKPORT,GREATER MANCHESTER,2020,5,12.91164482
260000,06/08/2021,SO45 2HT,T,N,F,SOUTHAMPTON,NEW FOREST,HAMPSHIRE,2021,8,12.46844076
375000,01/09/2021,SO23 7FR,S,N,F,WINCHESTER,WINCHESTER,HAMPSHIRE,2021,9,12.83468397
132000,28/06/2021,SP11 6RL,F,N,L,ANDOVER,TEST VALLEY,HAMPSHIRE,2021,6,11.79056478
295000,10/09/2021,SP11 6TU,T,N,F,ANDOVER,TEST VALLEY,HAMPSHIRE,2021,9,12.59473403
360000,27/08/2021,SO51 0AX,T,N,F,ROMSEY,TEST VALLEY,HAMPSHIRE,2021,8,12.79386209
490500,30/06/2021,GU14 6JH,D,N,F,FARNBOROUGH,RUSHMOOR,HAMPSHIRE,2021,6,13.1031826
240000,25/06/2021,PO12 4NF,T,N,F,GOSPORT,GOSPORT,HAMPSHIRE,2021,6,12.38839837
146000,10/05/2021,SO52 9AW,F,N,L,SOUTHAMPTON,TEST VALLEY,HAMPSHIRE,2021,5,11.89136875
215000,20/01/2021,GU14 6AH,F,N,L,FARNBOROUGH,RUSHMOOR,HAMPSHIRE,2021,1,12.27839796
260250,26/08/2021,SO15 8PW,T,N,F,SOUTHAMPTON,SOUTHAMPTON,SOUTHAMPTON,2021,8,12.46940183
300000,31/03/2021,RG24 9SS,T,N,F,BASINGSTOKE,BASINGSTOKE AND DEANE,HAMPSHIRE,2021,3,12.61154109
330000,16/08/2021,SP10 3PJ,D,N,F,ANDOVER,TEST VALLEY,HAMPSHIRE,2021,8,12.70685096
215000,25/08/2021,SP10 5JD,T,N,F,ANDOVER,TEST VALLEY,HAMPSHIRE,2021,8,12.27839796
220000,02/09/2021,SO15 2YD,F,N,L,SOUTHAMPTON,SOUTHAMPTON,SOUTHAMPTON,2021,9,12.30138737
800000,11/08/2021,SO20 8DG,D,N,F,STOCKBRIDGE,TEST VALLEY,HAMPSHIRE,2021,8,13.59236826
216000,20/08/2021,SP11 6TZ,F,N,F,ANDOVER,TEST VALLEY,HAMPSHIRE,2021,8,12.28303832
660000,21/06/2021,SO51 0AQ,D,N,F,ROMSEY,TEST VALLEY,HAMPSHIRE,2021,6,13.39999663
750000,06/12/2021,GU51 5BS,D,N,F,FLEET,HART,HAMPSHIRE,2021,12,13.52782982
410000,10/12/2021,SO45 6AY,S,N,F,SOUTHAMPTON,NEW FOREST,HAMPSHIRE,2021,12,12.92391488
290000,28/01/2021,SO19 8GY,S,N,L,SOUTHAMPTON,SOUTHAMPTON,SOUTHAMPTON,2021,1,12.57763965
350000,19/01/2021,RG26 4PX,S,N,F,TADLEY,BASINGSTOKE AND DEANE,HAMPSHIRE,2021,1,12.76569129
290000,30/06/2021,RG21 7PF,F,N,L,BASINGSTOKE,BASINGSTOKE AND DEANE,HAMPSHIRE,2021,6,12.57763965
475000,20/12/2021,GU46 6UZ,D,N,F,YATELEY,HART,HAMPSHIRE,2021,12,13.07107219
1150000,29/06/2021,SO41 8LS,D,N,F,LYMINGTON,NEW FOREST,HAMPSHIRE,2021,6,13.95527337
150000,14/06/2021,GU14 8UT,F,N,L,FARNBOROUGH,RUSHMOOR,HAMPSHIRE,2021,6,11.91839724
407600,12/08/2021,RG27 0FL,S,N,F,HOOK,BASINGSTOKE AND DEANE,HAMPSHIRE,2021,8,12.91804403
310000,10/12/2021,SO19 7AE,D,N,F,SOUTHAMPTON,SOUTHAMPTON,SOUTHAMPTON,2021,12,12.6443308
745200,23/09/2021,PO7 4RW,D,N,F,WATERLOOVILLE,WINCHESTER,HAMPSHIRE,2021,9,13.52140926
448000,17/12/2021,BH23 3PB,T,N,F,CHRISTCHURCH,"BOURNEMOUTH, CHRISTCHURCH AND POOLE","BOURNEMOUTH, CHRISTCHURCH AND POOLE",2021,12,13.01255074
325000,24/09/2021,SO51 7TW,S,N,F,ROMSEY,TEST VALLEY,HAMPSHIRE,2021,9,12.69158354
300000,16/12/2021,SP11 7NB,S,N,L,ANDOVER,TEST VALLEY,HAMPSHIRE,2021,12,12.61154109
260000,20/07/2021,PO14 3AJ,S,N,F,FAREHAM,FAREHAM,HAMPSHIRE,2021,7,12.46844076
228000,23/07/2021,PO9 5LS,T,N,F,HAVANT,HAVANT,HAMPSHIRE,2021,7,12.33710529
347500,29/06/2021,BH9 3LN,S,N,F,BOURNEMOUTH,"BOURNEMOUTH, CHRISTCHURCH AND POOLE","BOURNEMOUTH, CHRISTCHURCH AND POOLE",2021,6,12.75852282
279000,25/06/2021,SO51 7HT,T,N,F,ROMSEY,TEST VALLEY,HAMPSHIRE,2021,6,12.53897065
235000,27/08/2021,PO9 4JB,T,N,F,HAVANT,HAVANT,HAMPSHIRE,2021,8,12.36734505
450000,10/08/2021,GU14 9JH,S,N,F,FARNBOROUGH,RUSHMOOR,HAMPSHIRE,2021,8,13.01700508
315000,24/08/2021,SO45 5EX,S,N,F,SOUTHAMPTON,NEW FOREST,HAMPSHIRE,2021,8,12.66033109
262500,29/06/2021,SO16 8EJ,S,N,F,SOUTHAMPTON,SOUTHAMPTON,SOUTHAMPTON,2021,6,12.47801017
295000,27/08/2021,SO40 2SY,T,N,F,SOUTHAMPTON,NEW FOREST,HAMPSHIRE,2021,8,12.59473403
230000,29/01/2021,SO45 2PQ,T,N,F,SOUTHAMPTON,NEW FOREST,HAMPSHIRE,2021,1,12.34583894
385000,18/06/2021,PO38 1UH,D,N,F,VENTNOR,ISLE OF WIGHT,ISLE OF WIGHT,2021,6,12.86100121
292000,11/06/2021,SO53 2PA,T,N,F,EASTLEIGH,EASTLEIGH,HAMPSHIRE,2021,6,12.58451251
280000,20/08/2021,PO9 2BZ,S,N,F,HAVANT,HAVANT,HAMPSHIRE,2021,8,12.54254845
370000,03/08/2021,SO53 2PB,T,N,F,EASTLEIGH,EASTLEIGH,HAMPSHIRE,2021,8,12.82126099
613000,23/07/2021,GU52 6LX,T,N,F,FLEET,HART,HAMPSHIRE,2021,7,13.32612185
468000,24/06/2021,GU52 6LX,T,N,F,FLEET,HART,HAMPSHIRE,2021,6,13.05622571
270000,20/08/2021,SO53 2PA,T,N,F,EASTLEIGH,EASTLEIGH,HAMPSHIRE,2021,8,12.50618094
279500,20/07/2021,SO51 7HT,T,N,F,ROMSEY,TEST VALLEY,HAMPSHIRE,2021,7,12.54076115
246000,03/09/2021,PO2 0UF,T,N,F,PORTSMOUTH,PORTSMOUTH,PORTSMOUTH,2021,9,12.41309088
340000,27/08/2021,RG22 4EF,S,N,F,BASINGSTOKE,BASINGSTOKE AND DEANE,HAMPSHIRE,2021,8,12.73670384
860000,08/06/2021,SO22 6PA,D,N,F,WINCHESTER,WINCHESTER,HAMPSHIRE,2021,6,13.66468883
239000,09/07/2021,SO16 8EE,S,N,F,SOUTHAMPTON,SOUTHAMPTON,SOUTHAMPTON,2021,7,12.38422302
327500,05/11/2021,GU34 2EG,T,N,F,ALTON,EAST HAMPSHIRE,HAMPSHIRE,2021,11,12.69924639
439000,27/08/2021,SP9 7YE,D,N,F,TIDWORTH,TEST VALLEY,HAMPSHIRE,2021,8,12.99225697
310000,17/08/2021,RG22 4HR,S,N,F,BASINGSTOKE,BASINGSTOKE AND DEANE,HAMPSHIRE,2021,8,12.6443308
312000,28/06/2021,GU14 9LH,T,N,F,FARNBOROUGH,RUSHMOOR,HAMPSHIRE,2021,6,12.65076167
249000,30/07/2021,GU14 8TH,T,N,F,FARNBOROUGH,RUSHMOOR,HAMPSHIRE,2021,7,12.42521219
340000,20/08/2021,GU14 9LJ,T,N,F,FARNBOROUGH,RUSHMOOR,HAMPSHIRE,2021,8,12.73670384
197000,20/08/2021,SO19 0SD,T,N,F,SOUTHAMPTON,SOUTHAMPTON,SOUTHAMPTON,2021,8,12.19096408
205000,17/09/2021,DN32 8NF,S,N,F,GRIMSBY,NORTH EAST LINCOLNSHIRE,NORTH EAST LINCOLNSHIRE,2021,9,12.23077014
129000,23/07/2021,DN15 7SE,S,N,F,SCUNTHORPE,NORTH LINCOLNSHIRE,NORTH LINCOLNSHIRE,2021,7,11.76757544
280000,16/07/2021,DN18 5TF,D,N,F,BARTON-UPON-HUMBER,NORTH LINCOLNSHIRE,NORTH LINCOLNSHIRE,2021,7,12.54254845
100000,26/11/2021,HU7 4EH,T,N,F,HULL,CITY OF KINGSTON UPON HULL,CITY OF KINGSTON UPON HULL,2021,11,11.51293546
93750,10/11/2021,HU13 9DR,T,N,L,HESSLE,EAST RIDING OF YORKSHIRE,EAST RIDING OF YORKSHIRE,2021,11,11.44839761
250000,23/07/2021,YO43 4HY,S,N,F,YORK,EAST RIDING OF YORKSHIRE,EAST RIDING OF YORKSHIRE,2021,7,12.4292202
109000,10/06/2021,HU9 4TT,S,N,F,HULL,CITY OF KINGSTON UPON HULL,CITY OF KINGSTON UPON HULL,2021,6,11.59911234
126500,30/07/2021,HU9 1EJ,T,N,F,HULL,CITY OF KINGSTON UPON HULL,CITY OF KINGSTON UPON HULL,2021,7,11.74800549
330000,10/12/2021,HU10 6BJ,D,N,F,HULL,EAST RIDING OF YORKSHIRE,EAST RIDING OF YORKSHIRE,2021,12,12.70685096
215000,10/12/2021,DN19 7DL,D,N,F,BARROW-UPON-HUMBER,NORTH LINCOLNSHIRE,NORTH LINCOLNSHIRE,2021,12,12.27839796
42000,22/12/2021,HU9 4SF,F,N,L,HULL,CITY OF KINGSTON UPON HULL,CITY OF KINGSTON UPON HULL,2021,12,10.64544871
125000,06/04/2021,HU6 8TB,T,N,F,HULL,EAST RIDING OF YORKSHIRE,EAST RIDING OF YORKSHIRE,2021,4,11.73607702
165000,13/07/2021,HU15 1LG,S,N,F,BROUGH,EAST RIDING OF YORKSHIRE,EAST RIDING OF YORKSHIRE,2021,7,12.01370681
99950,04/08/2021,HU13 9DB,T,N,F,HESSLE,EAST RIDING OF YORKSHIRE,EAST RIDING OF YORKSHIRE,2021,8,11.51243534
202000,27/08/2021,DN21 4NF,D,N,F,GAINSBOROUGH,NORTH LINCOLNSHIRE,NORTH LINCOLNSHIRE,2021,8,12.21602793
326000,10/08/2021,DN14 6LW,D,N,F,GOOLE,EAST RIDING OF YORKSHIRE,EAST RIDING OF YORKSHIRE,2021,8,12.69465573
137000,07/07/2021,DN14 7QB,S,N,F,GOOLE,EAST RIDING OF YORKSHIRE,EAST RIDING OF YORKSHIRE,2021,7,11.8277435
155000,23/07/2021,HU6 7XF,S,N,F,HULL,CITY OF KINGSTON UPON HULL,CITY OF KINGSTON UPON HULL,2021,7,11.95118685
156000,31/03/2021,HU17 7LE,T,N,F,BEVERLEY,EAST RIDING OF YORKSHIRE,EAST RIDING OF YORKSHIRE,2021,3,11.9576177
99950,16/07/2021,HU5 5DW,T,N,F,HULL,CITY OF KINGSTON UPON HULL,CITY OF KINGSTON UPON HULL,2021,7,11.51243534
235000,10/12/2021,YO42 4JE,T,N,F,YORK,EAST RIDING OF YORKSHIRE,EAST RIDING OF YORKSHIRE,2021,12,12.36734505
113000,01/07/2021,YO16 4QS,T,N,F,BRIDLINGTON,EAST RIDING OF YORKSHIRE,EAST RIDING OF YORKSHIRE,2021,7,11.63515195
233000,10/09/2021,HU8 0JF,S,N,F,HULL,CITY OF KINGSTON UPON HULL,CITY OF KINGSTON UPON HULL,2021,9,12.35879802
85000,19/08/2021,HU17 0DX,F,N,L,BEVERLEY,EAST RIDING OF YORKSHIRE,EAST RIDING OF YORKSHIRE,2021,8,11.3504183
115000,03/09/2021,HU6 9NE,T,N,F,HULL,CITY OF KINGSTON UPON HULL,CITY OF KINGSTON UPON HULL,2021,9,11.6526961
115500,17/09/2021,HU6 9NP,T,N,F,HULL,CITY OF KINGSTON UPON HULL,CITY OF KINGSTON UPON HULL,2021,9,11.65703447
104750,15/12/2021,YO25 4LS,F,N,F,DRIFFIELD,EAST RIDING OF YORKSHIRE,EAST RIDING OF YORKSHIRE,2021,12,11.55934138
155000,16/07/2021,HU15 2PW,S,N,F,BROUGH,EAST RIDING OF YORKSHIRE,EAST RIDING OF YORKSHIRE,2021,7,11.95118685
226500,12/08/2021,WA15 8RF,F,N,L,ALTRINCHAM,TRAFFORD,GREATER MANCHESTER,2021,8,12.33050464
88820,17/09/2021,OL4 2EA,T,N,L,OLDHAM,OLDHAM,GREATER MANCHESTER,2021,9,11.39437839
225000,18/08/2021,BL7 9DY,F,N,L,BOLTON,BOLTON,GREATER MANCHESTER,2021,8,12.32386013
345000,13/07/2021,OL4 4AP,T,N,L,OLDHAM,OLDHAM,GREATER MANCHESTER,2021,7,12.75130259
120000,06/08/2021,SK5 6DD,F,N,L,STOCKPORT,STOCKPORT,GREATER MANCHESTER,2021,8,11.69525536
125000,27/08/2021,M19 2TX,T,N,L,MANCHESTER,MANCHESTER,GREATER MANCHESTER,2021,8,11.73607702
115000,06/08/2021,M46 0AQ,T,N,L,MANCHESTER,WIGAN,GREATER MANCHESTER,2021,8,11.6526961
60000,17/09/2021,BL3 5JD,T,N,F,BOLTON,BOLTON,GREATER MANCHESTER,2021,9,11.00211651
316000,19/04/2021,M19 2EU,T,N,F,MANCHESTER,MANCHESTER,GREATER MANCHESTER,2021,4,12.66350066
525000,28/06/2021,WA15 9RH,T,N,F,ALTRINCHAM,TRAFFORD,GREATER MANCHESTER,2021,6,13.17115545
105000,17/12/2021,WN5 9RZ,S,N,F,WIGAN,WIGAN,GREATER MANCHESTER,2021,12,11.56172515
190000,10/09/2021,M30 0JF,T,N,F,MANCHESTER,SALFORD,GREATER MANCHESTER,2021,9,12.15478461
143000,07/05/2021,M7 4WH,F,N,L,SALFORD,SALFORD,GREATER MANCHESTER,2021,5,11.8706069
700000,01/06/2021,M41 8SQ,D,N,L,MANCHESTER,TRAFFORD,GREATER MANCHESTER,2021,6,13.45883704
200000,01/07/2021,WN1 2BE,T,N,L,WIGAN,WIGAN,GREATER MANCHESTER,2021,7,12.20607765
335000,23/07/2021,BL1 7NG,T,N,F,BOLTON,BOLTON,GREATER MANCHESTER,2021,7,12.7218888
126500,20/12/2021,BL7 9DE,T,N,L,BOLTON,BOLTON,GREATER MANCHESTER,2021,12,11.74800549
230000,28/09/2021,WN3 6NA,S,N,L,WIGAN,WIGAN,GREATER MANCHESTER,2021,9,12.34583894
220000,28/05/2021,BL5 1EP,S,N,L,BOLTON,BOLTON,GREATER MANCHESTER,2021,5,12.30138737
217000,24/09/2021,OL2 7QH,S,N,L,OLDHAM,OLDHAM,GREATER MANCHESTER,2021,9,12.28765724
220000,17/09/2021,BL3 2LJ,T,N,F,BOLTON,BOLTON,GREATER MANCHESTER,2021,9,12.30138737
165000,27/08/2021,OL8 3JU,S,N,F,OLDHAM,OLDHAM,GREATER MANCHESTER,2021,8,12.01370681
350000,28/01/2021,M28 7HD,S,N,L,MANCHESTER,SALFORD,GREATER MANCHESTER,2021,1,12.76569129
355000,17/09/2021,OL10 4UU,D,N,F,HEYWOOD,ROCHDALE,GREATER MANCHESTER,2021,9,12.77987589
170000,29/06/2021,M25 2WL,T,N,F,MANCHESTER,BURY,GREATER MANCHESTER,2021,6,12.0435596
328000,10/12/2021,M33 5TQ,T,N,L,SALE,TRAFFORD,GREATER MANCHESTER,2021,12,12.70077194
186000,30/07/2021,SK3 9JN,T,N,F,STOCKPORT,STOCKPORT,GREATER MANCHESTER,2021,7,12.13350733
192000,30/11/2021,WN5 7DF,S,N,L,WIGAN,WIGAN,GREATER MANCHESTER,2021,11,12.16525586
165000,13/08/2021,SK5 6PP,T,N,F,STOCKPORT,STOCKPORT,GREATER MANCHESTER,2021,8,12.01370681
133500,22/07/2021,WN4 9EG,S,N,F,WIGAN,WIGAN,GREATER MANCHESTER,2021,7,11.80186425
107500,27/08/2021,OL3 7LE,F,N,L,OLDHAM,OLDHAM,GREATER MANCHESTER,2021,8,11.58525543
155000,10/09/2021,OL16 4TS,S,N,L,ROCHDALE,ROCHDALE,GREATER MANCHESTER,2021,9,11.95118685
225000,07/07/2021,WN6 9ET,S,N,L,WIGAN,WIGAN,GREATER MANCHESTER,2021,7,12.32386013
330000,10/12/2021,GL12 7AZ,S,N,F,WOTTON-UNDER-EDGE,STROUD,GLOUCESTERSHIRE,2021,12,12.70685096
800000,26/07/2021,GL54 2LG,D,N,F,CHELTENHAM,COTSWOLD,GLOUCESTERSHIRE,2021,7,13.59236826
287500,29/07/2021,GL2 8EB,D,N,F,GLOUCESTER,FOREST OF DEAN,GLOUCESTERSHIRE,2021,7,12.56898162
239000,27/08/2021,GL14 2LT,S,N,F,CINDERFORD,FOREST OF DEAN,GLOUCESTERSHIRE,2021,8,12.38422302
399950,13/07/2021,GL15 6NX,D,N,F,LYDNEY,FOREST OF DEAN,GLOUCESTERSHIRE,2021,7,12.89909732
195000,21/12/2021,GL14 1DN,T,N,F,NEWNHAM,FOREST OF DEAN,GLOUCESTERSHIRE,2021,12,12.18075997
300000,16/09/2021,GL5 3PG,S,N,F,STROUD,STROUD,GLOUCESTERSHIRE,2021,9,12.61154109
205000,25/08/2021,GL6 8NJ,T,N,F,STROUD,STROUD,GLOUCESTERSHIRE,2021,8,12.23077014
400000,14/05/2021,GL3 2RF,S,N,F,GLOUCESTER,TEWKESBURY,GLOUCESTERSHIRE,2021,5,12.89922233
207000,03/09/2021,GL50 4HU,T,N,F,CHELTENHAM,CHELTENHAM,GLOUCESTERSHIRE,2021,9,12.2404789
227000,21/07/2021,GL51 6PZ,F,N,L,CHELTENHAM,CHELTENHAM,GLOUCESTERSHIRE,2021,7,12.3327097
580000,26/11/2021,GL54 5NQ,D,N,F,CHELTENHAM,TEWKESBURY,GLOUCESTERSHIRE,2021,11,13.27078511
346000,10/09/2021,GL2 4GH,D,N,F,GLOUCESTER,GLOUCESTER,GLOUCESTERSHIRE,2021,9,12.75419694
248000,18/08/2021,GL3 3TA,S,N,F,GLOUCESTER,TEWKESBURY,GLOUCESTERSHIRE,2021,8,12.42118806
475000,24/09/2021,GL11 4JR,D,N,F,DURSLEY,STROUD,GLOUCESTERSHIRE,2021,9,13.07107219
372000,08/09/2021,GL7 6HZ,D,N,F,CIRENCESTER,COTSWOLD,GLOUCESTERSHIRE,2021,9,12.82665182
514500,17/11/2021,GL4 5UB,D,N,F,GLOUCESTER,GLOUCESTER,GLOUCESTERSHIRE,2021,11,13.15095278
261000,06/08/2021,GL16 8DR,S,N,F,COLEFORD,FOREST OF DEAN,GLOUCESTERSHIRE,2021,8,12.47227952
165000,26/11/2021,GL16 8EH,T,N,F,COLEFORD,FOREST OF DEAN,GLOUCESTERSHIRE,2021,11,12.01370681
490000,27/09/2021,GL7 3SF,D,N,F,LECHLADE,COTSWOLD,GLOUCESTERSHIRE,2021,9,13.10216271
272000,20/08/2021,GL14 3AE,D,N,F,CINDERFORD,FOREST OF DEAN,GLOUCESTERSHIRE,2021,8,12.51356102
245000,16/08/2021,GL4 5EY,S,N,F,GLOUCESTER,GLOUCESTER,GLOUCESTERSHIRE,2021,8,12.40901757
210000,29/10/2021,GL3 1LY,T,N,F,GLOUCESTER,TEWKESBURY,GLOUCESTERSHIRE,2021,10,12.25486757
226000,27/08/2021,GL51 0AF,T,N,F,CHELTENHAM,CHELTENHAM,GLOUCESTERSHIRE,2021,8,12.3282947
205000,17/12/2021,GL2 4GR,T,N,F,GLOUCESTER,GLOUCESTER,GLOUCESTERSHIRE,2021,12,12.23077014
164950,21/12/2021,GL14 3BX,T,N,F,CINDERFORD,FOREST OF DEAN,GLOUCESTERSHIRE,2021,12,12.01340374
305000,29/06/2021,GL12 7DN,D,N,F,WOTTON-UNDER-EDGE,STROUD,GLOUCESTERSHIRE,2021,6,12.62807033
432500,14/12/2021,BS32 0HH,D,N,F,BRISTOL,SOUTH GLOUCESTERSHIRE,SOUTH GLOUCESTERSHIRE,2021,12,12.97733992
85000,24/11/2021,GL5 1DW,F,N,L,STROUD,STROUD,GLOUCESTERSHIRE,2021,11,11.3504183
170000,10/09/2021,GL17 0AZ,S,N,F,MITCHELDEAN,FOREST OF DEAN,GLOUCESTERSHIRE,2021,9,12.0435596
333130,24/06/2021,BS16 5UB,T,N,F,BRISTOL,SOUTH GLOUCESTERSHIRE,SOUTH GLOUCESTERSHIRE,2021,6,12.71629108
500000,30/06/2021,NP16 7HY,D,N,F,CHEPSTOW,FOREST OF DEAN,GLOUCESTERSHIRE,2021,6,13.12236538
300000,14/07/2021,BS35 2EN,S,N,F,BRISTOL,SOUTH GLOUCESTERSHIRE,SOUTH GLOUCESTERSHIRE,2021,7,12.61154109
260000,25/08/2021,BS34 5DH,T,N,F,BRISTOL,SOUTH GLOUCESTERSHIRE,SOUTH GLOUCESTERSHIRE,2021,8,12.46844076
149000,20/08/2021,GL3 4BN,F,N,L,GLOUCESTER,STROUD,GLOUCESTERSHIRE,2021,8,11.9117083
122000,23/08/2021,GL18 1TY,F,N,L,NEWENT,FOREST OF DEAN,GLOUCESTERSHIRE,2021,8,11.71178452
400000,27/07/2021,GL52 9HG,D,N,F,CHELTENHAM,TEWKESBURY,GLOUCESTERSHIRE,2021,7,12.89922233
482000,26/08/2021,GL3 4LU,D,N,F,GLOUCESTER,TEWKESBURY,GLOUCESTERSHIRE,2021,8,13.08570147
160000,31/08/2021,GL1 1QE,T,N,F,GLOUCESTER,GLOUCESTER,GLOUCESTERSHIRE,2021,8,11.98293534
305000,26/07/2021,GL2 5FY,D,N,F,GLOUCESTER,GLOUCESTER,GLOUCESTERSHIRE,2021,7,12.62807033
687500,29/09/2021,GL10 3AA,D,N,F,STONEHOUSE,STROUD,GLOUCESTERSHIRE,2021,9,13.44081856
190000,10/12/2021,BS32 8FE,F,N,L,BRISTOL,SOUTH GLOUCESTERSHIRE,SOUTH GLOUCESTERSHIRE,2021,12,12.15478461
230000,20/08/2021,GL2 5GH,T,N,F,GLOUCESTER,GLOUCESTER,GLOUCESTERSHIRE,2021,8,12.34583894
340000,30/07/2021,GL2 0HT,S,N,F,GLOUCESTER,GLOUCESTER,GLOUCESTERSHIRE,2021,7,12.73670384
224000,12/07/2021,GL4 0DR,T,N,F,GLOUCESTER,GLOUCESTER,GLOUCESTERSHIRE,2021,7,12.3194058
566000,21/12/2021,GL18 1QR,D,N,F,NEWENT,FOREST OF DEAN,GLOUCESTERSHIRE,2021,12,13.24635112
267000,19/07/2021,GL20 8DB,S,N,F,TEWKESBURY,TEWKESBURY,GLOUCESTERSHIRE,2021,7,12.49500768
205000,27/08/2021,GL5 4EH,D,N,F,STROUD,STROUD,GLOUCESTERSHIRE,2021,8,12.23077014
84000,09/07/2021,BS32 4DA,F,N,L,BRISTOL,SOUTH GLOUCESTERSHIRE,SOUTH GLOUCESTERSHIRE,2021,7,11.33858398
585000,28/06/2021,GL53 8NQ,S,N,F,CHELTENHAM,CHELTENHAM,GLOUCESTERSHIRE,2021,6,13.27936884
135000,30/07/2021,GL5 4EH,F,N,L,STROUD,STROUD,GLOUCESTERSHIRE,2021,7,11.81303746
775000,30/06/2021,BS35 3SQ,D,N,F,BRISTOL,SOUTH GLOUCESTERSHIRE,SOUTH GLOUCESTERSHIRE,2021,6,13.5606196
269950,30/06/2021,NP16 7FD,T,N,F,CHEPSTOW,FOREST OF DEAN,GLOUCESTERSHIRE,2021,6,12.50599574
180000,30/07/2021,GL4 6QA,S,N,F,GLOUCESTER,GLOUCESTER,GLOUCESTERSHIRE,2021,7,12.10071769
79500,01/04/2021,GL1 2EA,F,N,L,GLOUCESTER,GLOUCESTER,GLOUCESTERSHIRE,2021,4,11.28352488
115000,21/04/2021,GL4 4FD,F,N,L,GLOUCESTER,GLOUCESTER,GLOUCESTERSHIRE,2021,4,11.6526961
275000,28/09/2021,GL1 5AL,S,N,F,GLOUCESTER,GLOUCESTER,GLOUCESTERSHIRE,2021,9,12.52453001
115000,29/01/2021,GL1 4NR,F,N,L,GLOUCESTER,GLOUCESTER,GLOUCESTERSHIRE,2021,1,11.6526961
240150,12/11/2021,GL16 8AU,S,N,F,COLEFORD,FOREST OF DEAN,GLOUCESTERSHIRE,2021,11,12.38902317
270000,14/12/2021,BS15 8JD,T,N,F,BRISTOL,SOUTH GLOUCESTERSHIRE,SOUTH GLOUCESTERSHIRE,2021,12,12.50618094
230000,07/07/2021,GL2 0DT,S,N,F,GLOUCESTER,GLOUCESTER,GLOUCESTERSHIRE,2021,7,12.34583894
514995,03/10/2021,GL53 0FL,D,Y,F,CHELTENHAM,TEWKESBURY,GLOUCESTERSHIRE,2021,10,13.15191441
235000,16/09/2021,GL50 3NY,F,N,L,CHELTENHAM,CHELTENHAM,GLOUCESTERSHIRE,2021,9,12.36734505
425000,24/09/2021,GL20 8WE,D,Y,F,TEWKESBURY,TEWKESBURY,GLOUCESTERSHIRE,2021,9,12.9598468
349000,04/08/2021,BS15 1PR,S,N,F,BRISTOL,SOUTH GLOUCESTERSHIRE,SOUTH GLOUCESTERSHIRE,2021,8,12.76283007
265000,20/12/2021,BS30 9DP,T,N,F,BRISTOL,SOUTH GLOUCESTERSHIRE,SOUTH GLOUCESTERSHIRE,2021,12,12.48748888
270000,15/12/2021,GL3 2SB,D,N,F,GLOUCESTER,TEWKESBURY,GLOUCESTERSHIRE,2021,12,12.50618094
265000,22/10/2021,BS16 1YG,F,Y,L,BRISTOL,SOUTH GLOUCESTERSHIRE,SOUTH GLOUCESTERSHIRE,2021,10,12.48748888
294950,13/09/2021,BS16 1YG,F,Y,L,BRISTOL,SOUTH GLOUCESTERSHIRE,SOUTH GLOUCESTERSHIRE,2021,9,12.59456452
310000,12/11/2021,BS16 1YG,F,Y,L,BRISTOL,SOUTH GLOUCESTERSHIRE,SOUTH GLOUCESTERSHIRE,2021,11,12.6443308
280000,03/11/2021,BS16 1YG,F,Y,L,BRISTOL,SOUTH GLOUCESTERSHIRE,SOUTH GLOUCESTERSHIRE,2021,11,12.54254845
415000,01/12/2021,BS30 9QG,D,N,F,BRISTOL,SOUTH GLOUCESTERSHIRE,SOUTH GLOUCESTERSHIRE,2021,12,12.93603621
310000,30/11/2021,BS16 1YF,F,Y,L,BRISTOL,SOUTH GLOUCESTERSHIRE,SOUTH GLOUCESTERSHIRE,2021,11,12.6443308
245000,15/09/2021,GL56 0EH,T,N,F,MORETON-IN-MARSH,COTSWOLD,GLOUCESTERSHIRE,2021,9,12.40901757
375000,22/03/2021,GL19 3DT,D,N,F,GLOUCESTER,FOREST OF DEAN,GLOUCESTERSHIRE,2021,3,12.83468397
194000,14/10/2021,GL50 3PX,F,N,L,CHELTENHAM,CHELTENHAM,GLOUCESTERSHIRE,2021,10,12.17561859
379950,15/09/2021,GL4 4WH,D,N,F,GLOUCESTER,GLOUCESTER,GLOUCESTERSHIRE,2021,9,12.84779758
282000,07/09/2021,BS30 8UR,T,N,F,BRISTOL,SOUTH GLOUCESTERSHIRE,SOUTH GLOUCESTERSHIRE,2021,9,12.5496659
215000,16/07/2021,GL1 5QJ,S,N,F,GLOUCESTER,GLOUCESTER,GLOUCESTERSHIRE,2021,7,12.27839796
280000,12/08/2021,BS15 4QA,T,N,L,BRISTOL,SOUTH GLOUCESTERSHIRE,SOUTH GLOUCESTERSHIRE,2021,8,12.54254845
358000,20/12/2021,GL3 1JP,D,N,F,GLOUCESTER,TEWKESBURY,GLOUCESTERSHIRE,2021,12,12.78829106
256000,03/12/2021,GL2 0NQ,S,N,F,GLOUCESTER,GLOUCESTER,GLOUCESTERSHIRE,2021,12,12.45293663
210000,18/08/2021,GL50 4SP,D,N,F,CHELTENHAM,CHELTENHAM,GLOUCESTERSHIRE,2021,8,12.25486757
255000,30/07/2021,GL4 0BX,S,N,F,GLOUCESTER,GLOUCESTER,GLOUCESTERSHIRE,2021,7,12.44902275
300000,29/07/2021,GL3 3LQ,D,N,F,GLOUCESTER,GLOUCESTER,GLOUCESTERSHIRE,2021,7,12.61154109
360000,05/08/2021,GL7 2NG,D,N,F,CIRENCESTER,COTSWOLD,GLOUCESTERSHIRE,2021,8,12.79386209
248000,03/08/2021,GL50 4SP,T,N,F,CHELTENHAM,CHELTENHAM,GLOUCESTERSHIRE,2021,8,12.42118806
125000,29/07/2021,GL1 4XA,T,N,F,GLOUCESTER,GLOUCESTER,GLOUCESTERSHIRE,2021,7,11.73607702
275000,15/07/2021,GL11 5BA,S,N,F,DURSLEY,STROUD,GLOUCESTERSHIRE,2021,7,12.52453001
194000,20/07/2021,GL4 4TD,T,N,F,GLOUCESTER,GLOUCESTER,GLOUCESTERSHIRE,2021,7,12.17561859
510000,22/06/2021,AL10 8TN,D,N,F,HATFIELD,WELWYN HATFIELD,HERTFORDSHIRE,2021,6,13.14216797
365000,06/09/2021,AL9 7LP,T,N,F,HATFIELD,WELWYN HATFIELD,HERTFORDSHIRE,2021,9,12.80765537
515000,29/11/2021,AL3 4RA,T,N,F,ST ALBANS,ST ALBANS,HERTFORDSHIRE,2021,11,13.15192412
425000,27/07/2021,WD6 4LG,T,N,F,BOREHAMWOOD,HERTSMERE,HERTFORDSHIRE,2021,7,12.9598468
970000,18/06/2021,WD3 5AA,D,N,F,RICKMANSWORTH,THREE RIVERS,HERTFORDSHIRE,2021,6,13.78505238
412500,01/09/2021,SG12 8EG,T,N,F,WARE,EAST HERTFORDSHIRE,HERTFORDSHIRE,2021,9,12.92999391
777500,20/09/2021,EN7 5HQ,D,N,F,WALTHAM CROSS,BROXBOURNE,HERTFORDSHIRE,2021,9,13.56384021
328000,12/08/2021,SG5 2SH,T,N,F,HITCHIN,NORTH HERTFORDSHIRE,HERTFORDSHIRE,2021,8,12.70077194
320000,28/06/2021,SG2 8JL,T,N,F,STEVENAGE,STEVENAGE,HERTFORDSHIRE,2021,6,12.6760794
302000,30/06/2021,SG2 8RW,T,N,F,STEVENAGE,STEVENAGE,HERTFORDSHIRE,2021,6,12.61818561
339995,28/06/2021,CM23 4JD,S,N,F,BISHOP'S STORTFORD,EAST HERTFORDSHIRE,HERTFORDSHIRE,2021,6,12.73668913
415000,17/12/2021,EN6 3PX,S,N,F,POTTERS BAR,HERTSMERE,HERTFORDSHIRE,2021,12,12.93603621
863750,29/06/2021,WD3 4EJ,S,N,F,RICKMANSWORTH,THREE RIVERS,HERTFORDSHIRE,2021,6,13.66903981
650000,15/09/2021,HP23 5JX,S,N,F,TRING,DACORUM,HERTFORDSHIRE,2021,9,13.38472918
485000,12/02/2021,EN8 9HN,S,N,F,WALTHAM CROSS,BROXBOURNE,HERTFORDSHIRE,2021,2,13.09190623
385000,17/12/2021,SG1 3SE,S,N,F,STEVENAGE,STEVENAGE,HERTFORDSHIRE,2021,12,12.86100121
370000,08/12/2021,WD3 1BP,F,N,L,RICKMANSWORTH,THREE RIVERS,HERTFORDSHIRE,2021,12,12.82126099
395000,10/08/2021,SG1 3RR,T,N,F,STEVENAGE,STEVENAGE,HERTFORDSHIRE,2021,8,12.88664358
770000,18/06/2021,AL2 3UN,D,N,F,ST ALBANS,ST ALBANS,HERTFORDSHIRE,2021,6,13.55414709
1726000,03/12/2021,AL6 0AT,D,N,F,WELWYN,WELWYN HATFIELD,HERTFORDSHIRE,2021,12,14.36131773
420000,28/06/2021,WD19 4BJ,T,N,F,WATFORD,THREE RIVERS,HERTFORDSHIRE,2021,6,12.94801237
200000,20/08/2021,WD18 7SZ,T,N,F,WATFORD,WATFORD,HERTFORDSHIRE,2021,8,12.20607765
405000,28/06/2021,WD5 0PN,T,N,F,ABBOTS LANGLEY,THREE RIVERS,HERTFORDSHIRE,2021,6,12.91164482
330000,27/08/2021,EN7 6HW,T,N,F,WALTHAM CROSS,BROXBOURNE,HERTFORDSHIRE,2021,8,12.70685096
450000,17/12/2021,SG14 3LW,T,N,F,HERTFORD,EAST HERTFORDSHIRE,HERTFORDSHIRE,2021,12,13.01700508
545000,23/06/2021,WD24 7PA,T,N,F,WATFORD,WATFORD,HERTFORDSHIRE,2021,6,13.20854291
327000,26/08/2021,EN8 0QY,T,N,F,WALTHAM CROSS,BROXBOURNE,HERTFORDSHIRE,2021,8,12.69771851
380000,09/08/2021,SG4 0PL,S,N,F,HITCHIN,NORTH HERTFORDSHIRE,HERTFORDSHIRE,2021,8,12.84792916
445000,29/11/2021,WD19 5AA,D,N,F,WATFORD,THREE RIVERS,HERTFORDSHIRE,2021,11,13.00583181
625000,29/06/2021,WD24 7NS,S,N,F,WATFORD,WATFORD,HERTFORDSHIRE,2021,6,13.34550853
320000,17/09/2021,WD3 3LT,F,N,L,RICKMANSWORTH,THREE RIVERS,HERTFORDSHIRE,2021,9,12.6760794
465000,27/08/2021,AL4 8NQ,S,N,F,ST ALBANS,ST ALBANS,HERTFORDSHIRE,2021,8,13.04979484
610000,15/12/2021,SG6 3RT,S,N,F,LETCHWORTH GARDEN CITY,NORTH HERTFORDSHIRE,HERTFORDSHIRE,2021,12,13.32121588
87000,27/08/2021,HU4 6JB,T,N,F,HULL,CITY OF KINGSTON UPON HULL,CITY OF KINGSTON UPON HULL,2021,8,11.37367489
230000,03/09/2021,DN20 8DY,D,N,F,BRIGG,NORTH LINCOLNSHIRE,NORTH LINCOLNSHIRE,2021,9,12.34583894
245000,23/07/2021,DN18 5FD,D,N,F,BARTON-UPON-HUMBER,NORTH LINCOLNSHIRE,NORTH LINCOLNSHIRE,2021,7,12.40901757
148000,02/08/2021,DN33 3HW,T,N,F,GRIMSBY,NORTH EAST LINCOLNSHIRE,NORTH EAST LINCOLNSHIRE,2021,8,11.90497431
166000,08/12/2021,DN15 8GQ,D,N,F,SCUNTHORPE,NORTH LINCOLNSHIRE,NORTH LINCOLNSHIRE,2021,12,12.01974909
83000,14/12/2021,HU4 6SA,F,N,L,HULL,CITY OF KINGSTON UPON HULL,CITY OF KINGSTON UPON HULL,2021,12,11.32660793
127500,26/08/2021,DN17 1LE,S,N,F,SCUNTHORPE,NORTH LINCOLNSHIRE,NORTH LINCOLNSHIRE,2021,8,11.75587949
145000,10/12/2021,DN40 3JR,S,N,F,IMMINGHAM,NORTH LINCOLNSHIRE,NORTH LINCOLNSHIRE,2021,12,11.88449592
108000,07/09/2021,DN35 7PF,T,N,F,CLEETHORPES,NORTH EAST LINCOLNSHIRE,NORTH EAST LINCOLNSHIRE,2021,9,11.58989577
110000,26/08/2021,DN37 9EG,S,N,F,GRIMSBY,NORTH EAST LINCOLNSHIRE,NORTH EAST LINCOLNSHIRE,2021,8,11.60824474
185000,28/06/2021,YO15 1BW,S,N,F,BRIDLINGTON,EAST RIDING OF YORKSHIRE,EAST RIDING OF YORKSHIRE,2021,6,12.12811651
58000,03/09/2021,DN20 9DG,F,N,L,BRIGG,NORTH LINCOLNSHIRE,NORTH LINCOLNSHIRE,2021,9,10.96821553
145000,14/05/2021,HU7 4AA,S,N,F,HULL,CITY OF KINGSTON UPON HULL,CITY OF KINGSTON UPON HULL,2021,5,11.88449592
125000,30/07/2021,HU4 6JU,T,N,F,HULL,CITY OF KINGSTON UPON HULL,CITY OF KINGSTON UPON HULL,2021,7,11.73607702
130000,13/08/2021,HU4 7AH,T,N,F,HULL,CITY OF KINGSTON UPON HULL,CITY OF KINGSTON UPON HULL,2021,8,11.77529742
73500,05/08/2021,DN16 3NS,F,N,L,SCUNTHORPE,NORTH LINCOLNSHIRE,NORTH LINCOLNSHIRE,2021,8,11.20505429
148000,28/07/2021,DN37 9HT,T,N,F,GRIMSBY,NORTH EAST LINCOLNSHIRE,NORTH EAST LINCOLNSHIRE,2021,7,11.90497431
110000,27/08/2021,HU9 2PL,T,N,F,HULL,CITY OF KINGSTON UPON HULL,CITY OF KINGSTON UPON HULL,2021,8,11.60824474
215000,06/08/2021,DN33 3SU,D,N,F,GRIMSBY,NORTH EAST LINCOLNSHIRE,NORTH EAST LINCOLNSHIRE,2021,8,12.27839796
143000,18/08/2021,HU7 4WH,T,N,F,HULL,CITY OF KINGSTON UPON HULL,CITY OF KINGSTON UPON HULL,2021,8,11.8706069
42500,22/07/2021,,F,N,L,CLEETHORPES,NORTH EAST LINCOLNSHIRE,NORTH EAST LINCOLNSHIRE,2021,7,10.65728288
235000,26/11/2021,HU7 4WL,D,N,F,HULL,CITY OF KINGSTON UPON HULL,CITY OF KINGSTON UPON HULL,2021,11,12.36734505
145000,28/07/2021,DN37 7HF,S,N,F,GRIMSBY,NORTH EAST LINCOLNSHIRE,NORTH EAST LINCOLNSHIRE,2021,7,11.88449592
140000,09/08/2021,DN16 3LF,S,N,F,SCUNTHORPE,NORTH LINCOLNSHIRE,NORTH LINCOLNSHIRE,2021,8,11.84940484
150000,06/08/2021,HU7 4ZR,S,N,F,HULL,CITY OF KINGSTON UPON HULL,CITY OF KINGSTON UPON HULL,2021,8,11.91839724
99000,01/09/2021,HU2 8JR,F,N,L,HULL,CITY OF KINGSTON UPON HULL,CITY OF KINGSTON UPON HULL,2021,9,11.50288523
125000,22/09/2021,DN20 8PQ,T,N,F,BRIGG,NORTH LINCOLNSHIRE,NORTH LINCOLNSHIRE,2021,9,11.73607702
135000,30/07/2021,DN16 3HG,S,N,F,SCUNTHORPE,NORTH LINCOLNSHIRE,NORTH LINCOLNSHIRE,2021,7,11.81303746
141950,22/11/2021,DN15 8PE,S,N,F,SCUNTHORPE,NORTH LINCOLNSHIRE,NORTH LINCOLNSHIRE,2021,11,11.86323721
340500,29/06/2021,HP23 6AZ,T,N,F,TRING,DACORUM,HERTFORDSHIRE,2021,6,12.73817334
285000,27/08/2021,SG2 9HD,T,N,F,STEVENAGE,STEVENAGE,HERTFORDSHIRE,2021,8,12.56024797
760000,16/08/2021,HP4 2LN,D,N,F,BERKHAMSTED,DACORUM,HERTFORDSHIRE,2021,8,13.54107503
1530000,29/06/2021,HP4 2NP,D,N,F,BERKHAMSTED,DACORUM,HERTFORDSHIRE,2021,6,14.24077895
695000,09/09/2021,CM23 2HE,D,N,F,BISHOP'S STORTFORD,EAST HERTFORDSHIRE,HERTFORDSHIRE,2021,9,13.45166856
220000,01/09/2021,WD17 4PZ,F,N,L,WATFORD,WATFORD,HERTFORDSHIRE,2021,9,12.30138737
215000,31/08/2021,AL7 2DS,F,N,L,WELWYN GARDEN CITY,WELWYN HATFIELD,HERTFORDSHIRE,2021,8,12.27839796
345000,26/11/2021,AL7 3ST,T,N,F,WELWYN GARDEN CITY,WELWYN HATFIELD,HERTFORDSHIRE,2021,11,12.75130259
525000,10/08/2021,AL4 9NP,T,N,F,ST ALBANS,ST ALBANS,HERTFORDSHIRE,2021,8,13.17115545
347500,10/05/2021,HP2 5UB,T,N,F,HEMEL HEMPSTEAD,DACORUM,HERTFORDSHIRE,2021,5,12.75852282
359000,17/12/2021,AL7 1QY,T,N,F,WELWYN GARDEN CITY,WELWYN HATFIELD,HERTFORDSHIRE,2021,12,12.79108045
292500,26/05/2021,SG1 4LY,T,N,F,STEVENAGE,STEVENAGE,HERTFORDSHIRE,2021,5,12.58622336
630000,02/08/2021,AL5 4XH,S,N,F,HARPENDEN,ST ALBANS,HERTFORDSHIRE,2021,8,13.35347669
370000,10/09/2021,SG7 6JP,T,N,F,BALDOCK,NORTH HERTFORDSHIRE,HERTFORDSHIRE,2021,9,12.82126099
400000,30/06/2021,HP1 1TE,T,N,F,HEMEL HEMPSTEAD,DACORUM,HERTFORDSHIRE,2021,6,12.89922233
295000,07/05/2021,AL4 9TX,F,N,L,ST ALBANS,ST ALBANS,HERTFORDSHIRE,2021,5,12.59473403
348000,28/07/2021,AL10 8XU,T,N,F,HATFIELD,WELWYN HATFIELD,HERTFORDSHIRE,2021,7,12.75996063
480000,25/06/2021,EN7 5JS,S,N,F,WALTHAM CROSS,BROXBOURNE,HERTFORDSHIRE,2021,6,13.08154347
318750,15/12/2021,SG6 1DZ,T,N,F,LETCHWORTH GARDEN CITY,NORTH HERTFORDSHIRE,HERTFORDSHIRE,2021,12,12.67216551
418000,26/11/2021,AL7 1RE,S,N,F,WELWYN GARDEN CITY,WELWYN HATFIELD,HERTFORDSHIRE,2021,11,12.9432391
1150000,24/03/2021,SG4 9PL,S,N,F,HITCHIN,NORTH HERTFORDSHIRE,HERTFORDSHIRE,2021,3,13.95527337
525000,01/12/2021,AL2 1JP,D,N,F,ST ALBANS,ST ALBANS,HERTFORDSHIRE,2021,12,13.17115545
1600000,10/02/2021,SG6 3PX,D,N,F,LETCHWORTH GARDEN CITY,NORTH HERTFORDSHIRE,HERTFORDSHIRE,2021,2,14.28551481
1197000,10/08/2021,AL5 5TZ,D,N,F,HARPENDEN,ST ALBANS,HERTFORDSHIRE,2021,8,13.99532982
2725000,31/08/2021,AL1 4RB,D,N,F,ST ALBANS,ST ALBANS,HERTFORDSHIRE,2021,8,14.81797935
165000,16/12/2021,EN8 7GB,F,N,L,WALTHAM CROSS,BROXBOURNE,HERTFORDSHIRE,2021,12,12.01370681
435000,24/06/2021,SG4 9JR,S,N,F,HITCHIN,NORTH HERTFORDSHIRE,HERTFORDSHIRE,2021,6,12.98310361
305000,30/06/2021,AL10 0AT,T,N,F,HATFIELD,WELWYN HATFIELD,HERTFORDSHIRE,2021,6,12.62807033
980000,24/08/2021,HP2 4NJ,D,N,F,HEMEL HEMPSTEAD,DACORUM,HERTFORDSHIRE,2021,8,13.79530887
272000,29/07/2021,SG7 5DH,T,N,F,BALDOCK,NORTH HERTFORDSHIRE,HERTFORDSHIRE,2021,7,12.51356102
1500000,26/08/2021,HA6 3DQ,D,N,F,NORTHWOOD,THREE RIVERS,HERTFORDSHIRE,2021,8,14.22097633
240000,24/02/2021,EN11 9DT,F,N,L,HODDESDON,BROXBOURNE,HERTFORDSHIRE,2021,2,12.38839837
350000,13/08/2021,CM23 4BY,T,N,F,BISHOP'S STORTFORD,EAST HERTFORDSHIRE,HERTFORDSHIRE,2021,8,12.76569129
312000,13/05/2021,WD17 4BQ,F,N,L,WATFORD,WATFORD,HERTFORDSHIRE,2021,5,12.65076167
270000,26/07/2021,EN10 6GF,F,N,L,BROXBOURNE,BROXBOURNE,HERTFORDSHIRE,2021,7,12.50618094
417500,09/09/2021,AL6 9HX,T,N,F,WELWYN,WELWYN HATFIELD,HERTFORDSHIRE,2021,9,12.94204222
999950,26/08/2021,AL9 7UG,D,N,F,HATFIELD,WELWYN HATFIELD,HERTFORDSHIRE,2021,8,13.81546156
650000,07/12/2021,EN6 1QF,S,N,F,POTTERS BAR,HERTSMERE,HERTFORDSHIRE,2021,12,13.38472918
155000,18/08/2021,SG4 0DB,F,N,L,HITCHIN,NORTH HERTFORDSHIRE,HERTFORDSHIRE,2021,8,11.95118685
417500,31/08/2021,AL1 3GQ,F,N,L,ST ALBANS,ST ALBANS,HERTFORDSHIRE,2021,8,12.94204222
210000,30/06/2021,SG1 4GF,F,N,L,STEVENAGE,STEVENAGE,HERTFORDSHIRE,2021,6,12.25486757
965000,25/06/2021,WD23 3PN,D,N,F,BUSHEY,HERTSMERE,HERTFORDSHIRE,2021,6,13.77988442
301500,17/12/2021,AL10 9RX,F,N,L,HATFIELD,WELWYN HATFIELD,HERTFORDSHIRE,2021,12,12.61652861
327000,05/03/2021,SG6 4QH,T,N,F,LETCHWORTH GARDEN CITY,NORTH HERTFORDSHIRE,HERTFORDSHIRE,2021,3,12.69771851
268620,19/11/2021,HP2 4TR,F,N,L,HEMEL HEMPSTEAD,DACORUM,HERTFORDSHIRE,2021,11,12.50105674
450000,17/12/2021,SG5 3XS,T,N,F,HITCHIN,NORTH HERTFORDSHIRE,HERTFORDSHIRE,2021,12,13.01700508
538500,20/09/2021,AL3 7BF,S,N,F,ST ALBANS,ST ALBANS,HERTFORDSHIRE,2021,9,13.19654463
256500,22/07/2021,EN10 7JX,F,N,L,BROXBOURNE,BROXBOURNE,HERTFORDSHIRE,2021,7,12.45488784
1295000,01/09/2021,EN6 1LW,D,N,F,POTTERS BAR,HERTSMERE,HERTFORDSHIRE,2021,9,14.07402203
465000,02/09/2021,SG2 7NT,T,N,F,STEVENAGE,EAST HERTFORDSHIRE,HERTFORDSHIRE,2021,9,13.04979484
675000,21/06/2021,SG7 5NR,T,N,F,BALDOCK,NORTH HERTFORDSHIRE,HERTFORDSHIRE,2021,6,13.42246945
415000,31/08/2021,HP2 5DS,S,N,F,HEMEL HEMPSTEAD,DACORUM,HERTFORDSHIRE,2021,8,12.93603621
425000,27/08/2021,CM21 0ED,T,N,F,SAWBRIDGEWORTH,EAST HERTFORDSHIRE,HERTFORDSHIRE,2021,8,12.9598468
370000,31/08/2021,EN11 0LX,T,N,F,HODDESDON,BROXBOURNE,HERTFORDSHIRE,2021,8,12.82126099
400000,22/12/2021,SG8 7EY,T,N,F,ROYSTON,NORTH HERTFORDSHIRE,HERTFORDSHIRE,2021,12,12.89922233
550000,25/03/2021,SG12 7BN,S,N,L,WARE,EAST HERTFORDSHIRE,HERTFORDSHIRE,2021,3,13.21767538
120000,25/11/2021,HP3 9GY,F,N,L,HEMEL HEMPSTEAD,DACORUM,HERTFORDSHIRE,2021,11,11.69525536
400000,07/04/2021,AL8 7PS,T,N,F,WELWYN GARDEN CITY,WELWYN HATFIELD,HERTFORDSHIRE,2021,4,12.89922233
487500,03/09/2021,SG9 9EE,D,N,F,BUNTINGFORD,EAST HERTFORDSHIRE,HERTFORDSHIRE,2021,9,13.09704762
315000,28/05/2021,WD24 5AT,T,N,F,WATFORD,WATFORD,HERTFORDSHIRE,2021,5,12.66033109
679000,30/06/2021,EN6 5HY,S,N,F,POTTERS BAR,HERTSMERE,HERTFORDSHIRE,2021,6,13.42837788
865000,03/09/2021,AL5 5SJ,D,N,F,HARPENDEN,ST ALBANS,HERTFORDSHIRE,2021,9,13.67048594
645000,24/06/2021,EN6 2JH,S,N,F,POTTERS BAR,HERTSMERE,HERTFORDSHIRE,2021,6,13.37700715
785000,17/09/2021,EN6 2EH,D,N,F,POTTERS BAR,HERTSMERE,HERTFORDSHIRE,2021,9,13.57344027
332000,30/04/2021,SG1 5EU,T,N,F,STEVENAGE,STEVENAGE,HERTFORDSHIRE,2021,4,12.71289326
530000,23/08/2021,WD23 1GL,T,N,F,BUSHEY,HERTSMERE,HERTFORDSHIRE,2021,8,13.18063417
510000,15/12/2021,HP3 9HQ,T,N,F,HEMEL HEMPSTEAD,DACORUM,HERTFORDSHIRE,2021,12,13.14216797
590000,28/09/2021,AL5 1RJ,D,N,F,HARPENDEN,ST ALBANS,HERTFORDSHIRE,2021,9,13.28787951
455000,09/09/2021,AL1 1UL,D,N,F,ST ALBANS,ST ALBANS,HERTFORDSHIRE,2021,9,13.0280549
380000,01/02/2021,WD6 4SD,T,N,F,BOREHAMWOOD,HERTSMERE,HERTFORDSHIRE,2021,2,12.84792916
447500,17/12/2021,WD23 1SS,T,N,F,BUSHEY,HERTSMERE,HERTFORDSHIRE,2021,12,13.01143405
1220000,10/08/2021,WD3 3HU,D,N,F,RICKMANSWORTH,THREE RIVERS,HERTFORDSHIRE,2021,8,14.01436224
1080000,02/12/2021,WD17 4NU,D,N,F,WATFORD,WATFORD,HERTFORDSHIRE,2021,12,13.89247253
700000,31/08/2021,WD25 8DL,D,N,F,WATFORD,HERTSMERE,HERTFORDSHIRE,2021,8,13.45883704
383000,22/06/2021,WD23 1BX,T,N,F,BUSHEY,HERTSMERE,HERTFORDSHIRE,2021,6,12.85579288
440000,10/09/2021,WD23 3EE,T,N,F,BUSHEY,HERTSMERE,HERTFORDSHIRE,2021,9,12.99453228
496000,22/10/2021,WD17 3HF,D,N,F,WATFORD,WATFORD,HERTFORDSHIRE,2021,10,13.11433322
515000,25/11/2021,AL5 1RE,T,N,F,HARPENDEN,ST ALBANS,HERTFORDSHIRE,2021,11,13.15192412
375000,03/12/2021,HP2 7JN,T,N,F,HEMEL HEMPSTEAD,DACORUM,HERTFORDSHIRE,2021,12,12.83468397
635000,19/11/2021,WD3 3RD,S,N,F,RICKMANSWORTH,THREE RIVERS,HERTFORDSHIRE,2021,11,13.36138185
2200000,27/08/2021,WD7 8PS,D,N,F,RADLETT,HERTSMERE,HERTFORDSHIRE,2021,8,14.60396837
825000,15/09/2021,WD19 4LF,D,N,F,WATFORD,THREE RIVERS,HERTFORDSHIRE,2021,9,13.62313988
285000,28/06/2021,WD24 5AN,T,N,F,WATFORD,WATFORD,HERTFORDSHIRE,2021,6,12.56024797
410000,25/06/2021,EN11 0JH,S,N,F,HODDESDON,BROXBOURNE,HERTFORDSHIRE,2021,6,12.92391488
980000,30/06/2021,WD19 4NL,D,N,F,WATFORD,THREE RIVERS,HERTFORDSHIRE,2021,6,13.79530887
569000,27/05/2021,AL5 1RE,D,N,F,HARPENDEN,ST ALBANS,HERTFORDSHIRE,2021,5,13.25163747
550000,09/12/2021,WD25 9RP,S,N,F,WATFORD,WATFORD,HERTFORDSHIRE,2021,12,13.21767538
525000,18/06/2021,EN6 3HS,S,N,F,POTTERS BAR,HERTSMERE,HERTFORDSHIRE,2021,6,13.17115545
446250,27/08/2021,CM23 4DJ,D,N,F,BISHOP'S STORTFORD,EAST HERTFORDSHIRE,HERTFORDSHIRE,2021,8,13.00863685
420000,29/11/2021,HP2 7JF,T,N,F,HEMEL HEMPSTEAD,DACORUM,HERTFORDSHIRE,2021,11,12.94801237
850000,25/08/2021,AL3 4NH,D,N,F,ST ALBANS,ST ALBANS,HERTFORDSHIRE,2021,8,13.6529928
305000,19/08/2021,SO50 8JU,S,N,F,EASTLEIGH,EASTLEIGH,HAMPSHIRE,2021,8,12.62807033
205000,19/02/2021,PO6 3HJ,S,N,F,PORTSMOUTH,PORTSMOUTH,PORTSMOUTH,2021,2,12.23077014
175000,10/09/2021,PO9 5AZ,S,N,F,HAVANT,HAVANT,HAMPSHIRE,2021,9,12.07254697
300000,26/11/2021,SO18 1NL,S,N,F,SOUTHAMPTON,SOUTHAMPTON,SOUTHAMPTON,2021,11,12.61154109
197500,19/04/2021,SO15 8QB,T,N,F,SOUTHAMPTON,SOUTHAMPTON,SOUTHAMPTON,2021,4,12.19349893
270000,11/08/2021,SO19 4DE,S,N,F,SOUTHAMPTON,SOUTHAMPTON,SOUTHAMPTON,2021,8,12.50618094
317000,16/08/2021,SO53 2AZ,S,N,F,EASTLEIGH,EASTLEIGH,HAMPSHIRE,2021,8,12.66666021
220000,30/06/2021,SO18 5HP,T,N,F,SOUTHAMPTON,SOUTHAMPTON,SOUTHAMPTON,2021,6,12.30138737
210000,25/06/2021,PO2 7LU,T,N,F,PORTSMOUTH,PORTSMOUTH,PORTSMOUTH,2021,6,12.25486757
475000,30/06/2021,BH25 5HY,D,N,F,NEW MILTON,NEW FOREST,HAMPSHIRE,2021,6,13.07107219
232000,05/08/2021,PO9 3EG,T,N,F,HAVANT,HAVANT,HAMPSHIRE,2021,8,12.35449696
350000,26/11/2021,SO31 5EE,S,N,F,SOUTHAMPTON,EASTLEIGH,HAMPSHIRE,2021,11,12.76569129
290000,30/07/2021,PO9 3PX,T,N,F,HAVANT,HAVANT,HAMPSHIRE,2021,7,12.57763965
236000,09/08/2021,SO30 0FD,T,N,F,SOUTHAMPTON,EASTLEIGH,HAMPSHIRE,2021,8,12.37159132
216000,09/09/2021,SO40 3PJ,T,N,F,SOUTHAMPTON,NEW FOREST,HAMPSHIRE,2021,9,12.28303832
508000,20/09/2021,PO16 8JL,D,N,F,FAREHAM,FAREHAM,HAMPSHIRE,2021,9,13.1382387
230000,30/07/2021,PO2 7NQ,T,N,F,PORTSMOUTH,PORTSMOUTH,PORTSMOUTH,2021,7,12.34583894
247000,24/09/2021,SO50 5QB,T,N,F,EASTLEIGH,EASTLEIGH,HAMPSHIRE,2021,9,12.41714766
275000,07/09/2021,PO7 7AP,S,N,F,WATERLOOVILLE,HAVANT,HAMPSHIRE,2021,9,12.52453001
385000,30/06/2021,PO4 0SE,T,N,F,SOUTHSEA,PORTSMOUTH,PORTSMOUTH,2021,6,12.86100121
235000,27/08/2021,PO1 4HS,T,N,F,PORTSMOUTH,PORTSMOUTH,PORTSMOUTH,2021,8,12.36734505
345000,25/06/2021,GU51 3JD,S,N,F,FLEET,HART,HAMPSHIRE,2021,6,12.75130259
450000,16/09/2021,SO45 1ZR,D,N,F,SOUTHAMPTON,NEW FOREST,HAMPSHIRE,2021,9,13.01700508
310000,30/04/2021,SO16 8AY,S,N,F,SOUTHAMPTON,TEST VALLEY,HAMPSHIRE,2021,4,12.6443308
170000,29/11/2021,LN9 6PR,S,N,F,HORNCASTLE,EAST LINDSEY,LINCOLNSHIRE,2021,11,12.0435596
186690,05/10/2021,NG34 9JB,D,N,F,SLEAFORD,NORTH KESTEVEN,LINCOLNSHIRE,2021,10,12.13721012
150000,03/12/2021,LN11 8UW,S,N,F,LOUTH,EAST LINDSEY,LINCOLNSHIRE,2021,12,11.91839724
110000,10/12/2021,LN12 1DG,T,N,F,MABLETHORPE,EAST LINDSEY,LINCOLNSHIRE,2021,12,11.60824474
210000,07/12/2021,PE11 2HU,D,N,F,SPALDING,SOUTH HOLLAND,LINCOLNSHIRE,2021,12,12.25486757
230000,16/12/2021,PE22 0JG,D,N,F,BOSTON,BOSTON,LINCOLNSHIRE,2021,12,12.34583894
180500,04/06/2021,LN6 0LD,D,N,F,LINCOLN,LINCOLN,LINCOLNSHIRE,2021,6,12.1034916
300000,17/12/2021,NG34 0QA,D,N,F,SLEAFORD,SOUTH KESTEVEN,LINCOLNSHIRE,2021,12,12.61154109
150000,16/12/2021,LN3 5SS,S,N,F,LINCOLN,WEST LINDSEY,LINCOLNSHIRE,2021,12,11.91839724
260000,23/07/2021,PE9 1QG,S,N,F,STAMFORD,SOUTH KESTEVEN,LINCOLNSHIRE,2021,7,12.46844076
185000,30/11/2021,NG31 7DX,D,N,F,GRANTHAM,SOUTH KESTEVEN,LINCOLNSHIRE,2021,11,12.12811651
230000,22/11/2021,PE24 5RE,D,N,F,SKEGNESS,EAST LINDSEY,LINCOLNSHIRE,2021,11,12.34583894
442000,19/11/2021,SE9 1NW,T,N,F,LONDON,GREENWICH,GREATER LONDON,2021,11,12.99906742
1200000,26/11/2021,E5 8NF,T,N,F,LONDON,HACKNEY,GREATER LONDON,2021,11,13.99783295
1740000,06/12/2021,W12 7JG,T,N,F,LONDON,HAMMERSMITH AND FULHAM,GREATER LONDON,2021,12,14.36939625
1095000,12/11/2021,SW18 4EZ,T,N,F,LONDON,WANDSWORTH,GREATER LONDON,2021,11,13.90626583
2300000,30/09/2021,SW10 9TX,T,N,F,LONDON,KENSINGTON AND CHELSEA,GREATER LONDON,2021,9,14.64842012
575000,08/01/2021,SW16 6BN,T,N,F,LONDON,WANDSWORTH,GREATER LONDON,2021,1,13.26212706
2387500,12/11/2021,SW15 1LT,T,N,F,LONDON,WANDSWORTH,GREATER LONDON,2021,11,14.68575777
2240000,10/12/2021,SW15 6HL,D,N,F,LONDON,WANDSWORTH,GREATER LONDON,2021,12,14.62198687
2750000,01/12/2021,SW6 6HD,T,N,F,LONDON,HAMMERSMITH AND FULHAM,GREATER LONDON,2021,12,14.82711183
4300000,30/11/2021,SW6 6DT,S,N,F,LONDON,HAMMERSMITH AND FULHAM,GREATER LONDON,2021,11,15.27412581
1345000,05/11/2021,SW6 6NF,T,N,F,LONDON,HAMMERSMITH AND FULHAM,GREATER LONDON,2021,11,14.11190531
7000000,19/11/2021,W1G 8PE,T,N,L,LONDON,CITY OF WESTMINSTER,GREATER LONDON,2021,11,15.76142085
1800000,20/01/2021,SW11 6JE,T,N,F,LONDON,WANDSWORTH,GREATER LONDON,2021,1,14.40329778
603000,29/09/2021,SE4 2DE,T,N,F,LONDON,LEWISHAM,GREATER LONDON,2021,9,13.30967413
2350000,24/11/2021,SW4 9JL,T,N,F,LONDON,LAMBETH,GREATER LONDON,2021,11,14.66992631
199950,29/06/2021,LE12 8YU,T,Y,F,LOUGHBOROUGH,CHARNWOOD,LEICESTERSHIRE,2021,6,12.20582762
144000,28/05/2021,LE18 1HN,S,N,F,WIGSTON,OADBY AND WIGSTON,LEICESTERSHIRE,2021,5,11.87757552
212950,13/04/2021,LE5 0BN,T,Y,F,LEICESTER,LEICESTER,LEICESTER,2021,4,12.26881737
290000,06/08/2021,LE14 4FH,D,Y,F,MELTON MOWBRAY,MELTON,LEICESTERSHIRE,2021,8,12.57763965
325000,10/08/2021,LE14 4FH,D,Y,F,MELTON MOWBRAY,MELTON,LEICESTERSHIRE,2021,8,12.69158354
234000,16/07/2021,LE5 0BU,T,Y,F,LEICESTER,LEICESTER,LEICESTER,2021,7,12.36308067
234995,13/08/2021,LE67 2NA,S,Y,F,COALVILLE,NORTH WEST LEICESTERSHIRE,LEICESTERSHIRE,2021,8,12.36732377
337500,13/08/2021,LE14 4FH,D,Y,F,MELTON MOWBRAY,MELTON,LEICESTERSHIRE,2021,8,12.72932375
230000,11/08/2021,LE3 2SJ,S,N,F,LEICESTER,BLABY,LEICESTERSHIRE,2021,8,12.34583894
277950,17/06/2021,LE5 0BN,T,Y,F,LEICESTER,LEICESTER,LEICESTER,2021,6,12.53520012
155000,14/12/2021,LE12 5HW,T,N,F,LOUGHBOROUGH,CHARNWOOD,LEICESTERSHIRE,2021,12,11.95118685
397995,27/08/2021,LE13 0RH,D,Y,F,MELTON MOWBRAY,MELTON,LEICESTERSHIRE,2021,8,12.89419723
402995,27/08/2021,LE13 0RH,D,Y,F,MELTON MOWBRAY,MELTON,LEICESTERSHIRE,2021,8,12.90668192
479995,27/08/2021,LE13 0RH,D,Y,F,MELTON MOWBRAY,MELTON,LEICESTERSHIRE,2021,8,13.08153305
479500,27/08/2021,LE2 4RZ,D,Y,F,LEICESTER,OADBY AND WIGSTON,LEICESTERSHIRE,2021,8,13.08050126
485000,06/08/2021,LE9 2DU,D,Y,F,LEICESTER,BLABY,LEICESTERSHIRE,2021,8,13.09190623
222000,30/07/2021,LE3 2US,S,N,F,LEICESTER,BLABY,LEICESTERSHIRE,2021,7,12.31043717
353045,23/08/2021,LE67 2NE,D,Y,F,COALVILLE,NORTH WEST LEICESTERSHIRE,LEICESTERSHIRE,2021,8,12.77435364
230000,27/08/2021,LE9 2DX,T,Y,F,LEICESTER,BLABY,LEICESTERSHIRE,2021,8,12.34583894
598000,17/08/2021,LE9 2DX,D,Y,F,LEICESTER,BLABY,LEICESTERSHIRE,2021,8,13.30134771
230000,31/08/2021,LE14 2NR,S,N,F,MELTON MOWBRAY,MELTON,LEICESTERSHIRE,2021,8,12.34583894
479995,27/08/2021,LE13 0RH,D,Y,F,MELTON MOWBRAY,MELTON,LEICESTERSHIRE,2021,8,13.08153305
234950,27/08/2021,LE12 7ZG,T,Y,F,LOUGHBOROUGH,CHARNWOOD,LEICESTERSHIRE,2021,8,12.36713226
289995,24/09/2021,LE13 0RZ,D,Y,F,MELTON MOWBRAY,MELTON,LEICESTERSHIRE,2021,9,12.57762241
500000,28/09/2021,LE9 2DX,D,Y,F,LEICESTER,BLABY,LEICESTERSHIRE,2021,9,13.12236538
294950,17/09/2021,LE12 7ZG,D,Y,F,LOUGHBOROUGH,CHARNWOOD,LEICESTERSHIRE,2021,9,12.59456452
215950,17/09/2021,LE5 0BN,S,Y,F,LEICESTER,LEICESTER,LEICESTER,2021,9,12.28280681
197995,11/06/2021,LE13 0RY,S,Y,F,MELTON MOWBRAY,MELTON,LEICESTERSHIRE,2021,6,12.19600211
235000,02/07/2021,LE9 2DX,D,Y,F,LEICESTER,BLABY,LEICESTERSHIRE,2021,7,12.36734505
394995,27/09/2021,LE13 0RZ,D,Y,F,MELTON MOWBRAY,MELTON,LEICESTERSHIRE,2021,9,12.88663092
295995,24/09/2021,LE13 0RH,D,Y,F,MELTON MOWBRAY,MELTON,LEICESTERSHIRE,2021,9,12.59810122
295995,24/09/2021,LE13 0RZ,D,Y,F,MELTON MOWBRAY,MELTON,LEICESTERSHIRE,2021,9,12.59810122
700000,27/09/2021,LE14 4QX,D,N,F,MELTON MOWBRAY,MELTON,LEICESTERSHIRE,2021,9,13.45883704
357000,30/06/2021,BL3 6PF,D,N,F,BOLTON,BOLTON,GREATER MANCHESTER,2021,6,12.78549386
237995,04/06/2021,WN7 5DA,D,Y,F,LEIGH,WIGAN,GREATER MANCHESTER,2021,6,12.38000915
181995,24/06/2021,WN7 5DA,S,Y,F,LEIGH,WIGAN,GREATER MANCHESTER,2021,6,12.11173999
316995,21/05/2021,M24 6DH,D,Y,F,MANCHESTER,ROCHDALE,GREATER MANCHESTER,2021,5,12.66664443
145800,27/07/2021,SK7 2BB,S,N,F,STOCKPORT,STOCKPORT,GREATER MANCHESTER,2021,7,11.88999796
330000,03/02/2021,WA14 4HJ,S,N,F,ALTRINCHAM,TRAFFORD,GREATER MANCHESTER,2021,2,12.70685096
265995,24/02/2021,OL9 9FT,S,Y,F,OLDHAM,OLDHAM,GREATER MANCHESTER,2021,2,12.49123655
233000,08/07/2021,BL5 1EY,S,N,L,BOLTON,BOLTON,GREATER MANCHESTER,2021,7,12.35879802
207995,29/04/2021,M11 1JT,T,Y,F,MANCHESTER,MANCHESTER,GREATER MANCHESTER,2021,4,12.24527413
165000,30/07/2021,SK3 8RT,T,N,F,STOCKPORT,STOCKPORT,GREATER MANCHESTER,2021,7,12.01370681
187000,23/07/2021,BL9 7TJ,S,N,L,BURY,BURY,GREATER MANCHESTER,2021,7,12.13886924
179995,30/07/2021,M11 1HJ,T,Y,F,MANCHESTER,MANCHESTER,GREATER MANCHESTER,2021,7,12.10068991
190000,06/08/2021,M4 7DS,F,N,L,MANCHESTER,MANCHESTER,GREATER MANCHESTER,2021,8,12.15478461
329000,27/08/2021,BL8 4PT,T,Y,F,BURY,BURY,GREATER MANCHESTER,2021,8,12.70381607
190000,09/07/2021,M4 7DS,F,N,L,MANCHESTER,MANCHESTER,GREATER MANCHESTER,2021,7,12.15478461
125625,26/07/2021,SK4 4LT,F,Y,L,STOCKPORT,STOCKPORT,GREATER MANCHESTER,2021,7,11.74106452
315000,24/09/2021,BL8 4PT,S,Y,F,BURY,BURY,GREATER MANCHESTER,2021,9,12.66033109
70000,29/09/2021,SK6 1QJ,F,N,L,STOCKPORT,STOCKPORT,GREATER MANCHESTER,2021,9,11.15626481
225000,23/09/2021,M27 8BY,D,N,F,MANCHESTER,SALFORD,GREATER MANCHESTER,2021,9,12.32386013
235000,24/09/2021,WA15 7ED,S,N,F,ALTRINCHAM,TRAFFORD,GREATER MANCHESTER,2021,9,12.36734505
327995,05/02/2021,M13 9NJ,T,Y,F,MANCHESTER,MANCHESTER,GREATER MANCHESTER,2021,2,12.70075669
179500,30/09/2021,M7 2GX,F,N,L,SALFORD,SALFORD,GREATER MANCHESTER,2021,9,12.09793606
180000,30/09/2021,M7 2GX,F,N,L,SALFORD,SALFORD,GREATER MANCHESTER,2021,9,12.10071769
187500,30/09/2021,M7 2GX,F,N,L,SALFORD,SALFORD,GREATER MANCHESTER,2021,9,12.14153946
179500,30/09/2021,M7 2GX,F,N,L,SALFORD,SALFORD,GREATER MANCHESTER,2021,9,12.09793606
180000,30/09/2021,M7 2GX,F,N,L,SALFORD,SALFORD,GREATER MANCHESTER,2021,9,12.10071769
245500,09/09/2021,M46 0BE,S,N,L,MANCHESTER,WIGAN,GREATER MANCHESTER,2021,9,12.4110563
140625,19/03/2021,M23 2AD,F,Y,L,MANCHESTER,MANCHESTER,GREATER MANCHESTER,2021,3,11.85385916
229995,30/03/2021,NG21 9HQ,D,Y,F,MANSFIELD,NEWARK AND SHERWOOD,NOTTINGHAMSHIRE,2021,3,12.3458172
103000,24/11/2021,B23 7AX,F,N,L,BIRMINGHAM,BIRMINGHAM,WEST MIDLANDS,2021,11,11.54249398
95000,19/08/2021,B45 9SN,T,N,L,BIRMINGHAM,BIRMINGHAM,WEST MIDLANDS,2021,8,11.4616427
112000,03/12/2021,CV6 4NG,F,N,F,COVENTRY,COVENTRY,WEST MIDLANDS,2021,12,11.62626308
230000,26/03/2021,WV2 2RU,D,N,F,WOLVERHAMPTON,WOLVERHAMPTON,WEST MIDLANDS,2021,3,12.34583894
265000,25/06/2021,B30 1TG,T,N,F,BIRMINGHAM,BIRMINGHAM,WEST MIDLANDS,2021,6,12.48748888
157000,05/11/2021,B68 9HF,S,N,F,OLDBURY,SANDWELL,WEST MIDLANDS,2021,11,11.96400745
130000,22/12/2021,WS2 9TP,S,N,F,WALSALL,WALSALL,WEST MIDLANDS,2021,12,11.77529742
308995,28/05/2021,S81 8WF,D,Y,F,WORKSOP,BASSETLAW,NOTTINGHAMSHIRE,2021,5,12.64108361
228000,28/05/2021,NG12 5NZ,S,Y,F,NOTTINGHAM,RUSHCLIFFE,NOTTINGHAMSHIRE,2021,5,12.33710529
505000,15/06/2021,SO50 7DG,S,N,F,EASTLEIGH,EASTLEIGH,HAMPSHIRE,2021,6,13.13231569
244500,09/08/2021,SO18 4FB,T,N,F,SOUTHAMPTON,SOUTHAMPTON,SOUTHAMPTON,2021,8,12.40697468
197000,30/07/2021,PO13 0PD,T,N,F,GOSPORT,GOSPORT,HAMPSHIRE,2021,7,12.19096408
835000,20/12/2021,SO53 2QG,D,N,F,EASTLEIGH,EASTLEIGH,HAMPSHIRE,2021,12,13.6351882
483000,17/08/2021,SO41 0FG,S,N,F,LYMINGTON,NEW FOREST,HAMPSHIRE,2021,8,13.087774
195000,12/03/2021,PO12 1PH,T,N,F,GOSPORT,GOSPORT,HAMPSHIRE,2021,3,12.18075997
200000,10/09/2021,PO6 4DU,T,N,F,PORTSMOUTH,PORTSMOUTH,PORTSMOUTH,2021,9,12.20607765
275000,27/09/2021,PO14 1AE,T,N,F,FAREHAM,FAREHAM,HAMPSHIRE,2021,9,12.52453001
254000,25/06/2021,PO7 7TJ,T,N,F,WATERLOOVILLE,HAVANT,HAMPSHIRE,2021,6,12.44509348
270000,30/09/2021,RG22 6QQ,T,N,F,BASINGSTOKE,BASINGSTOKE AND DEANE,HAMPSHIRE,2021,9,12.50618094
195000,30/07/2021,PO3 5BD,T,N,F,PORTSMOUTH,PORTSMOUTH,PORTSMOUTH,2021,7,12.18075997
190000,15/07/2021,GU33 6ET,F,N,L,LISS,EAST HAMPSHIRE,HAMPSHIRE,2021,7,12.15478461
243000,19/08/2021,PO13 0JX,S,N,F,GOSPORT,GOSPORT,HAMPSHIRE,2021,8,12.40082084
320000,12/08/2021,GU14 9XT,T,N,F,FARNBOROUGH,RUSHMOOR,HAMPSHIRE,2021,8,12.6760794
280000,06/06/2022,B78 3XA,D,,,TAMWORTH,TAMWORTH,STAFFORDSHIRE,2022,6,12.54254845
312500,20/06/2022,ST7 4JZ,D,,,STOKE-ON-TRENT,NEWCASTLE-UNDER-LYME,STAFFORDSHIRE,2022,6,12.65236295
150000,30/06/2022,ST14 7QG,S,,,UTTOXETER,EAST STAFFORDSHIRE,STAFFORDSHIRE,2022,6,11.91839724
515000,25/05/2022,B78 3UG,D,,,TAMWORTH,LICHFIELD,STAFFORDSHIRE,2022,5,13.15192412
262500,15/07/2022,ST20 0HY,D,,,STAFFORD,STAFFORD,STAFFORDSHIRE,2022,7,12.47801017
180000,16/06/2022,ST10 1QS,S,,,STOKE-ON-TRENT,STAFFORDSHIRE MOORLANDS,STAFFORDSHIRE,2022,6,12.10071769
169950,06/07/2022,ST2 7LL,S,,,STOKE-ON-TRENT,STOKE-ON-TRENT,STOKE-ON-TRENT,2022,7,12.04326544
381000,30/06/2022,ST19 9ET,S,,,STAFFORD,STAFFORDSHIRE MOORLANDS,STAFFORDSHIRE,2022,6,12.85055728
180250,08/07/2022,ST14 8SZ,S,,,UTTOXETER,EAST STAFFORDSHIRE,STAFFORDSHIRE,2022,7,12.1021056
319950,21/06/2022,WS13 8SB,D,,,LICHFIELD,LICHFIELD,STAFFORDSHIRE,2022,6,12.67592314
210000,08/07/2022,ST12 9JQ,S,,,STOKE-ON-TRENT,STAFFORD,STAFFORDSHIRE,2022,7,12.25486757
300000,01/07/2022,B77 2QD,D,,,TAMWORTH,TAMWORTH,STAFFORDSHIRE,2022,7,12.61154109
140500,23/06/2022,ST10 1QA,T,,,STOKE-ON-TRENT,STAFFORDSHIRE MOORLANDS,STAFFORDSHIRE,2022,6,11.85296989
175000,08/07/2022,ST3 5XT,S,,,STOKE-ON-TRENT,STOKE-ON-TRENT,STOKE-ON-TRENT,2022,7,12.07254697
445000,27/06/2022,DY7 6EE,D,,,STOURBRIDGE,SOUTH STAFFORDSHIRE,STAFFORDSHIRE,2022,6,13.00583181
171000,17/06/2022,B78 3QY,T,,,TAMWORTH,LICHFIELD,STAFFORDSHIRE,2022,6,12.04942468
355000,24/06/2022,ST20 0DA,T,,,STAFFORD,STAFFORD,STAFFORDSHIRE,2022,6,12.77987589
245000,30/05/2022,ST20 0HZ,S,,,STAFFORD,STAFFORD,STAFFORDSHIRE,2022,5,12.40901757
200000,30/06/2022,ST3 7FN,S,,,STOKE-ON-TRENT,STOKE-ON-TRENT,STOKE-ON-TRENT,2022,6,12.20607765
119950,21/02/2022,ST16 3EX,T,,,STAFFORD,STAFFORD,STAFFORDSHIRE,2022,2,11.69483861
145000,31/05/2022,ST17 4BP,T,,,STAFFORD,STAFFORD,STAFFORDSHIRE,2022,5,11.88449592
318000,06/06/2022,DE6 2GZ,S,,,ASHBOURNE,EAST STAFFORDSHIRE,STAFFORDSHIRE,2022,6,12.66980981
160000,18/03/2022,ST3 3HH,S,,,STOKE-ON-TRENT,STOKE-ON-TRENT,STOKE-ON-TRENT,2022,3,11.98293534
250000,24/06/2022,WS7 2BU,S,,,BURNTWOOD,LICHFIELD,STAFFORDSHIRE,2022,6,12.4292202
126500,20/06/2022,ST13 5NA,T,,,LEEK,STAFFORDSHIRE MOORLANDS,STAFFORDSHIRE,2022,6,11.74800549
205000,01/07/2022,WS7 9EE,T,,,BURNTWOOD,LICHFIELD,STAFFORDSHIRE,2022,7,12.23077014
210000,12/05/2022,DE14 2ES,S,,,BURTON-ON-TRENT,EAST STAFFORDSHIRE,STAFFORDSHIRE,2022,5,12.25486757
270000,05/07/2022,DE13 9BX,S,,,BURTON-ON-TRENT,EAST STAFFORDSHIRE,STAFFORDSHIRE,2022,7,12.50618094
385000,12/04/2022,WS9 9EL,D,,,WALSALL,LICHFIELD,STAFFORDSHIRE,2022,4,12.86100121
307000,25/02/2022,ST15 0LF,D,,,STONE,STAFFORD,STAFFORDSHIRE,2022,2,12.63460628
650000,14/06/2022,ST19 9BY,D,,,STAFFORD,SOUTH STAFFORDSHIRE,STAFFORDSHIRE,2022,6,13.38472918
277000,20/06/2022,WA9 5GP,D,,,ST HELENS,ST HELENS,MERSEYSIDE,2022,6,12.5317764
176000,24/06/2022,L3 4FG,F,,,LIVERPOOL,LIVERPOOL,MERSEYSIDE,2022,6,12.07824496
100000,27/06/2022,L4 6UQ,T,,,LIVERPOOL,LIVERPOOL,MERSEYSIDE,2022,6,11.51293546
190000,08/07/2022,WA11 0ES,S,,,ST HELENS,ST HELENS,MERSEYSIDE,2022,7,12.15478461
148000,31/03/2022,CH42 4PB,T,,,BIRKENHEAD,WIRRAL,MERSEYSIDE,2022,3,11.90497431
135000,23/06/2022,L33 1UW,T,,,LIVERPOOL,KNOWSLEY,MERSEYSIDE,2022,6,11.81303746
250500,23/06/2022,L12 1LB,S,,,LIVERPOOL,LIVERPOOL,MERSEYSIDE,2022,6,12.43121819
190000,17/06/2022,L17 8UJ,F,,,LIVERPOOL,LIVERPOOL,MERSEYSIDE,2022,6,12.15478461
133000,24/06/2022,L35 8NE,T,,,PRESCOT,ST HELENS,MERSEYSIDE,2022,6,11.79811193
90000,22/06/2022,L4 7US,T,,,LIVERPOOL,LIVERPOOL,MERSEYSIDE,2022,6,11.40757606
130000,17/01/2022,L3 9BD,F,,,LIVERPOOL,LIVERPOOL,MERSEYSIDE,2022,1,11.77529742
175000,20/05/2022,L33 4BD,S,,,LIVERPOOL,KNOWSLEY,MERSEYSIDE,2022,5,12.07254697
39999,02/03/2022,L4 7XR,F,,,LIVERPOOL,LIVERPOOL,MERSEYSIDE,2022,3,10.59663473
105000,08/03/2022,CH45 1JS,F,,,WALLASEY,WIRRAL,MERSEYSIDE,2022,3,11.56172515
67000,08/07/2022,L4 5UQ,T,,,LIVERPOOL,LIVERPOOL,MERSEYSIDE,2022,7,11.11246282
145000,30/06/2022,L32 4UU,S,,,LIVERPOOL,KNOWSLEY,MERSEYSIDE,2022,6,11.88449592
120000,01/06/2022,L25 2SQ,T,,,LIVERPOOL,LIVERPOOL,MERSEYSIDE,2022,6,11.69525536
140000,30/06/2022,L15 8GD,F,,,LIVERPOOL,LIVERPOOL,MERSEYSIDE,2022,6,11.84940484
225000,19/05/2022,CH45 8PZ,S,,,WALLASEY,WIRRAL,MERSEYSIDE,2022,5,12.32386013
160000,30/06/2022,L11 9AG,S,,,LIVERPOOL,LIVERPOOL,MERSEYSIDE,2022,6,11.98293534
232500,23/05/2022,L17 7DE,T,,,LIVERPOOL,LIVERPOOL,MERSEYSIDE,2022,5,12.35664981
100000,24/06/2022,L33 9UF,T,,,LIVERPOOL,KNOWSLEY,MERSEYSIDE,2022,6,11.51293546
99000,07/02/2022,L13 5SP,T,,,LIVERPOOL,LIVERPOOL,MERSEYSIDE,2022,2,11.50288523
115000,07/01/2022,L13 3BE,D,,,LIVERPOOL,LIVERPOOL,MERSEYSIDE,2022,1,11.6526961
138000,30/06/2022,L15 8GD,F,,,LIVERPOOL,LIVERPOOL,MERSEYSIDE,2022,6,11.83501621
150000,15/06/2022,L8 1YW,S,,,LIVERPOOL,LIVERPOOL,MERSEYSIDE,2022,6,11.91839724
255000,30/06/2022,L15 5BW,T,,,LIVERPOOL,LIVERPOOL,MERSEYSIDE,2022,6,12.44902275
110000,24/06/2022,L1 6BU,F,,,LIVERPOOL,LIVERPOOL,MERSEYSIDE,2022,6,11.60824474
276000,28/06/2022,L18 7JB,T,,,LIVERPOOL,LIVERPOOL,MERSEYSIDE,2022,6,12.52815977
290000,24/06/2022,L21 9HR,D,,,LIVERPOOL,SEFTON,MERSEYSIDE,2022,6,12.57763965
240000,11/01/2022,L35 0PX,S,,,PRESCOT,ST HELENS,MERSEYSIDE,2022,1,12.38839837
1110000,17/06/2022,W13 8PQ,T,,,LONDON,EALING,GREATER LONDON,2022,6,13.91987147
460000,04/07/2022,UB1 2BT,T,,,SOUTHALL,EALING,GREATER LONDON,2022,7,13.03898394
425000,28/06/2022,UB2 5BY,T,,,SOUTHALL,EALING,GREATER LONDON,2022,6,12.9598468
457000,22/06/2022,N9 7NL,T,,,LONDON,ENFIELD,GREATER LONDON,2022,6,13.03244086
985000,22/06/2022,W7 2AT,S,,,LONDON,EALING,GREATER LONDON,2022,6,13.80039794
1830000,07/01/2022,W13 8PG,D,,,LONDON,EALING,GREATER LONDON,2022,1,14.41982707
812000,30/05/2022,HA7 2EP,S,,,STANMORE,HARROW,GREATER LONDON,2022,5,13.60725685
320000,11/01/2022,UB3 5HZ,T,,,HAYES,HILLINGDON,GREATER LONDON,2022,1,12.6760794
765000,07/07/2022,N3 1EB,S,,,LONDON,BARNET,GREATER LONDON,2022,7,13.54763242
720000,20/05/2022,TW11 8SJ,S,,,TEDDINGTON,RICHMOND UPON THAMES,GREATER LONDON,2022,5,13.48700788
760000,29/06/2022,UB9 6PF,D,,,UXBRIDGE,HILLINGDON,GREATER LONDON,2022,6,13.54107503
500000,11/02/2022,UB6 7BA,T,,,GREENFORD,EALING,GREATER LONDON,2022,2,13.12236538
540000,10/06/2022,EN1 3BA,T,,,ENFIELD,ENFIELD,GREATER LONDON,2022,6,13.19932627
780000,17/06/2022,HA3 8TG,S,,,HARROW,HARROW,GREATER LONDON,2022,6,13.56705048
1132000,20/06/2022,NW4 1SG,S,,,LONDON,BARNET,GREATER LONDON,2022,6,13.93949742
517500,13/07/2022,UB6 9LN,T,,,GREENFORD,EALING,GREATER LONDON,2022,7,13.15676674
952000,08/07/2022,N20 0DT,S,,,LONDON,BARNET,GREATER LONDON,2022,7,13.76632136
718000,28/01/2022,N13 5RR,T,,,LONDON,ENFIELD,GREATER LONDON,2022,1,13.48422624
590000,30/06/2022,N20 0SR,S,,,LONDON,BARNET,GREATER LONDON,2022,6,13.28787951
610000,11/07/2022,HA7 2JQ,S,,,STANMORE,HARROW,GREATER LONDON,2022,7,13.32121588
597500,11/04/2022,UB6 0RL,S,,,GREENFORD,EALING,GREATER LONDON,2022,4,13.30051124
450000,28/03/2022,W7 3EY,T,,,LONDON,EALING,GREATER LONDON,2022,3,13.01700508
590000,01/07/2022,TW8 9PB,T,,,BRENTFORD,HOUNSLOW,GREATER LONDON,2022,7,13.28787951
755000,01/07/2022,NW7 1DX,S,,,LONDON,BARNET,GREATER LONDON,2022,7,13.53447435
620000,08/04/2022,TW7 6LL,S,,,ISLEWORTH,HOUNSLOW,GREATER LONDON,2022,4,13.33747637
1450000,12/07/2022,N3 3AN,S,,,LONDON,BARNET,GREATER LONDON,2022,7,14.1870748
475000,04/07/2022,UB6 7HL,S,,,GREENFORD,EALING,GREATER LONDON,2022,7,13.07107219
575000,09/06/2022,TW12 2JB,T,,,HAMPTON,RICHMOND UPON THAMES,GREATER LONDON,2022,6,13.26212706
925000,30/06/2022,UB8 1PN,S,,,UXBRIDGE,HILLINGDON,GREATER LONDON,2022,6,13.7375501
440000,25/02/2022,N9 0RB,T,,,LONDON,ENFIELD,GREATER LONDON,2022,2,12.99453228
910000,16/06/2022,UB10 8BA,D,,,UXBRIDGE,HILLINGDON,GREATER LONDON,2022,6,13.72120098
1460000,14/01/2022,N8 9LB,T,,,LONDON,HARINGEY,GREATER LONDON,2022,1,14.19394768
785000,17/06/2022,N12 7PH,S,,,LONDON,BARNET,GREATER LONDON,2022,6,13.57344027
102000,28/03/2022,NE25 0RH,T,,,WHITLEY BAY,NORTHUMBERLAND,NORTHUMBERLAND,2022,3,11.5327379
88425,25/03/2022,NE66 1LE,F,,,ALNWICK,NORTHUMBERLAND,NORTHUMBERLAND,2022,3,11.38992132
260000,08/07/2022,NE46 3JJ,S,,,HEXHAM,NORTHUMBERLAND,NORTHUMBERLAND,2022,7,12.46844076
58000,07/07/2022,NE63 8TG,F,,,ASHINGTON,NORTHUMBERLAND,NORTHUMBERLAND,2022,7,10.96821553
95000,15/07/2022,NE24 3HF,T,,,BLYTH,NORTHUMBERLAND,NORTHUMBERLAND,2022,7,11.4616427
225000,06/07/2022,NE20 9QL,T,,,NEWCASTLE UPON TYNE,NORTHUMBERLAND,NORTHUMBERLAND,2022,7,12.32386013
77000,06/06/2022,NE23 6LF,F,,,CRAMLINGTON,NORTHUMBERLAND,NORTHUMBERLAND,2022,6,11.25157369
66000,01/07/2022,NE61 5UF,T,,,MORPETH,NORTHUMBERLAND,NORTHUMBERLAND,2022,7,11.09742517
32000,13/01/2022,NE66 4AU,T,,,ALNWICK,NORTHUMBERLAND,NORTHUMBERLAND,2022,1,10.37352243
375000,08/07/2022,NE45 5NB,T,,,CORBRIDGE,NORTHUMBERLAND,NORTHUMBERLAND,2022,7,12.83468397
195000,30/06/2022,NE45 5JG,T,,,CORBRIDGE,NORTHUMBERLAND,NORTHUMBERLAND,2022,6,12.18075997
93000,04/03/2022,NE66 1LE,F,,,ALNWICK,NORTHUMBERLAND,NORTHUMBERLAND,2022,3,11.44036552
182500,17/06/2022,NE24 3UD,T,,,BLYTH,NORTHUMBERLAND,NORTHUMBERLAND,2022,6,12.11451093
119000,07/01/2022,NE23 1PP,T,,,CRAMLINGTON,NORTHUMBERLAND,NORTHUMBERLAND,2022,1,11.68688718
129000,27/06/2022,NE66 1ET,T,,,ALNWICK,NORTHUMBERLAND,NORTHUMBERLAND,2022,6,11.76757544
119000,07/01/2022,NE23 1PP,T,,,CRAMLINGTON,NORTHUMBERLAND,NORTHUMBERLAND,2022,1,11.68688718
117000,25/02/2022,NE63 9HF,T,,,ASHINGTON,NORTHUMBERLAND,NORTHUMBERLAND,2022,2,11.66993776
131000,05/07/2022,NE22 5BP,T,,,BEDLINGTON,NORTHUMBERLAND,NORTHUMBERLAND,2022,7,11.78296024
100000,30/06/2022,NE24 4AX,T,,,BLYTH,NORTHUMBERLAND,NORTHUMBERLAND,2022,6,11.51293546
65000,01/04/2022,NE23 6LJ,F,,,CRAMLINGTON,NORTHUMBERLAND,NORTHUMBERLAND,2022,4,11.08215793
285000,18/07/2022,NE23 8AN,D,,,CRAMLINGTON,NORTHUMBERLAND,NORTHUMBERLAND,2022,7,12.56024797
128333,06/07/2022,NE22 5BP,T,,,BEDLINGTON,NORTHUMBERLAND,NORTHUMBERLAND,2022,7,11.76239152
115000,24/06/2022,NE63 9HF,T,,,ASHINGTON,NORTHUMBERLAND,NORTHUMBERLAND,2022,6,11.6526961
1765000,24/06/2022,NE43 7XB,D,,,STOCKSFIELD,NORTHUMBERLAND,NORTHUMBERLAND,2022,6,14.38366181
510000,20/01/2022,NE65 0FB,F,,,MORPETH,NORTHUMBERLAND,NORTHUMBERLAND,2022,1,13.14216797
565000,31/05/2022,NE24 3AY,D,,,BLYTH,NORTHUMBERLAND,NORTHUMBERLAND,2022,5,13.24458278
120000,31/03/2022,NE24 4TY,F,,,BLYTH,NORTHUMBERLAND,NORTHUMBERLAND,2022,3,11.69525536
515500,30/06/2022,NE66 3FA,D,,,ALNWICK,NORTHUMBERLAND,NORTHUMBERLAND,2022,6,13.15289452
225000,20/06/2022,NE61 2ZN,S,,,MORPETH,NORTHUMBERLAND,NORTHUMBERLAND,2022,6,12.32386013
83000,13/04/2022,TD15 1DT,F,,,BERWICK-UPON-TWEED,NORTHUMBERLAND,NORTHUMBERLAND,2022,4,11.32660793
1325000,26/05/2022,W6 9BD,S,,,LONDON,HAMMERSMITH AND FULHAM,GREATER LONDON,2022,5,14.09692377
615000,15/07/2022,EN5 1BE,T,,,BARNET,BARNET,GREATER LONDON,2022,7,13.32937917
610000,19/01/2022,SW1W 8BP,F,,,LONDON,KENSINGTON AND CHELSEA,GREATER LONDON,2022,1,13.32121588
3760000,09/05/2022,N2 0EN,D,,,LONDON,BARNET,GREATER LONDON,2022,5,15.13992978
490000,10/06/2022,HA0 2SW,T,,,WEMBLEY,BRENT,GREATER LONDON,2022,6,13.10216271
1830000,27/05/2022,SW6 7UF,T,,,LONDON,HAMMERSMITH AND FULHAM,GREATER LONDON,2022,5,14.41982707
1810000,16/06/2022,NW2 4NT,T,,,LONDON,BRENT,GREATER LONDON,2022,6,14.40883796
690000,25/03/2022,W4 3LY,F,,,LONDON,HOUNSLOW,GREATER LONDON,2022,3,13.44444833
1720000,10/03/2022,NW3 3RP,T,,,LONDON,CAMDEN,GREATER LONDON,2022,3,14.35783543
875000,06/07/2022,W12 0QP,S,,,LONDON,HAMMERSMITH AND FULHAM,GREATER LONDON,2022,7,13.68198031
385000,14/06/2022,HA1 4ET,F,,,HARROW,HARROW,GREATER LONDON,2022,6,12.86100121
510000,20/01/2022,N21 3HD,T,,,LONDON,ENFIELD,GREATER LONDON,2022,1,13.14216797
829700,15/03/2022,E14 7NA,T,,,LONDON,TOWER HAMLETS,GREATER LONDON,2022,3,13.62882067
1450000,01/07/2022,W4 2HY,T,,,LONDON,HOUNSLOW,GREATER LONDON,2022,7,14.1870748
1050000,26/05/2022,E3 5AB,T,,,LONDON,TOWER HAMLETS,GREATER LONDON,2022,5,13.86430167
746000,30/06/2022,EN4 9AH,S,,,BARNET,BARNET,GREATER LONDON,2022,6,13.52248222
501000,17/06/2022,UB8 3LL,S,,,UXBRIDGE,HILLINGDON,GREATER LONDON,2022,6,13.12436338
1350000,21/01/2022,SW6 7LB,T,,,LONDON,HAMMERSMITH AND FULHAM,GREATER LONDON,2022,1,14.11561589
600000,07/07/2022,E11 4JG,T,,,LONDON,WALTHAM FOREST,GREATER LONDON,2022,7,13.3046866
1795000,12/07/2022,NW3 5PH,F,,,LONDON,CAMDEN,GREATER LONDON,2022,7,14.40051614
490000,20/06/2022,EN2 8BS,T,,,ENFIELD,ENFIELD,GREATER LONDON,2022,6,13.10216271
533000,21/06/2022,N8 9RD,F,,,LONDON,HARINGEY,GREATER LONDON,2022,6,13.18627858
240000,01/07/2022,W7 1BL,F,,,LONDON,EALING,GREATER LONDON,2022,7,12.38839837
705000,02/03/2022,EN5 2ET,S,,,BARNET,BARNET,GREATER LONDON,2022,3,13.4659545
274000,14/06/2022,RM5 2QH,S,,,ROMFORD,HAVERING,GREATER LONDON,2022,6,12.52088703
445000,21/06/2022,TW14 8JB,S,,,FELTHAM,HOUNSLOW,GREATER LONDON,2022,6,13.00583181
465000,24/05/2022,HA1 3LN,F,,,HARROW,HARROW,GREATER LONDON,2022,5,13.04979484
410000,04/07/2022,EN5 5NY,F,,,BARNET,BARNET,GREATER LONDON,2022,7,12.92391488
2600000,24/01/2022,NW11 7AU,S,,,LONDON,BARNET,GREATER LONDON,2022,1,14.77102239
600000,30/06/2022,EN4 9RA,S,,,BARNET,BARNET,GREATER LONDON,2022,6,13.3046866
1600000,06/07/2022,N1 2NU,D,,,LONDON,ISLINGTON,GREATER LONDON,2022,7,14.28551481
615000,06/07/2022,EN5 2QE,T,,,BARNET,BARNET,GREATER LONDON,2022,7,13.32937917
350000,16/06/2022,HA1 2TJ,F,,,HARROW,HARROW,GREATER LONDON,2022,6,12.76569129
310000,25/05/2022,N19 3QL,F,,,LONDON,ISLINGTON,GREATER LONDON,2022,5,12.6443308
445000,11/03/2022,N7 0DY,F,,,LONDON,ISLINGTON,GREATER LONDON,2022,3,13.00583181
765000,20/05/2022,E4 9SA,T,,,LONDON,WALTHAM FOREST,GREATER LONDON,2022,5,13.54763242
740000,24/06/2022,EC1M 6AD,F,,,LONDON,CITY OF LONDON,GREATER LONDON,2022,6,13.51440682
500000,16/05/2022,W13 9LP,F,,,LONDON,EALING,GREATER LONDON,2022,5,13.12236538
308000,28/06/2022,N1 8RH,F,,,LONDON,ISLINGTON,GREATER LONDON,2022,6,12.63785831
607500,05/07/2022,N1 3LL,F,,,LONDON,ISLINGTON,GREATER LONDON,2022,7,13.3171091
606000,08/07/2022,NW10 5RE,T,,,LONDON,BRENT,GREATER LONDON,2022,7,13.31463692
415000,29/06/2022,RM11 1AF,S,,,HORNCHURCH,HAVERING,GREATER LONDON,2022,6,12.93603621
465000,14/01/2022,N4 3LQ,F,,,LONDON,ISLINGTON,GREATER LONDON,2022,1,13.04979484
810000,09/06/2022,NW6 4SJ,F,,,LONDON,CAMDEN,GREATER LONDON,2022,6,13.60479076
1500000,17/01/2022,W9 1LG,F,,,LONDON,CITY OF WESTMINSTER,GREATER LONDON,2022,1,14.22097633
540000,28/06/2022,N19 3HU,F,,,LONDON,ISLINGTON,GREATER LONDON,2022,6,13.19932627
1279000,11/07/2022,N10 2DS,T,,,LONDON,HARINGEY,GREATER LONDON,2022,7,14.06158986
355000,01/06/2022,HA2 8SA,F,,,HARROW,HARROW,GREATER LONDON,2022,6,12.77987589
1900000,17/03/2022,SW1P 2NU,F,,,LONDON,CITY OF WESTMINSTER,GREATER LONDON,2022,3,14.45736497
563500,14/06/2022,NW2 3QL,F,,,LONDON,CAMDEN,GREATER LONDON,2022,6,13.24192439
205000,28/02/2022,WC1H 0NL,F,,,LONDON,CAMDEN,GREATER LONDON,2022,2,12.23077014
585000,16/06/2022,NW5 2PX,F,,,LONDON,CAMDEN,GREATER LONDON,2022,6,13.27936884
974000,27/05/2022,NW6 3NL,F,,,LONDON,CAMDEN,GREATER LONDON,2022,5,13.78916761
1017810,06/05/2022,W7 2BJ,T,,,LONDON,EALING,GREATER LONDON,2022,5,13.8331648
2800000,15/07/2022,N5 2QS,T,,,LONDON,ISLINGTON,GREATER LONDON,2022,7,14.84513033
580000,07/07/2022,SW1P 4AX,F,,,LONDON,CITY OF WESTMINSTER,GREATER LONDON,2022,7,13.27078511
2600000,31/03/2022,NW3 6PZ,F,,,LONDON,CAMDEN,GREATER LONDON,2022,3,14.77102239
482500,08/06/2022,W9 3HU,F,,,LONDON,CITY OF WESTMINSTER,GREATER LONDON,2022,6,13.08673827
600000,24/02/2022,W2 5NR,F,,,LONDON,CITY OF WESTMINSTER,GREATER LONDON,2022,2,13.3046866
745000,09/06/2022,W2 2PE,F,,,LONDON,CITY OF WESTMINSTER,GREATER LONDON,2022,6,13.52114084
1270000,17/06/2022,NW3 3JG,F,,,LONDON,CAMDEN,GREATER LONDON,2022,6,14.05452825
930000,31/01/2022,WC2E 9HA,F,,,LONDON,CITY OF WESTMINSTER,GREATER LONDON,2022,1,13.74294094
7500000,15/06/2022,NW1 4DS,T,,,LONDON,CAMDEN,GREATER LONDON,2022,6,15.83041371
315000,26/05/2022,NW5 4DX,F,,,LONDON,CAMDEN,GREATER LONDON,2022,5,12.66033109
240000,31/05/2022,IP24 2LY,S,,,THETFORD,BRECKLAND,NORFOLK,2022,5,12.38839837
310000,01/07/2022,NR31 8JY,D,,,GREAT YARMOUTH,GREAT YARMOUTH,NORFOLK,2022,7,12.6443308
300000,04/07/2022,NR14 6JR,T,,,NORWICH,SOUTH NORFOLK,NORFOLK,2022,7,12.61154109
315000,14/04/2022,PE14 7DG,D,,,WISBECH,KING'S LYNN AND WEST NORFOLK,NORFOLK,2022,4,12.66033109
832500,17/03/2022,PE34 3PU,D,,,KING'S LYNN,KING'S LYNN AND WEST NORFOLK,NORFOLK,2022,3,13.6321897
710000,16/03/2022,NR14 6PY,D,,,NORWICH,SOUTH NORFOLK,NORFOLK,2022,3,13.47302166
327000,07/07/2022,NR18 0YD,D,,,WYMONDHAM,SOUTH NORFOLK,NORFOLK,2022,7,12.69771851
193000,08/07/2022,NR6 7EP,T,,,NORWICH,BROADLAND,NORFOLK,2022,7,12.17045065
220000,18/02/2022,PE38 9PY,S,,,DOWNHAM MARKET,KING'S LYNN AND WEST NORFOLK,NORFOLK,2022,2,12.30138737
215000,29/06/2022,NR19 2TS,D,,,DEREHAM,BRECKLAND,NORFOLK,2022,6,12.27839796
325000,31/05/2022,NR18 0AY,S,,,WYMONDHAM,SOUTH NORFOLK,NORFOLK,2022,5,12.69158354
189000,11/07/2022,NR6 7ET,T,,,NORWICH,BROADLAND,NORFOLK,2022,7,12.14950759
400000,15/07/2022,NR15 2ZA,D,,,NORWICH,SOUTH NORFOLK,NORFOLK,2022,7,12.89922233
435000,16/03/2022,PE36 5NR,D,,,HUNSTANTON,KING'S LYNN AND WEST NORFOLK,NORFOLK,2022,3,12.98310361
585000,08/04/2022,PE31 8RA,D,,,KING'S LYNN,KING'S LYNN AND WEST NORFOLK,NORFOLK,2022,4,13.27936884
220000,01/06/2022,NR31 9LL,S,,,GREAT YARMOUTH,GREAT YARMOUTH,NORFOLK,2022,6,12.30138737
125000,23/06/2022,NR30 1JL,T,,,GREAT YARMOUTH,GREAT YARMOUTH,NORFOLK,2022,6,11.73607702
325000,09/03/2022,PE30 3BQ,D,,,KING'S LYNN,KING'S LYNN AND WEST NORFOLK,NORFOLK,2022,3,12.69158354
500000,08/07/2022,NR27 0DE,D,,,CROMER,NORTH NORFOLK,NORFOLK,2022,7,13.12236538
418000,29/06/2022,PE38 9RU,D,,,DOWNHAM MARKET,KING'S LYNN AND WEST NORFOLK,NORFOLK,2022,6,12.9432391
166350,17/06/2022,NR31 0QB,T,,,GREAT YARMOUTH,GREAT YARMOUTH,NORFOLK,2022,6,12.02185529
314000,24/06/2022,NR14 8JH,D,,,NORWICH,SOUTH NORFOLK,NORFOLK,2022,6,12.65715145
192000,11/07/2022,NR6 6GN,F,,,NORWICH,NORWICH,NORFOLK,2022,7,12.16525586
1175000,17/06/2022,NR14 7QE,D,,,NORWICH,SOUTH NORFOLK,NORFOLK,2022,6,13.97677956
365000,05/07/2022,NR21 9BZ,T,,,FAKENHAM,NORTH NORFOLK,NORFOLK,2022,7,12.80765537
175000,11/02/2022,NR19 1XW,T,,,DEREHAM,BRECKLAND,NORFOLK,2022,2,12.07254697
300000,04/07/2022,NR2 3BS,T,,,NORWICH,NORWICH,NORFOLK,2022,7,12.61154109
135000,30/03/2022,PE30 2AZ,T,,,KING'S LYNN,KING'S LYNN AND WEST NORFOLK,NORFOLK,2022,3,11.81303746
495000,05/07/2022,IP21 4HE,D,,,DISS,SOUTH NORFOLK,NORFOLK,2022,7,13.11231506
230000,20/06/2022,NR31 9BZ,S,,,GREAT YARMOUTH,GREAT YARMOUTH,NORFOLK,2022,6,12.34583894
827000,10/06/2022,NR9 4AS,T,,,NORWICH,SOUTH NORFOLK,NORFOLK,2022,6,13.62556118
242500,01/07/2022,NR30 5SB,S,,,GREAT YARMOUTH,GREAT YARMOUTH,NORFOLK,2022,7,12.39876111
255000,10/06/2022,NR29 3SF,D,,,GREAT YARMOUTH,GREAT YARMOUTH,NORFOLK,2022,6,12.44902275
370000,05/07/2022,NR29 4LR,D,,,GREAT YARMOUTH,GREAT YARMOUTH,NORFOLK,2022,7,12.82126099
142000,30/05/2022,NR3 2ST,F,,,NORWICH,NORWICH,NORFOLK,2022,5,11.86358938
152500,24/06/2022,NR3 3PL,D,,,NORWICH,NORWICH,NORFOLK,2022,6,11.93492643
145000,27/05/2022,NR31 0EY,T,,,GREAT YARMOUTH,GREAT YARMOUTH,NORFOLK,2022,5,11.88449592
222500,11/02/2022,NR14 7LU,T,,,NORWICH,SOUTH NORFOLK,NORFOLK,2022,2,12.31268687
155000,30/06/2022,IP22 4NJ,F,,,DISS,SOUTH NORFOLK,NORFOLK,2022,6,11.95118685
212500,24/06/2022,NR31 7JA,T,,,GREAT YARMOUTH,GREAT YARMOUTH,NORFOLK,2022,6,12.26670197
285000,13/05/2022,NR29 5JR,S,,,GREAT YARMOUTH,GREAT YARMOUTH,NORFOLK,2022,5,12.56024797
162000,11/07/2022,NR31 0BZ,T,,,GREAT YARMOUTH,GREAT YARMOUTH,NORFOLK,2022,7,11.99535779
120000,17/06/2022,PE37 7HH,T,,,SWAFFHAM,BRECKLAND,NORFOLK,2022,6,11.69525536
243000,15/07/2022,NR29 4ER,S,,,GREAT YARMOUTH,GREAT YARMOUTH,NORFOLK,2022,7,12.40082084
270000,10/06/2022,NR31 8SB,D,,,GREAT YARMOUTH,GREAT YARMOUTH,NORFOLK,2022,6,12.50618094
422500,08/07/2022,NR30 5UB,D,,,GREAT YARMOUTH,GREAT YARMOUTH,NORFOLK,2022,7,12.95394709
174000,14/01/2022,NR31 0EQ,D,,,GREAT YARMOUTH,GREAT YARMOUTH,NORFOLK,2022,1,12.06681633
85000,21/01/2022,NR30 3BX,T,,,GREAT YARMOUTH,GREAT YARMOUTH,NORFOLK,2022,1,11.3504183
240000,04/01/2022,IP25 6XW,D,,,THETFORD,BRECKLAND,NORFOLK,2022,1,12.38839837
190000,13/05/2022,NR30 5BT,T,,,GREAT YARMOUTH,GREAT YARMOUTH,NORFOLK,2022,5,12.15478461
120000,24/06/2022,NR27 9EF,F,,,CROMER,NORTH NORFOLK,NORFOLK,2022,6,11.69525536
150000,17/06/2022,NR1 3ER,F,,,NORWICH,NORWICH,NORFOLK,2022,6,11.91839724
200000,30/06/2022,NR6 7LL,T,,,NORWICH,BROADLAND,NORFOLK,2022,6,12.20607765
304950,31/05/2022,PE30 3XQ,D,,,KING'S LYNN,KING'S LYNN AND WEST NORFOLK,NORFOLK,2022,5,12.62790639
160000,27/06/2022,NR6 6DX,F,,,NORWICH,NORWICH,NORFOLK,2022,6,11.98293534
125000,14/02/2022,NR30 1DP,T,,,GREAT YARMOUTH,GREAT YARMOUTH,NORFOLK,2022,2,11.73607702
255000,17/06/2022,NR15 2XS,S,,,NORWICH,SOUTH NORFOLK,NORFOLK,2022,6,12.44902275
200000,15/06/2022,NR18 9AE,S,,,WYMONDHAM,SOUTH NORFOLK,NORFOLK,2022,6,12.20607765
240000,14/07/2022,NR6 7LL,T,,,NORWICH,BROADLAND,NORFOLK,2022,7,12.38839837
235000,27/06/2022,NR5 8RD,T,,,NORWICH,NORWICH,NORFOLK,2022,6,12.36734505
175000,01/07/2022,NR7 8DH,S,,,NORWICH,BROADLAND,NORFOLK,2022,7,12.07254697
185000,12/04/2022,NR29 4LY,S,,,GREAT YARMOUTH,GREAT YARMOUTH,NORFOLK,2022,4,12.12811651
277500,01/07/2022,NR29 3RT,D,,,GREAT YARMOUTH,GREAT YARMOUTH,NORFOLK,2022,7,12.53357982
200000,20/06/2022,NR17 2HS,T,,,ATTLEBOROUGH,BRECKLAND,NORFOLK,2022,6,12.20607765
435000,01/03/2022,NN14 1TQ,D,,,KETTERING,NORTH NORTHAMPTONSHIRE,NORTH NORTHAMPTONSHIRE,2022,3,12.98310361
447500,24/06/2022,MK19 6AE,T,,,MILTON KEYNES,WEST NORTHAMPTONSHIRE,WEST NORTHAMPTONSHIRE,2022,6,13.01143405
150000,07/07/2022,NN4 8TL,T,,,NORTHAMPTON,WEST NORTHAMPTONSHIRE,WEST NORTHAMPTONSHIRE,2022,7,11.91839724
455000,01/06/2022,NN17 3AH,T,,,CORBY,NORTH NORTHAMPTONSHIRE,NORTH NORTHAMPTONSHIRE,2022,6,13.0280549
435000,30/06/2022,NN4 6FB,D,,,NORTHAMPTON,WEST NORTHAMPTONSHIRE,WEST NORTHAMPTONSHIRE,2022,6,12.98310361
255000,11/06/2022,NN14 2JQ,S,,,KETTERING,NORTH NORTHAMPTONSHIRE,NORTH NORTHAMPTONSHIRE,2022,6,12.44902275
260000,24/06/2022,NN4 8QT,S,,,NORTHAMPTON,WEST NORTHAMPTONSHIRE,WEST NORTHAMPTONSHIRE,2022,6,12.46844076
187000,16/06/2022,NN9 5DJ,T,,,WELLINGBOROUGH,NORTH NORTHAMPTONSHIRE,NORTH NORTHAMPTONSHIRE,2022,6,12.13886924
142000,21/02/2022,NN8 2PB,T,,,WELLINGBOROUGH,NORTH NORTHAMPTONSHIRE,NORTH NORTHAMPTONSHIRE,2022,2,11.86358938
250000,04/03/2022,NN2 7HY,T,,,NORTHAMPTON,WEST NORTHAMPTONSHIRE,WEST NORTHAMPTONSHIRE,2022,3,12.4292202
210000,08/07/2022,NN5 6GQ,F,,,NORTHAMPTON,WEST NORTHAMPTONSHIRE,WEST NORTHAMPTONSHIRE,2022,7,12.25486757
190000,11/03/2022,NN2 7PU,S,,,NORTHAMPTON,WEST NORTHAMPTONSHIRE,WEST NORTHAMPTONSHIRE,2022,3,12.15478461
280000,28/01/2022,NN7 2AF,S,,,NORTHAMPTON,WEST NORTHAMPTONSHIRE,WEST NORTHAMPTONSHIRE,2022,1,12.54254845
295000,30/06/2022,NN2 8SY,S,,,NORTHAMPTON,WEST NORTHAMPTONSHIRE,WEST NORTHAMPTONSHIRE,2022,6,12.59473403
108000,10/06/2022,NN18 0QS,F,,,CORBY,NORTH NORTHAMPTONSHIRE,NORTH NORTHAMPTONSHIRE,2022,6,11.58989577
231000,11/03/2022,NN18 8QU,T,,,CORBY,NORTH NORTHAMPTONSHIRE,NORTH NORTHAMPTONSHIRE,2022,3,12.35017732
345000,24/06/2022,NN9 5TH,D,,,WELLINGBOROUGH,NORTH NORTHAMPTONSHIRE,NORTH NORTHAMPTONSHIRE,2022,6,12.75130259
320000,10/06/2022,NN5 4ED,S,,,NORTHAMPTON,WEST NORTHAMPTONSHIRE,WEST NORTHAMPTONSHIRE,2022,6,12.6760794
180000,22/03/2022,MK19 6DL,F,,,MILTON KEYNES,WEST NORTHAMPTONSHIRE,WEST NORTHAMPTONSHIRE,2022,3,12.10071769
114200,16/06/2022,NN17 2DG,F,,,CORBY,NORTH NORTHAMPTONSHIRE,NORTH NORTHAMPTONSHIRE,2022,6,11.64571533
315000,28/01/2022,MK19 6HY,S,,,MILTON KEYNES,WEST NORTHAMPTONSHIRE,WEST NORTHAMPTONSHIRE,2022,1,12.66033109
245000,20/06/2022,NN1 5QR,T,,,NORTHAMPTON,WEST NORTHAMPTONSHIRE,WEST NORTHAMPTONSHIRE,2022,6,12.40901757
240000,30/03/2022,NN3 3RN,T,,,NORTHAMPTON,WEST NORTHAMPTONSHIRE,WEST NORTHAMPTONSHIRE,2022,3,12.38839837
250000,20/01/2022,NN14 2NJ,S,,,KETTERING,NORTH NORTHAMPTONSHIRE,NORTH NORTHAMPTONSHIRE,2022,1,12.4292202
165000,10/06/2022,NN29 7FE,F,,,WELLINGBOROUGH,NORTH NORTHAMPTONSHIRE,NORTH NORTHAMPTONSHIRE,2022,6,12.01370681
136000,30/06/2022,NN11 9AB,F,,,DAVENTRY,WEST NORTHAMPTONSHIRE,WEST NORTHAMPTONSHIRE,2022,6,11.82041752
340000,31/03/2022,NN7 2JB,S,,,NORTHAMPTON,WEST NORTHAMPTONSHIRE,WEST NORTHAMPTONSHIRE,2022,3,12.73670384
310000,29/06/2022,NN18 9BS,S,,,CORBY,NORTH NORTHAMPTONSHIRE,NORTH NORTHAMPTONSHIRE,2022,6,12.6443308
265000,01/06/2022,NN7 2HQ,S,,,NORTHAMPTON,WEST NORTHAMPTONSHIRE,WEST NORTHAMPTONSHIRE,2022,6,12.48748888
670000,24/06/2022,LE16 8LW,D,,,MARKET HARBOROUGH,NORTH NORTHAMPTONSHIRE,NORTH NORTHAMPTONSHIRE,2022,6,13.41503448
308000,30/06/2022,NN4 0SP,S,,,NORTHAMPTON,WEST NORTHAMPTONSHIRE,WEST NORTHAMPTONSHIRE,2022,6,12.63785831
350000,09/06/2022,NN14 1DH,D,,,KETTERING,NORTH NORTHAMPTONSHIRE,NORTH NORTHAMPTONSHIRE,2022,6,12.76569129
500000,30/05/2022,NN14 4EU,D,,,KETTERING,NORTH NORTHAMPTONSHIRE,NORTH NORTHAMPTONSHIRE,2022,5,13.12236538
293000,24/06/2022,NN5 6EN,D,,,NORTHAMPTON,WEST NORTHAMPTONSHIRE,WEST NORTHAMPTONSHIRE,2022,6,12.5879313
650000,24/06/2022,NN6 0AW,D,,,NORTHAMPTON,NORTH NORTHAMPTONSHIRE,NORTH NORTHAMPTONSHIRE,2022,6,13.38472918
135000,31/05/2022,NN14 2RB,T,,,KETTERING,NORTH NORTHAMPTONSHIRE,NORTH NORTHAMPTONSHIRE,2022,5,11.81303746
290000,14/07/2022,NN4 9YX,S,,,NORTHAMPTON,WEST NORTHAMPTONSHIRE,WEST NORTHAMPTONSHIRE,2022,7,12.57763965
277000,10/06/2022,NN5 6DH,S,,,NORTHAMPTON,WEST NORTHAMPTONSHIRE,WEST NORTHAMPTONSHIRE,2022,6,12.5317764
251000,04/04/2022,NN13 7EJ,T,,,BRACKLEY,WEST NORTHAMPTONSHIRE,WEST NORTHAMPTONSHIRE,2022,4,12.4332122
250000,01/06/2022,NN3 5LL,D,,,NORTHAMPTON,WEST NORTHAMPTONSHIRE,WEST NORTHAMPTONSHIRE,2022,6,12.4292202
370000,14/01/2022,NN12 6EJ,S,,,TOWCESTER,WEST NORTHAMPTONSHIRE,WEST NORTHAMPTONSHIRE,2022,1,12.82126099
185000,01/06/2022,NN11 4SU,S,,,DAVENTRY,WEST NORTHAMPTONSHIRE,WEST NORTHAMPTONSHIRE,2022,6,12.12811651
220000,31/05/2022,NN10 0DJ,T,,,RUSHDEN,NORTH NORTHAMPTONSHIRE,NORTH NORTHAMPTONSHIRE,2022,5,12.30138737
205000,18/02/2022,DL9 4RS,D,,,CATTERICK GARRISON,RICHMONDSHIRE,NORTH YORKSHIRE,2022,2,12.23077014
220000,14/02/2022,YO12 7ND,S,,,SCARBOROUGH,SCARBOROUGH,NORTH YORKSHIRE,2022,2,12.30138737
775000,22/02/2022,HG5 0TT,D,,,KNARESBOROUGH,HARROGATE,NORTH YORKSHIRE,2022,2,13.5606196
450000,04/03/2022,YO31 1BU,D,,,YORK,YORK,YORK,2022,3,13.01700508
175000,25/02/2022,LA2 7EB,T,,,LANCASTER,CRAVEN,NORTH YORKSHIRE,2022,2,12.07254697
455000,01/02/2022,YO21 3JJ,S,,,WHITBY,SCARBOROUGH,NORTH YORKSHIRE,2022,2,13.0280549
271000,04/03/2022,HG2 0FD,F,,,HARROGATE,HARROGATE,NORTH YORKSHIRE,2022,3,12.50987779
280000,17/03/2022,HG5 0BD,T,,,KNARESBOROUGH,HARROGATE,NORTH YORKSHIRE,2022,3,12.54254845
425000,28/02/2022,YO19 6QG,D,,,YORK,SELBY,NORTH YORKSHIRE,2022,2,12.9598468
291000,21/02/2022,HG1 2JJ,F,,,HARROGATE,HARROGATE,NORTH YORKSHIRE,2022,2,12.58108198
330000,04/03/2022,YO26 5NF,S,,,YORK,YORK,YORK,2022,3,12.70685096
685000,11/02/2022,DL10 4AX,F,,,RICHMOND,RICHMONDSHIRE,NORTH YORKSHIRE,2022,2,13.43717558
341000,11/03/2022,HG3 1BQ,D,,,HARROGATE,HARROGATE,NORTH YORKSHIRE,2022,3,12.73964069
1400000,25/02/2022,HG3 3SJ,D,,,HARROGATE,HARROGATE,NORTH YORKSHIRE,2022,2,14.15198351
630000,03/03/2022,YO62 4EL,D,,,YORK,RYEDALE,NORTH YORKSHIRE,2022,3,13.35347669
167500,17/01/2022,YO8 4HH,S,,,SELBY,SELBY,NORTH YORKSHIRE,2022,1,12.0287446
146000,25/02/2022,YO8 5JE,S,,,SELBY,SELBY,NORTH YORKSHIRE,2022,2,11.89136875
272500,25/02/2022,YO21 3NF,S,,,WHITBY,SCARBOROUGH,NORTH YORKSHIRE,2022,2,12.51539756
272000,23/02/2022,YO13 9HL,S,,,SCARBOROUGH,SCARBOROUGH,NORTH YORKSHIRE,2022,2,12.51356102
210500,25/02/2022,YO22 4DY,S,,,WHITBY,SCARBOROUGH,NORTH YORKSHIRE,2022,2,12.25724568
190000,07/01/2022,YO30 7AX,T,,,YORK,YORK,YORK,2022,1,12.15478461
255000,15/03/2022,LS25 6GG,D,,,LEEDS,SELBY,NORTH YORKSHIRE,2022,3,12.44902275
187000,10/03/2022,YO24 3NA,T,,,YORK,YORK,YORK,2022,3,12.13886924
360000,25/02/2022,DN14 0WH,D,,,GOOLE,SELBY,NORTH YORKSHIRE,2022,2,12.79386209
585000,25/02/2022,YO18 8PJ,D,,,PICKERING,RYEDALE,NORTH YORKSHIRE,2022,2,13.27936884
221600,11/03/2022,HG1 4JG,S,,,HARROGATE,HARROGATE,NORTH YORKSHIRE,2022,3,12.30863375
515500,17/01/2022,LA2 7FN,D,,,LANCASTER,CRAVEN,NORTH YORKSHIRE,2022,1,13.15289452
232000,04/03/2022,LS24 9JQ,T,,,TADCASTER,SELBY,NORTH YORKSHIRE,2022,3,12.35449696
400000,05/01/2022,DL8 5NN,D,,,LEYBURN,RICHMONDSHIRE,NORTH YORKSHIRE,2022,1,12.89922233
190000,25/02/2022,YO17 7PH,S,,,MALTON,RYEDALE,NORTH YORKSHIRE,2022,2,12.15478461
220000,25/02/2022,NN4 9EQ,T,,,NORTHAMPTON,WEST NORTHAMPTONSHIRE,WEST NORTHAMPTONSHIRE,2022,2,12.30138737
295000,28/02/2022,NN4 6JU,S,,,NORTHAMPTON,WEST NORTHAMPTONSHIRE,WEST NORTHAMPTONSHIRE,2022,2,12.59473403
390000,01/02/2022,NN11 3UJ,D,,,DAVENTRY,WEST NORTHAMPTONSHIRE,WEST NORTHAMPTONSHIRE,2022,2,12.87390458
140000,04/03/2022,NN1 3QA,F,,,NORTHAMPTON,WEST NORTHAMPTONSHIRE,WEST NORTHAMPTONSHIRE,2022,3,11.84940484
540000,08/03/2022,LE16 9RT,D,,,MARKET HARBOROUGH,WEST NORTHAMPTONSHIRE,WEST NORTHAMPTONSHIRE,2022,3,13.19932627
235000,25/02/2022,NN3 7TZ,S,,,NORTHAMPTON,WEST NORTHAMPTONSHIRE,WEST NORTHAMPTONSHIRE,2022,2,12.36734505
140000,27/01/2022,NN2 7HW,T,,,NORTHAMPTON,WEST NORTHAMPTONSHIRE,WEST NORTHAMPTONSHIRE,2022,1,11.84940484
136000,06/01/2022,NN6 0GZ,F,,,NORTHAMPTON,NORTH NORTHAMPTONSHIRE,NORTH NORTHAMPTONSHIRE,2022,1,11.82041752
280000,25/02/2022,NN6 9BE,S,,,NORTHAMPTON,WEST NORTHAMPTONSHIRE,WEST NORTHAMPTONSHIRE,2022,2,12.54254845
199950,07/02/2022,NN18 0LX,S,,,CORBY,NORTH NORTHAMPTONSHIRE,NORTH NORTHAMPTONSHIRE,2022,2,12.20582762
320000,15/02/2022,NN7 2HU,D,,,NORTHAMPTON,WEST NORTHAMPTONSHIRE,WEST NORTHAMPTONSHIRE,2022,2,12.6760794
450950,21/01/2022,NN12 6PH,D,,,TOWCESTER,WEST NORTHAMPTONSHIRE,WEST NORTHAMPTONSHIRE,2022,1,13.01911397
479950,21/01/2022,NN12 6PH,D,,,TOWCESTER,WEST NORTHAMPTONSHIRE,WEST NORTHAMPTONSHIRE,2022,1,13.08143929
261900,28/01/2022,NN3 7DW,S,,,NORTHAMPTON,WEST NORTHAMPTONSHIRE,WEST NORTHAMPTONSHIRE,2022,1,12.47572185
261900,28/01/2022,NN3 7DW,S,,,NORTHAMPTON,WEST NORTHAMPTONSHIRE,WEST NORTHAMPTONSHIRE,2022,1,12.47572185
276995,04/02/2022,NN14 4GQ,S,,,KETTERING,NORTH NORTHAMPTONSHIRE,NORTH NORTHAMPTONSHIRE,2022,2,12.53175834
188000,11/03/2022,NN5 5EH,T,,,NORTHAMPTON,WEST NORTHAMPTONSHIRE,WEST NORTHAMPTONSHIRE,2022,3,12.14420256
464995,28/01/2022,NN3 7DX,D,,,NORTHAMPTON,WEST NORTHAMPTONSHIRE,WEST NORTHAMPTONSHIRE,2022,1,13.04978408
339995,28/01/2022,NN3 7DL,D,,,NORTHAMPTON,WEST NORTHAMPTONSHIRE,WEST NORTHAMPTONSHIRE,2022,1,12.73668913
261900,25/02/2022,NN3 7DW,T,,,NORTHAMPTON,WEST NORTHAMPTONSHIRE,WEST NORTHAMPTONSHIRE,2022,2,12.47572185
261900,25/02/2022,NN3 7DW,T,,,NORTHAMPTON,WEST NORTHAMPTONSHIRE,WEST NORTHAMPTONSHIRE,2022,2,12.47572185
261900,25/02/2022,NN3 7DW,S,,,NORTHAMPTON,WEST NORTHAMPTONSHIRE,WEST NORTHAMPTONSHIRE,2022,2,12.47572185
271995,25/02/2022,NN14 4GQ,S,,,KETTERING,NORTH NORTHAMPTONSHIRE,NORTH NORTHAMPTONSHIRE,2022,2,12.51354264
300000,05/01/2022,NN1 5NA,T,,,NORTHAMPTON,WEST NORTHAMPTONSHIRE,WEST NORTHAMPTONSHIRE,2022,1,12.61154109
165000,11/03/2022,NN1 3LN,T,,,NORTHAMPTON,WEST NORTHAMPTONSHIRE,WEST NORTHAMPTONSHIRE,2022,3,12.01370681
230000,21/03/2022,NN13 7BJ,S,,,BRACKLEY,WEST NORTHAMPTONSHIRE,WEST NORTHAMPTONSHIRE,2022,3,12.34583894
247500,05/01/2022,NN13 6LJ,D,,,BRACKLEY,WEST NORTHAMPTONSHIRE,WEST NORTHAMPTONSHIRE,2022,1,12.4191699
210000,14/02/2022,NN16 0DA,T,,,KETTERING,NORTH NORTHAMPTONSHIRE,NORTH NORTHAMPTONSHIRE,2022,2,12.25486757
170000,11/03/2022,NG16 2PP,T,,,NOTTINGHAM,BROXTOWE,NOTTINGHAMSHIRE,2022,3,12.0435596
293000,16/02/2022,NG17 9JN,D,,,NOTTINGHAM,ASHFIELD,NOTTINGHAMSHIRE,2022,2,12.5879313
134500,16/03/2022,NG8 6GW,S,,,NOTTINGHAM,CITY OF NOTTINGHAM,CITY OF NOTTINGHAM,2022,3,11.80932691
182000,01/02/2022,S81 7QB,S,,,WORKSOP,BASSETLAW,NOTTINGHAMSHIRE,2022,2,12.11176746
236000,05/01/2022,NG12 5DW,S,,,NOTTINGHAM,RUSHCLIFFE,NOTTINGHAMSHIRE,2022,1,12.37159132
167000,11/02/2022,NG2 3BX,F,,,NOTTINGHAM,CITY OF NOTTINGHAM,CITY OF NOTTINGHAM,2022,2,12.02575508
140000,28/02/2022,NG17 5AQ,T,,,SUTTON-IN-ASHFIELD,ASHFIELD,NOTTINGHAMSHIRE,2022,2,11.84940484
122500,04/02/2022,NG22 9SJ,S,,,NEWARK,NEWARK AND SHERWOOD,NOTTINGHAMSHIRE,2022,2,11.71587447
142000,09/02/2022,NG7 5FY,T,,,NOTTINGHAM,CITY OF NOTTINGHAM,CITY OF NOTTINGHAM,2022,2,11.86358938
220000,22/02/2022,NG19 9EX,D,,,MANSFIELD,MANSFIELD,NOTTINGHAMSHIRE,2022,2,12.30138737
380000,14/02/2022,NG9 6RJ,D,,,NOTTINGHAM,BROXTOWE,NOTTINGHAMSHIRE,2022,2,12.84792916
75000,11/02/2022,NG18 4YE,F,,,MANSFIELD,MANSFIELD,NOTTINGHAMSHIRE,2022,2,11.22525673
260000,31/01/2022,NG9 6RS,T,,,NOTTINGHAM,BROXTOWE,NOTTINGHAMSHIRE,2022,1,12.46844076
145000,11/03/2022,NG5 5UE,T,,,NOTTINGHAM,CITY OF NOTTINGHAM,CITY OF NOTTINGHAM,2022,3,11.88449592
130000,11/02/2022,NG17 4LS,T,,,SUTTON-IN-ASHFIELD,ASHFIELD,NOTTINGHAMSHIRE,2022,2,11.77529742
200000,23/02/2022,DN22 7HL,T,,,RETFORD,BASSETLAW,NOTTINGHAMSHIRE,2022,2,12.20607765
237000,28/02/2022,NG18 3FE,S,,,MANSFIELD,MANSFIELD,NOTTINGHAMSHIRE,2022,2,12.37581964
130000,18/02/2022,NG17 4GU,S,,,SUTTON-IN-ASHFIELD,ASHFIELD,NOTTINGHAMSHIRE,2022,2,11.77529742
325000,25/02/2022,NG25 0AH,D,,,SOUTHWELL,NEWARK AND SHERWOOD,NOTTINGHAMSHIRE,2022,2,12.69158354
170000,17/02/2022,NG18 5JD,S,,,MANSFIELD,MANSFIELD,NOTTINGHAMSHIRE,2022,2,12.0435596
236500,08/02/2022,NG5 9BJ,T,,,NOTTINGHAM,CITY OF NOTTINGHAM,CITY OF NOTTINGHAM,2022,2,12.37370772
220000,28/02/2022,NG18 3FS,T,,,MANSFIELD,MANSFIELD,NOTTINGHAMSHIRE,2022,2,12.30138737
310000,04/03/2022,NG16 6JE,D,,,NOTTINGHAM,ASHFIELD,NOTTINGHAMSHIRE,2022,3,12.6443308
100000,21/02/2022,DN22 6RE,F,,,RETFORD,BASSETLAW,NOTTINGHAMSHIRE,2022,2,11.51293546
105000,25/02/2022,NG5 1QY,F,,,NOTTINGHAM,CITY OF NOTTINGHAM,CITY OF NOTTINGHAM,2022,2,11.56172515
485000,10/03/2022,NG3 5DW,S,,,NOTTINGHAM,CITY OF NOTTINGHAM,CITY OF NOTTINGHAM,2022,3,13.09190623
285000,04/03/2022,NG19 7GH,D,,,MANSFIELD,MANSFIELD,NOTTINGHAMSHIRE,2022,3,12.56024797
185000,25/02/2022,NG5 9BE,S,,,NOTTINGHAM,CITY OF NOTTINGHAM,CITY OF NOTTINGHAM,2022,2,12.12811651
71000,28/02/2022,DN22 6FE,F,,,RETFORD,BASSETLAW,NOTTINGHAMSHIRE,2022,2,11.17044924
335000,19/01/2022,NG24 1BX,D,,,NEWARK,NEWARK AND SHERWOOD,NOTTINGHAMSHIRE,2022,1,12.7218888
263000,28/02/2022,HG2 7AJ,S,,,HARROGATE,HARROGATE,NORTH YORKSHIRE,2022,2,12.47991311
217000,28/02/2022,YO8 3GE,T,,,SELBY,SELBY,NORTH YORKSHIRE,2022,2,12.28765724
112000,04/02/2022,YO11 2LJ,F,,,SCARBOROUGH,SCARBOROUGH,NORTH YORKSHIRE,2022,2,11.62626308
630000,05/01/2022,OX3 8AH,S,,,OXFORD,OXFORD,OXFORDSHIRE,2022,1,13.35347669
236750,28/01/2022,OX14 1SP,F,,,ABINGDON,VALE OF WHITE HORSE,OXFORDSHIRE,2022,1,12.37476423
250000,16/03/2022,OX12 0DF,T,,,WANTAGE,VALE OF WHITE HORSE,OXFORDSHIRE,2022,3,12.4292202
170000,28/02/2022,OX11 8UJ,F,,,DIDCOT,SOUTH OXFORDSHIRE,OXFORDSHIRE,2022,2,12.0435596
255000,26/05/2022,NN14 1NE,S,,,KETTERING,NORTH NORTHAMPTONSHIRE,NORTH NORTHAMPTONSHIRE,2022,5,12.44902275
850000,20/06/2022,NN13 5NE,D,,,BRACKLEY,WEST NORTHAMPTONSHIRE,WEST NORTHAMPTONSHIRE,2022,6,13.6529928
218000,04/05/2022,NG12 3NR,S,,,NOTTINGHAM,RUSHCLIFFE,NOTTINGHAMSHIRE,2022,5,12.29225493
210000,20/06/2022,NG4 4EN,T,,,NOTTINGHAM,GEDLING,NOTTINGHAMSHIRE,2022,6,12.25486757
291000,17/06/2022,NG3 1HB,T,,,NOTTINGHAM,CITY OF NOTTINGHAM,CITY OF NOTTINGHAM,2022,6,12.58108198
190000,26/04/2022,NG9 8FJ,S,,,NOTTINGHAM,BROXTOWE,NOTTINGHAMSHIRE,2022,4,12.15478461
220000,14/02/2022,NG9 7EU,S,,,NOTTINGHAM,BROXTOWE,NOTTINGHAMSHIRE,2022,2,12.30138737
370000,05/05/2022,NG18 4LB,D,,,MANSFIELD,MANSFIELD,NOTTINGHAMSHIRE,2022,5,12.82126099
207000,26/05/2022,NG11 9JW,S,,,NOTTINGHAM,CITY OF NOTTINGHAM,CITY OF NOTTINGHAM,2022,5,12.2404789
284500,23/06/2022,NG2 2NS,T,,,NOTTINGHAM,CITY OF NOTTINGHAM,CITY OF NOTTINGHAM,2022,6,12.55849205
232000,12/05/2022,NG12 3LB,S,,,NOTTINGHAM,RUSHCLIFFE,NOTTINGHAMSHIRE,2022,5,12.35449696
575000,25/02/2022,NG17 5LF,D,,,SUTTON-IN-ASHFIELD,ASHFIELD,NOTTINGHAMSHIRE,2022,2,13.26212706
163000,19/05/2022,NG5 5NT,S,,,NOTTINGHAM,CITY OF NOTTINGHAM,CITY OF NOTTINGHAM,2022,5,12.00151161
135000,24/05/2022,NG24 3AR,T,,,NEWARK,NEWARK AND SHERWOOD,NOTTINGHAMSHIRE,2022,5,11.81303746
130000,11/02/2022,NG7 2FA,F,,,NOTTINGHAM,CITY OF NOTTINGHAM,CITY OF NOTTINGHAM,2022,2,11.77529742
390000,29/06/2022,NG9 6PA,D,,,NOTTINGHAM,BROXTOWE,NOTTINGHAMSHIRE,2022,6,12.87390458
167000,31/05/2022,NG3 6BU,D,,,NOTTINGHAM,GEDLING,NOTTINGHAMSHIRE,2022,5,12.02575508
615000,06/07/2022,NG17 7QL,D,,,NOTTINGHAM,ASHFIELD,NOTTINGHAMSHIRE,2022,7,13.32937917
475000,20/05/2022,LE12 6SY,D,,,LOUGHBOROUGH,RUSHCLIFFE,NOTTINGHAMSHIRE,2022,5,13.07107219
140000,28/02/2022,NG3 2BQ,T,,,NOTTINGHAM,CITY OF NOTTINGHAM,CITY OF NOTTINGHAM,2022,2,11.84940484
235000,11/03/2022,NG5 8HL,S,,,NOTTINGHAM,GEDLING,NOTTINGHAMSHIRE,2022,3,12.36734505
168000,07/07/2022,NG8 4DW,S,,,NOTTINGHAM,CITY OF NOTTINGHAM,CITY OF NOTTINGHAM,2022,7,12.03172521
300000,05/07/2022,NG25 0NL,T,,,SOUTHWELL,NEWARK AND SHERWOOD,NOTTINGHAMSHIRE,2022,7,12.61154109
205000,08/07/2022,NG4 4JX,S,,,NOTTINGHAM,GEDLING,NOTTINGHAMSHIRE,2022,7,12.23077014
283000,01/06/2022,NG17 3FT,D,,,SUTTON-IN-ASHFIELD,ASHFIELD,NOTTINGHAMSHIRE,2022,6,12.55320571
525000,29/03/2022,LE14 3QA,D,,,MELTON MOWBRAY,RUSHCLIFFE,NOTTINGHAMSHIRE,2022,3,13.17115545
347500,17/06/2022,NG2 7JU,T,,,NOTTINGHAM,RUSHCLIFFE,NOTTINGHAMSHIRE,2022,6,12.75852282
380000,22/06/2022,DN22 0PY,D,,,RETFORD,BASSETLAW,NOTTINGHAMSHIRE,2022,6,12.84792916
378000,16/06/2022,NG2 7GE,D,,,NOTTINGHAM,RUSHCLIFFE,NOTTINGHAMSHIRE,2022,6,12.84265212
155070,04/05/2022,NG11 9JF,S,,,NOTTINGHAM,CITY OF NOTTINGHAM,CITY OF NOTTINGHAM,2022,5,11.95163836
300000,22/04/2022,NG12 3JJ,D,,,NOTTINGHAM,RUSHCLIFFE,NOTTINGHAMSHIRE,2022,4,12.61154109
215000,29/06/2022,NG3 2PZ,S,,,NOTTINGHAM,CITY OF NOTTINGHAM,CITY OF NOTTINGHAM,2022,6,12.27839796
225000,07/06/2022,S80 1YG,D,,,WORKSOP,BASSETLAW,NOTTINGHAMSHIRE,2022,6,12.32386013
165000,20/05/2022,NG2 2FE,T,,,NOTTINGHAM,CITY OF NOTTINGHAM,CITY OF NOTTINGHAM,2022,5,12.01370681
185000,08/06/2022,S81 0TD,D,,,WORKSOP,BASSETLAW,NOTTINGHAMSHIRE,2022,6,12.12811651
120000,08/06/2022,NG3 1LP,T,,,NOTTINGHAM,CITY OF NOTTINGHAM,CITY OF NOTTINGHAM,2022,6,11.69525536
285000,30/06/2022,NG9 7FT,D,,,NOTTINGHAM,BROXTOWE,NOTTINGHAMSHIRE,2022,6,12.56024797
115000,10/06/2022,DN11 8BJ,T,,,DONCASTER,BASSETLAW,NOTTINGHAMSHIRE,2022,6,11.6526961
108000,17/06/2022,NG2 4DY,T,,,NOTTINGHAM,CITY OF NOTTINGHAM,CITY OF NOTTINGHAM,2022,6,11.58989577
185000,25/05/2022,NG18 5EG,D,,,MANSFIELD,MANSFIELD,NOTTINGHAMSHIRE,2022,5,12.12811651
245000,07/07/2022,NG21 0GF,D,,,MANSFIELD,NEWARK AND SHERWOOD,NOTTINGHAMSHIRE,2022,7,12.40901757
190000,18/03/2022,NG6 8PU,S,,,NOTTINGHAM,CITY OF NOTTINGHAM,CITY OF NOTTINGHAM,2022,3,12.15478461
167000,01/07/2022,NG15 8AL,S,,,NOTTINGHAM,ASHFIELD,NOTTINGHAMSHIRE,2022,7,12.02575508
176000,03/02/2022,NG24 4JG,S,,,NEWARK,NEWARK AND SHERWOOD,NOTTINGHAMSHIRE,2022,2,12.07824496
425000,23/06/2022,NG3 5XD,D,,,NOTTINGHAM,GEDLING,NOTTINGHAMSHIRE,2022,6,12.9598468
165000,22/06/2022,NG16 2AQ,S,,,NOTTINGHAM,BROXTOWE,NOTTINGHAMSHIRE,2022,6,12.01370681
295000,09/06/2022,NG24 2RH,D,,,NEWARK,NEWARK AND SHERWOOD,NOTTINGHAMSHIRE,2022,6,12.59473403
183000,01/06/2022,NG21 9GH,S,,,MANSFIELD,NEWARK AND SHERWOOD,NOTTINGHAMSHIRE,2022,6,12.1172469
220000,11/07/2022,NG3 7AE,S,,,NOTTINGHAM,CITY OF NOTTINGHAM,CITY OF NOTTINGHAM,2022,7,12.30138737
260000,30/06/2022,NG8 6FF,S,,,NOTTINGHAM,CITY OF NOTTINGHAM,CITY OF NOTTINGHAM,2022,6,12.46844076
270000,27/05/2022,NG24 2RH,D,,,NEWARK,NEWARK AND SHERWOOD,NOTTINGHAMSHIRE,2022,5,12.50618094
293000,24/06/2022,NG17 3AJ,D,,,SUTTON-IN-ASHFIELD,ASHFIELD,NOTTINGHAMSHIRE,2022,6,12.5879313
212000,09/06/2022,NG16 2WU,S,,,NOTTINGHAM,BROXTOWE,NOTTINGHAMSHIRE,2022,6,12.26434627
190000,24/05/2022,NG17 8SP,T,,,NOTTINGHAM,ASHFIELD,NOTTINGHAMSHIRE,2022,5,12.15478461
125000,30/06/2022,DN11 8FA,T,,,DONCASTER,BASSETLAW,NOTTINGHAMSHIRE,2022,6,11.73607702
425000,28/06/2022,NG11 7HL,D,,,NOTTINGHAM,RUSHCLIFFE,NOTTINGHAMSHIRE,2022,6,12.9598468
250000,09/05/2022,NG1 5DZ,F,,,NOTTINGHAM,CITY OF NOTTINGHAM,CITY OF NOTTINGHAM,2022,5,12.4292202
210000,24/06/2022,DN22 7ZT,D,,,RETFORD,BASSETLAW,NOTTINGHAMSHIRE,2022,6,12.25486757
188500,22/03/2022,NG2 5BA,F,,,NOTTINGHAM,RUSHCLIFFE,NOTTINGHAMSHIRE,2022,3,12.14685859
69000,26/05/2022,NG18 2RH,T,,,MANSFIELD,MANSFIELD,NOTTINGHAMSHIRE,2022,5,11.14187628
250000,22/04/2022,S81 7SN,S,,,WORKSOP,BASSETLAW,NOTTINGHAMSHIRE,2022,4,12.4292202
300000,05/07/2022,NG8 6HE,S,,,NOTTINGHAM,CITY OF NOTTINGHAM,CITY OF NOTTINGHAM,2022,7,12.61154109
260000,17/06/2022,NG3 5FZ,T,,,NOTTINGHAM,CITY OF NOTTINGHAM,CITY OF NOTTINGHAM,2022,6,12.46844076
265000,24/01/2022,NG5 7HA,D,,,NOTTINGHAM,GEDLING,NOTTINGHAMSHIRE,2022,1,12.48748888
157000,28/06/2022,NG22 9WD,T,,,NEWARK,NEWARK AND SHERWOOD,NOTTINGHAMSHIRE,2022,6,11.96400745
425000,24/06/2022,NG2 5LX,S,,,NOTTINGHAM,RUSHCLIFFE,NOTTINGHAMSHIRE,2022,6,12.9598468
260000,08/07/2022,NG4 4LP,S,,,NOTTINGHAM,GEDLING,NOTTINGHAMSHIRE,2022,7,12.46844076
485000,31/05/2022,NG12 2FS,D,,,NOTTINGHAM,RUSHCLIFFE,NOTTINGHAMSHIRE,2022,5,13.09190623
240000,10/03/2022,NG6 8ZW,S,,,NOTTINGHAM,CITY OF NOTTINGHAM,CITY OF NOTTINGHAM,2022,3,12.38839837
245000,27/05/2022,NG5 1EA,T,,,NOTTINGHAM,CITY OF NOTTINGHAM,CITY OF NOTTINGHAM,2022,5,12.40901757
335000,16/05/2022,NG21 9GY,D,,,MANSFIELD,NEWARK AND SHERWOOD,NOTTINGHAMSHIRE,2022,5,12.7218888
320000,17/06/2022,YO14 9SB,D,,,FILEY,SCARBOROUGH,NORTH YORKSHIRE,2022,6,12.6760794
220000,24/06/2022,YO17 6SN,T,,,MALTON,RYEDALE,NORTH YORKSHIRE,2022,6,12.30138737
399950,17/06/2022,YO26 4UJ,S,,,YORK,YORK,YORK,2022,6,12.89909732
243000,20/06/2022,YO12 6JQ,S,,,SCARBOROUGH,SCARBOROUGH,NORTH YORKSHIRE,2022,6,12.40082084
265000,10/06/2022,BD20 8EX,T,,,KEIGHLEY,CRAVEN,NORTH YORKSHIRE,2022,6,12.48748888
250000,08/07/2022,LS17 0DH,T,,,LEEDS,HARROGATE,NORTH YORKSHIRE,2022,7,12.4292202
220000,14/01/2022,TS9 6SA,F,,,MIDDLESBROUGH,HAMBLETON,NORTH YORKSHIRE,2022,1,12.30138737
218000,09/03/2022,TS15 0ES,T,,,YARM,HAMBLETON,NORTH YORKSHIRE,2022,3,12.29225493
142000,14/06/2022,YO12 7QR,T,,,SCARBOROUGH,SCARBOROUGH,NORTH YORKSHIRE,2022,6,11.86358938
350000,03/03/2022,HG3 2GP,F,,,HARROGATE,HARROGATE,NORTH YORKSHIRE,2022,3,12.76569129
395000,27/05/2022,YO31 8SX,D,,,YORK,YORK,YORK,2022,5,12.88664358
310000,24/06/2022,HG4 2EL,S,,,RIPON,HARROGATE,NORTH YORKSHIRE,2022,6,12.6443308
237000,23/05/2022,DN14 9QF,D,,,GOOLE,SELBY,NORTH YORKSHIRE,2022,5,12.37581964
237000,30/05/2022,HG3 2TD,S,,,HARROGATE,HARROGATE,NORTH YORKSHIRE,2022,5,12.37581964
775000,28/06/2022,YO8 6QS,S,,,SELBY,SELBY,NORTH YORKSHIRE,2022,6,13.5606196
204000,28/01/2022,YO11 3TF,S,,,SCARBOROUGH,SCARBOROUGH,NORTH YORKSHIRE,2022,1,12.22588017
425000,08/07/2022,HG1 5JG,T,,,HARROGATE,HARROGATE,NORTH YORKSHIRE,2022,7,12.9598468
164000,30/06/2022,YO12 7RX,T,,,SCARBOROUGH,SCARBOROUGH,NORTH YORKSHIRE,2022,6,12.0076278
530000,23/06/2022,HG4 3HT,D,,,RIPON,HARROGATE,NORTH YORKSHIRE,2022,6,13.18063417
160000,19/04/2022,TS9 5HX,T,,,MIDDLESBROUGH,HAMBLETON,NORTH YORKSHIRE,2022,4,11.98293534
225000,10/06/2022,YO10 4QH,F,,,YORK,YORK,YORK,2022,6,12.32386013
295000,10/06/2022,HG2 0JL,F,,,HARROGATE,HARROGATE,NORTH YORKSHIRE,2022,6,12.59473403
1693460,12/07/2022,YO30 6NA,D,,,YORK,YORK,YORK,2022,7,14.34228492
130000,01/07/2022,HG4 1JN,F,,,RIPON,HARROGATE,NORTH YORKSHIRE,2022,7,11.77529742
248250,16/06/2022,YO31 9EP,S,,,YORK,YORK,YORK,2022,6,12.42219561
165188,27/01/2022,OX16 9HQ,F,,,BANBURY,CHERWELL,OXFORDSHIRE,2022,1,12.01484555
375000,02/02/2022,OX7 5YW,T,,,CHIPPING NORTON,WEST OXFORDSHIRE,OXFORDSHIRE,2022,2,12.83468397
160000,21/02/2022,OX4 2BA,F,,,OXFORD,OXFORD,OXFORDSHIRE,2022,2,11.98293534
1400000,10/02/2022,OX13 6AB,D,,,ABINGDON,VALE OF WHITE HORSE,OXFORDSHIRE,2022,2,14.15198351
890000,15/02/2022,RG4 9DT,D,,,READING,SOUTH OXFORDSHIRE,OXFORDSHIRE,2022,2,13.69897787
375000,21/02/2022,OX44 7RA,S,,,OXFORD,SOUTH OXFORDSHIRE,OXFORDSHIRE,2022,2,12.83468397
385000,04/03/2022,OX14 2NQ,T,,,ABINGDON,VALE OF WHITE HORSE,OXFORDSHIRE,2022,3,12.86100121
210000,04/03/2022,OX12 9HU,S,,,WANTAGE,VALE OF WHITE HORSE,OXFORDSHIRE,2022,3,12.25486757
346000,07/01/2022,OX14 2NL,T,,,ABINGDON,VALE OF WHITE HORSE,OXFORDSHIRE,2022,1,12.75419694
515000,25/01/2022,OX2 0DF,T,,,OXFORD,OXFORD,OXFORDSHIRE,2022,1,13.15192412
1450000,18/03/2022,OX2 6RE,T,,,OXFORD,OXFORD,OXFORDSHIRE,2022,3,14.1870748
345000,07/03/2022,RG4 9SR,T,,,READING,SOUTH OXFORDSHIRE,OXFORDSHIRE,2022,3,12.75130259
299950,23/02/2022,OX14 5DJ,T,,,ABINGDON,VALE OF WHITE HORSE,OXFORDSHIRE,2022,2,12.61137441
440000,12/10/2023,B16 9BL,S,N,F,STIRLING ROAD,,BIRMINGHAM,2023,10,12.99453228
125000,20/10/2023,B44 8BN,T,N,F,MAYBANK PLACE,,BIRMINGHAM,2023,10,11.73607702
495000,29/09/2023,B31 2HS,S,N,F,WOODLAND ROAD,NORTHFIELD,BIRMINGHAM,2023,9,13.11231506
110000,19/12/2023,CV1 2AW,T,N,F,TERRY ROAD,,COVENTRY,2023,12,11.60824474
170000,27/02/2023,B36 0QE,T,N,F,ARRAN WAY,,BIRMINGHAM,2023,2,12.0435596
110000,04/10/2023,B26 3BN,T,N,F,COMMON LANE,SHELDON,BIRMINGHAM,2023,10,11.60824474
100000,12/10/2023,CV6 3BT,O,N,F,RADFORD ROAD,RADFORD,COVENTRY,2023,10,11.51293546
282000,10/10/2023,B74 2DT,O,N,F,ALDRIDGE ROAD,STREETLY,SUTTON COLDFIELD,2023,10,12.5496659
105000,21/11/2023,B19 1JT,T,N,F,POPLAR AVENUE,,BIRMINGHAM,2023,11,11.56172515
228500,03/11/2023,CV3 1AR,T,N,F,BOLINGBROKE ROAD,,COVENTRY,2023,11,12.33929587
183000,19/05/2023,CV3 3EZ,T,N,F,LANESIDE,,COVENTRY,2023,5,12.1172469
95000,20/10/2023,B16 9NF,F,N,L,MELVILLE ROAD,,BIRMINGHAM,2023,10,11.4616427
120000,22/09/2023,WV10 8LX,S,N,F,POPE ROAD,,WOLVERHAMPTON,2023,9,11.69525536
220000,25/08/2023,B73 5XE,T,N,F,JOCKEY ROAD,,SUTTON COLDFIELD,2023,8,12.30138737
590000,12/10/2023,WS3 4LX,O,N,F,HIGH STREET,PELSALL,WALSALL,2023,10,13.28787951
167500,24/10/2023,B21 8PF,S,N,F,CRANBROOK ROAD,,BIRMINGHAM,2023,10,12.0287446
147500,05/05/2023,WS3 2AX,S,N,F,MAY STREET,,WALSALL,2023,5,11.90159023
44000,14/11/2023,B45 8XY,F,N,L,REDNAL MILL DRIVE,REDNAL,BIRMINGHAM,2023,11,10.69196764
165000,24/11/2023,B20 2AT,S,N,F,ROMILLY AVENUE,,BIRMINGHAM,2023,11,12.01370681
280000,20/11/2023,CV5 9QD,S,N,F,FRESHFIELD CLOSE,,COVENTRY,2023,11,12.54254845
200000,14/09/2023,CV6 3EA,S,N,F,TREHERNE ROAD,RADFORD,COVENTRY,2023,9,12.20607765
534000,24/08/2023,B6 4HL,O,N,F,MANCHESTER STREET,,BIRMINGHAM,2023,8,13.18815299
175000,11/08/2023,B6 7EE,O,N,F,BICKFORD ROAD,,BIRMINGHAM,2023,8,12.07254697
155000,10/11/2023,B31 3UN,T,N,F,MIDDLEMORE ROAD,NORTHFIELD,BIRMINGHAM,2023,11,11.95118685
122500,23/11/2023,WV13 3QF,T,N,F,STUBBINGTON CLOSE,,WILLENHALL,2023,11,11.71587447
180000,18/12/2023,B66 4EJ,T,N,F,MERRIVALE ROAD,,SMETHWICK,2023,12,12.10071769
106000,15/11/2023,WV4 4NN,S,N,F,EASTCROFT ROAD,,WOLVERHAMPTON,2023,11,11.57120381
182000,14/07/2023,DY8 4TN,S,N,F,KINGSWAY,WOLLASTON,STOURBRIDGE,2023,7,12.11176746
210000,18/10/2023,B70 6QJ,T,N,F,BIRMINGHAM ROAD,,WEST BROMWICH,2023,10,12.25486757
330000,24/08/2023,B74 2LB,S,N,F,HUNDRED ACRE ROAD,,SUTTON COLDFIELD,2023,8,12.70685096
132500,16/11/2023,WV13 3EE,S,N,F,PETWORTH CLOSE,,WILLENHALL,2023,11,11.79434547
162000,14/12/2023,LS2 7DA,F,N,L,CROWN STREET,,LEEDS,2023,12,11.99535779
132000,13/10/2023,LS14 6GL,F,N,L,ASH COURT,,LEEDS,2023,10,11.79056478
130000,15/11/2023,HX1 2HX,O,N,F,CLARE ROAD,,HALIFAX,2023,11,11.77529742
310000,05/12/2023,LS29 7BU,O,N,F,MAIN STREET,BURLEY IN WHARFEDALE,ILKLEY,2023,12,12.6443308
190000,15/12/2023,BD21 4ST,T,N,F,CALTON ROAD,,KEIGHLEY,2023,12,12.15478461
45000,12/04/2023,BD1 5BQ,F,N,L,LEEDS ROAD,,BRADFORD,2023,4,10.71443999
290000,27/09/2023,HD9 2NU,O,N,F,OLD ROAD,HOLMBRIDGE,HOLMFIRTH,2023,9,12.57763965
100000,05/12/2023,WF1 5HX,T,N,F,WESLEY STREET,,WAKEFIELD,2023,12,11.51293546
44000,25/09/2023,BD1 2NH,F,N,L,GRATTAN ROAD,,BRADFORD,2023,9,10.69196764
125500,17/10/2023,HD5 8QF,T,N,F,MITCHELL AVENUE,,HUDDERSFIELD,2023,10,11.74006901
584250,29/09/2023,LS9 0SH,O,N,F,NEW MARKET LANE,,LEEDS,2023,9,13.27808596
112500,09/10/2023,WF10 5JH,S,N,F,WESTFIELD AVENUE,,CASTLEFORD,2023,10,11.63071739
120000,27/03/2023,BD13 2RQ,S,N,F,MEDWAY,QUEENSBURY,BRADFORD,2023,3,11.69525536
90000,24/11/2023,BD6 2BG,S,N,F,BONWICK MALL,,BRADFORD,2023,11,11.40757606
141500,08/12/2023,LS13 3NH,T,N,F,HAYLEIGH STREET,,LEEDS,2023,12,11.86006206
161000,24/03/2023,HU12 8FU,T,Y,F,LUND MEWS,PRESTON,HULL,2023,3,11.98916586
220000,26/05/2023,HU12 8FQ,D,Y,F,HOWELL PARK,PRESTON,HULL,2023,5,12.30138737
131825,07/07/2023,HU15 1YZ,T,Y,F,GASKIN CROFT,WELTON,BROUGH,2023,7,11.78923815
155800,07/07/2023,HU15 1YH,S,Y,F,RUSSELL VALE,WELTON,BROUGH,2023,7,11.95633483
79110,29/06/2023,HU17 0LU,S,Y,F,HAZELNUT DRIVE,,BEVERLEY,2023,6,11.27860721
1000000,03/11/2023,HU17 9SG,O,N,F,ESKE LANE,TICKTON,BEVERLEY,2023,11,13.81551156
155000,02/11/2023,YO25 4AW,S,Y,F,WILLOW DRIVE,KILHAM,DRIFFIELD,2023,11,11.95118685
180000,11/07/2023,HU14 3HH,O,N,F,GIBSON LANE SOUTH,MELTON,NORTH FERRIBY,2023,7,12.10071769
121000,29/11/2023,DN14 7AX,S,N,F,THORPE ROAD AVENUE,HOWDEN,GOOLE,2023,11,11.70355409
220000,15/12/2023,HU4 7SU,S,N,F,NORLAND AVENUE,,HULL,2023,12,12.30138737
725000,28/07/2023,HU15 2LF,D,N,F,EVERTHORPE LANE,NORTH CAVE,BROUGH,2023,7,13.49392831
145000,01/12/2023,HU15 1GG,T,N,F,SWALE ROAD,,BROUGH,2023,12,11.88449592
900000,17/07/2023,HU16 4RD,O,N,F,THWAITE STREET,,COTTINGHAM,2023,7,13.71015115
238000,15/12/2023,HU15 1TJ,T,N,F,ELLOUGHTONTHORPE WAY,,BROUGH,2023,12,12.38003015
95000,06/10/2023,HU15 2RG,T,N,F,MAIN ROAD,NEWPORT,BROUGH,2023,10,11.4616427
277000,22/09/2023,BH8 0BS,S,N,F,BRAMSHAW GARDENS,,BOURNEMOUTH,2023,9,12.5317764
455000,27/10/2023,BH23 1JE,D,N,F,SOPERS LANE,,CHRISTCHURCH,2023,10,13.0280549
460000,29/09/2023,SP6 3HY,D,N,F,BROOMFIELD DRIVE,ALDERHOLT,FORDINGBRIDGE,2023,9,13.03898394
270000,02/06/2023,BH17 7YJ,T,N,F,SYCAMORE CLOSE,,POOLE,2023,6,12.50618094
285000,09/10/2023,SP7 8DX,S,N,F,CROOKHAYS,,SHAFTESBURY,2023,10,12.56024797
495000,29/09/2023,BH6 3BB,S,N,F,BELLE VUE ROAD,SOUTHBOURNE,BOURNEMOUTH,2023,9,13.11231506
312500,29/09/2023,BH23 3RW,T,N,F,ELDERBERRY LANE,,CHRISTCHURCH,2023,9,12.65236295
705000,18/12/2023,BH22 8TA,D,N,F,CHRISTCHURCH ROAD,WEST PARLEY,FERNDOWN,2023,12,13.4659545
260000,02/10/2023,BH17 7XS,S,N,F,MARTIN CLOSE,CREEKMOOR,POOLE,2023,10,12.46844076
288000,02/11/2023,BH9 3QA,T,N,F,GUNVILLE CRESCENT,MUSCLIFF,BOURNEMOUTH,2023,11,12.57071923
210000,18/10/2023,DT9 4AL,T,N,F,HARBOUR ROAD,,SHERBORNE,2023,10,12.25486757
418000,18/12/2023,BH17 9BA,D,N,F,HALSTOCK CRESCENT,CANFORD HEATH,POOLE,2023,12,12.9432391
1310000,06/10/2023,BH6 4DX,D,N,F,SOUTHBOURNE COAST ROAD,,BOURNEMOUTH,2023,10,14.08553846
366500,25/10/2023,DT5 1NJ,T,N,F,MALLAMS,,PORTLAND,2023,10,12.81175653
225000,24/08/2023,BH5 2BX,S,N,F,ST JAMES'S SQUARE,,BOURNEMOUTH,2023,8,12.32386013
300000,11/12/2023,DT4 0SX,T,N,F,COBHAM DRIVE,,WEYMOUTH,2023,12,12.61154109
302750,25/08/2023,BH21 8LR,S,N,F,NEW ROAD,WOODLANDS,WIMBORNE,2023,8,12.62066596
175000,12/10/2023,BH17 9EX,D,N,F,FURZEBROOK CLOSE,,POOLE,2023,10,12.07254697
327000,03/11/2023,BH17 7YB,S,N,F,BLACKBIRD CLOSE,CREEKMOOR,POOLE,2023,11,12.69771851
53000,02/11/2023,SR8 3EZ,T,N,F,RYDAL MOUNT,,PETERLEE,2023,11,10.87806606
35000,04/10/2023,DL17 8PF,T,N,F,STEPHENSON STREET,,FERRYHILL,2023,10,10.46313191
85000,20/10/2023,DL4 1JH,T,N,F,BYERLEY ROAD,,SHILDON,2023,10,11.3504183
63500,27/10/2023,SR8 2BN,T,N,F,KENT WALK,,PETERLEE,2023,10,11.05881093
87500,14/09/2023,DH6 5DS,S,N,F,BEDE TERRACE,BOWBURN,DURHAM,2023,9,11.3794055
105000,18/12/2023,DH2 1TX,T,N,L,ASKRIGG CLOSE,OUSTON,CHESTER LE STREET,2023,12,11.56172515
85000,13/10/2023,TS29 6HJ,S,N,F,BEECH GROVE,TRIMDON GRANGE,TRIMDON STATION,2023,10,11.3504183
65000,25/08/2023,DH7 6DG,T,N,F,RYDAL CLOSE,SACRISTON,DURHAM,2023,8,11.08215793
65000,15/12/2023,SR8 5QU,S,N,F,NESBIT ROAD,,PETERLEE,2023,12,11.08215793
117500,23/06/2023,DL3 0BW,S,N,F,COTTINGHAM COURT,,DARLINGTON,2023,6,11.67420212
50000,27/10/2023,DL1 5PB,T,N,L,QUAKER LANE,,DARLINGTON,2023,10,10.81979828
39000,02/05/2023,DL14 8JJ,T,N,F,BUCKINGHAM TERRACE,LEEHOLME,BISHOP AUCKLAND,2023,5,10.57134257
180000,06/09/2023,DL16 7FU,S,N,F,CAMERON COURT,KIRK MERRINGTON,SPENNYMOOR,2023,9,12.10071769
249995,25/08/2023,DL12 9BU,D,Y,F,GRASSHOLME WAY,STARTFORTH,BARNARD CASTLE,2023,8,12.4292002
35000,23/10/2023,DL4 2EY,T,N,F,ALEXANDRA STREET,,SHILDON,2023,10,10.46313191
185995,31/07/2023,DL12 9BX,S,Y,F,SELSET CLOSE,STARTFORTH,BARNARD CASTLE,2023,7,12.13348045
281533,19/10/2023,DH6 4SX,D,Y,F,BLACKISTON CLOSE,COXHOE,DURHAM,2023,10,12.5480085
86000,19/12/2023,DH1 5XT,T,N,L,CANTERBURY ROAD,NEWTON HALL,DURHAM,2023,12,11.3621142
280000,14/11/2023,DL2 1QS,S,N,F,NEASHAM SPRINGS FARM COTTAGES,NEASHAM,DARLINGTON,2023,11,12.54254845
213745,24/11/2023,DH6 4SX,S,Y,F,BLACKISTON CLOSE,COXHOE,DURHAM,2023,11,12.27254367
185000,19/12/2023,DL16 7FU,S,N,F,CAMERON COURT,KIRK MERRINGTON,SPENNYMOOR,2023,12,12.12811651
169950,28/03/2023,DL5 7BH,S,Y,F,BIRCH WAY,,NEWTON AYCLIFFE,2023,3,12.04326544
80000,06/10/2023,SR6 9TE,T,N,L,GLENTHORNE ROAD,,SUNDERLAND,2023,10,11.28979441
229000,13/12/2023,TS22 5DJ,S,N,F,KNAPTON AVENUE,,BILLINGHAM,2023,12,12.34148165
90000,06/10/2023,DH7 8BQ,S,N,F,SCRIPTON GILL,BRANDON,DURHAM,2023,10,11.40757606
370000,30/05/2023,SR8 2NH,D,N,F,LORIMERS CLOSE,,PETERLEE,2023,5,12.82126099
345000,25/10/2023,DL3 8HP,S,N,F,ELTON GROVE,,DARLINGTON,2023,10,12.75130259
118000,12/10/2023,SR2 7RX,T,N,F,HUMBLEDON VIEW,,SUNDERLAND,2023,10,11.67844838
170500,30/10/2023,DH1 5XS,S,N,L,STAINDROP ROAD,,DURHAM,2023,10,12.04649644
95000,03/11/2023,DL1 4SH,S,N,F,LANETHORPE CRESCENT,,DARLINGTON,2023,11,11.4616427
195000,29/11/2023,DL1 1EE,S,N,F,YARM ROAD,,DARLINGTON,2023,11,12.18075997
675000,03/11/2023,DL2 1DG,D,N,F,ROMAN WAY,MIDDLETON ST GEORGE,DARLINGTON,2023,11,13.42246945
295000,03/10/2023,DH6 1BG,T,N,F,CORONATION CRESCENT,LOW PITTINGTON,DURHAM,2023,10,12.59473403
165000,09/05/2023,DL1 2BQ,D,N,F,RIVERSIDE WAY,,DARLINGTON,2023,5,12.01370681
140000,01/11/2023,DL1 2TL,S,N,F,WHEELDALE CLOSE,,DARLINGTON,2023,11,11.84940484
55000,27/10/2023,DH6 4EW,T,N,F,BOGMA AVENUE,COXHOE,DURHAM,2023,10,10.91510665
175000,31/10/2023,DH1 3QW,T,N,F,KIPLINGS TERRACE,,DURHAM,2023,10,12.07254697
487500,08/12/2023,TS21 1HX,D,N,F,TOWN FARM CLOSE,BISHOPTON,STOCKTON-ON-TEES,2023,12,13.09704762
275000,12/12/2023,TS21 1HE,T,N,F,THE GREEN,BISHOPTON,STOCKTON-ON-TEES,2023,12,12.52453001
170000,19/12/2023,DH1 2DH,S,N,F,GLOUCESTERSHIRE DRIVE,,DURHAM,2023,12,12.0435596
165000,19/10/2023,TS25 2AG,S,N,F,KILDALE GROVE,SEATON CAREW,HARTLEPOOL,2023,10,12.01370681
121000,15/12/2023,DH1 2QS,T,N,F,CHURCH VIEW,,DURHAM,2023,12,11.70355409
113000,28/09/2023,SR8 2NS,T,N,F,CHRISTCHURCH PLACE,,PETERLEE,2023,9,11.63515195
56000,20/10/2023,SR7 9PN,S,N,F,RIPON TERRACE,MURTON,SEAHAM,2023,10,10.93312483
285000,01/12/2023,DH7 8SL,D,N,F,MIDHILL CLOSE,BRANDON,DURHAM,2023,12,12.56024797
490000,20/10/2023,DE73 5NX,D,N,F,KINGSDALE GROVE,CHELLASTON,DERBY,2023,10,13.10216271
216000,16/08/2023,DE22 2RA,D,N,F,KEDLESTON CLOSE,ALLESTREE,DERBY,2023,8,12.28303832
185000,27/09/2023,S41 8EH,S,N,F,THIRLMERE ROAD,,CHESTERFIELD,2023,9,12.12811651
780000,20/12/2023,SK23 7LG,S,N,F,NEW HORWICH ROAD,WHALEY BRIDGE,HIGH PEAK,2023,12,13.56705048
408000,19/12/2023,DE75 7TZ,D,N,F,SANDRINGHAM DRIVE,,HEANOR,2023,12,12.9190249
347500,16/10/2023,DE23 3YY,D,N,F,BROOKDALE DRIVE,LITTLEOVER,DERBY,2023,10,12.75852282
575000,26/10/2023,SK17 8QP,D,N,F,,LITTON,BUXTON,2023,10,13.26212706
255000,16/08/2023,DE75 7PH,D,N,F,MEADOW GARDENS,,HEANOR,2023,8,12.44902275
247500,11/10/2023,S42 6EG,S,N,F,ELVIN WAY,NEW TUPTON,CHESTERFIELD,2023,10,12.4191699
190000,27/10/2023,NG10 3PW,S,N,F,HATTON CROFTS,LONG EATON,NOTTINGHAM,2023,10,12.15478461
360000,13/10/2023,SK23 9UG,D,N,F,ASHBOURNE LANE,CHAPEL EN LE FRITH,HIGH PEAK,2023,10,12.79386209
240000,24/11/2023,DE75 7BN,D,N,F,WESTFIELD AVENUE,,HEANOR,2023,11,12.38839837
100000,29/11/2023,DE24 8FP,T,N,F,TOWER STREET,,DERBY,2023,11,11.51293546
298000,19/12/2023,DE55 3BS,D,N,F,RANGEWOOD ROAD,SOUTH NORMANTON,ALFRETON,2023,12,12.60485212
630000,19/12/2023,DE6 3DH,D,N,F,,ALKMONTON,ASHBOURNE,2023,12,13.35347669
315000,05/10/2023,DE3 9LJ,D,N,F,HOBART CLOSE,MICKLEOVER,DERBY,2023,10,12.66033109
132500,13/10/2023,S42 5JW,T,N,F,NEW STREET,NORTH WINGFIELD,CHESTERFIELD,2023,10,11.79434547
276000,11/08/2023,SK13 8SH,S,N,L,LEICESTER DRIVE,,GLOSSOP,2023,8,12.52815977
116000,26/10/2023,DE55 5AD,T,N,F,PETTIFOR TERRACE,WESTHOUSES,ALFRETON,2023,10,11.66135409
165000,05/05/2023,DE11 9NY,S,N,F,GEORGE STREET,CHURCH GRESLEY,SWADLINCOTE,2023,5,12.01370681
137500,01/12/2023,S21 4BL,T,N,F,HIGH STREET,ECKINGTON,SHEFFIELD,2023,12,11.83138647
130000,12/10/2023,S40 2HD,T,N,F,PARK STREET,,CHESTERFIELD,2023,10,11.77529742
260000,20/10/2023,S42 6RW,T,N,F,HEATHFIELD CLOSE,WINGERWORTH,CHESTERFIELD,2023,10,12.46844076
155000,19/12/2023,DE24 8RD,S,N,F,EDEN STREET,ALVASTON,DERBY,2023,12,11.95118685
220000,08/12/2023,S43 2DN,D,N,L,DALE BANK CRESCENT,NEW WHITTINGTON,CHESTERFIELD,2023,12,12.30138737
415000,31/10/2023,SK13 1DP,D,N,L,VALE MOUNT,HADFIELD,GLOSSOP,2023,10,12.93603621
285000,19/12/2023,SK13 8QQ,T,N,L,SILK STREET,,GLOSSOP,2023,12,12.56024797
295000,12/09/2023,DE55 2EQ,D,N,F,POPLAR ROAD,SOUTH NORMANTON,ALFRETON,2023,9,12.59473403
233000,25/08/2023,DE22 2SN,S,N,F,BUTTERMERE DRIVE,ALLESTREE,DERBY,2023,8,12.35879802
59000,15/12/2023,DE23 6LH,F,N,L,WARWICK AVENUE,,DERBY,2023,12,10.98530967
460000,26/10/2023,NG10 4GF,D,N,F,COLLEGE STREET,LONG EATON,NOTTINGHAM,2023,10,13.03898394
435000,19/10/2023,DE4 3LJ,S,N,F,CROOK STILE,,MATLOCK,2023,10,12.98310361
280000,20/12/2023,S41 0JF,D,N,F,MANSFIELD ROAD,,CHESTERFIELD,2023,12,12.54254845
325000,18/10/2023,BN23 7SG,S,N,F,CORMORANT CLOSE,,EASTBOURNE,2023,10,12.69158354
245000,09/10/2023,BN23 7LD,T,N,F,HAWKHURST CLOSE,,EASTBOURNE,2023,10,12.40901757
420000,20/10/2023,BN20 8LP,S,N,F,NORTHIAM ROAD,,EASTBOURNE,2023,10,12.94801237
320000,30/10/2023,BN21 1QS,T,N,F,SALEHURST ROAD,,EASTBOURNE,2023,10,12.6760794
265000,02/11/2023,BN22 9JN,S,N,F,PERCIVAL ROAD,,EASTBOURNE,2023,11,12.48748888
365000,20/10/2023,BN20 8BG,T,N,F,BRIGHTLAND ROAD,,EASTBOURNE,2023,10,12.80765537
473000,20/10/2023,BN20 8JH,D,N,F,PEPPERCOMBE ROAD,,EASTBOURNE,2023,10,13.06685278
525000,20/09/2023,IG2 6YB,S,N,F,QUEENBOROUGH GARDENS,,ILFORD,2023,9,13.17115545
512300,08/12/2023,RM1 4HH,S,N,F,PETTITS LANE,,ROMFORD,2023,12,13.14666762
402500,11/12/2023,RM6 6BJ,S,N,F,HAINAULT ROAD,CHADWELL HEATH,ROMFORD,2023,12,12.90545286
440000,20/10/2023,E10 6HF,F,N,L,ESSEX ROAD,LEYTON,LONDON,2023,10,12.99453228
625000,24/10/2023,E17 8HH,T,N,F,MARKMANOR AVENUE,,LONDON,2023,10,13.34550853
680000,06/10/2023,E4 6PZ,S,N,F,GOLDSBOROUGH CRESCENT,,LONDON,2023,10,13.42984955
255000,18/05/2023,E18 1DQ,F,N,L,FOSTERS CLOSE,,LONDON,2023,5,12.44902275
515000,27/11/2023,E4 8ET,S,N,F,NEW ROAD,,LONDON,2023,11,13.15192412
515000,15/06/2023,RM13 9UU,S,N,F,WENNINGTON ROAD,,RAINHAM,2023,6,13.15192412
520000,21/12/2023,RM5 2AJ,S,N,F,MELVILLE ROAD,,ROMFORD,2023,12,13.16158601
680000,21/09/2023,E10 6DN,T,N,F,LIVERPOOL ROAD,,LONDON,2023,9,13.42984955
405000,10/11/2023,IG5 0SZ,T,N,F,TIPTREE CRESCENT,,ILFORD,2023,11,12.91164482
570000,22/09/2023,RM14 2XA,S,N,F,GARBUTT ROAD,,UPMINSTER,2023,9,13.25339339
325000,23/03/2023,RM10 7ST,T,N,F,OXLOW LANE,,DAGENHAM,2023,3,12.69158354
635000,03/11/2023,RM13 9RL,S,N,F,FAIRVIEW AVENUE,,RAINHAM,2023,11,13.36138185
350000,06/11/2023,RM9 4ET,T,N,F,STAMFORD GARDENS,,DAGENHAM,2023,11,12.76569129
695000,03/11/2023,E18 1HU,T,N,F,WAVERLEY ROAD,,LONDON,2023,11,13.45166856
660000,12/05/2023,RM3 0QA,T,N,F,GUBBINS LANE,HAROLD WOOD,ROMFORD,2023,5,13.39999663
565000,24/11/2023,RM11 3SQ,S,N,F,BURNWAY,,HORNCHURCH,2023,11,13.24458278
352000,24/11/2023,IG1 2HS,T,N,F,BADEN ROAD,,ILFORD,2023,11,12.7713893
420000,18/09/2023,RM8 2QU,T,N,F,LINDISFARNE ROAD,,DAGENHAM,2023,9,12.94801237
425000,29/09/2023,RM10 8BP,S,N,F,NORTON ROAD,,DAGENHAM,2023,9,12.9598468
676000,19/10/2023,E17 6PJ,T,N,F,MANSFIELD ROAD,,LONDON,2023,10,13.42394983
385000,07/11/2023,RM14 1LW,S,N,F,FRONT LANE,,UPMINSTER,2023,11,12.86100121
593000,10/11/2023,E4 9LH,T,N,F,WINCHESTER ROAD,,LONDON,2023,11,13.29295136
420000,18/10/2023,IG3 9JH,T,N,F,BETCHWORTH ROAD,,ILFORD,2023,10,12.94801237
345000,13/10/2023,E4 6SA,F,N,L,HALE CLOSE,,LONDON,2023,10,12.75130259
640000,31/10/2023,EC2A 4AN,F,N,L,LEONARD STREET,,LONDON,2023,10,13.36922502
697000,31/10/2023,EC2Y 8HD,F,N,L,FROBISHER CRESCENT,,LONDON,2023,10,13.45454212
518000,08/12/2023,E17 7DN,F,N,L,CHEWTON ROAD,,LONDON,2023,12,13.15773245
310000,20/12/2023,E16 1BJ,F,N,L,WESTERN GATEWAY,,LONDON,2023,12,12.6443308
423000,29/09/2023,IG4 5NE,T,N,F,BERGHOLT AVENUE,,ILFORD,2023,9,12.95512982
625000,06/10/2023,N16 5SP,F,N,L,LISTRIA PARK,,LONDON,2023,10,13.34550853
418000,28/11/2023,E14 9HA,F,N,L,PAN PENINSULA SQUARE,,LONDON,2023,11,12.9432391
450000,24/07/2023,N7 9JD,F,N,L,HILLMARTON ROAD,,LONDON,2023,7,13.01700508
350000,20/10/2023,E4 9PQ,F,N,L,HANDSWORTH AVENUE,,LONDON,2023,10,12.76569129
515000,24/10/2023,E4 8SG,T,N,F,RUSHCROFT ROAD,,LONDON,2023,10,13.15192412
692500,19/10/2023,E17 4LA,T,N,F,THORPE ROAD,WALTHAMSTOW,LONDON,2023,10,13.44806496
495000,25/09/2023,RM1 4YX,S,N,F,GARRY WAY,,ROMFORD,2023,9,13.11231506
495000,07/12/2023,RM13 7EL,S,N,F,HAYES DRIVE,,RAINHAM,2023,12,13.11231506
450000,08/12/2023,RM5 3EH,T,N,F,KENWAY,,ROMFORD,2023,12,13.01700508
400000,18/12/2023,IG6 1BG,T,N,F,HORNS ROAD,,ILFORD,2023,12,12.89922233
550000,14/12/2023,IG3 9AA,T,N,F,SOUTH PARK DRIVE,,ILFORD,2023,12,13.21767538
580000,14/09/2023,E4 9NG,T,N,F,CAVENDISH ROAD,,LONDON,2023,9,13.27078511
445000,06/11/2023,RM7 0UB,T,N,F,FOURTH AVENUE,,ROMFORD,2023,11,13.00583181
400000,19/10/2023,RM8 1PX,T,N,F,TENTERDEN ROAD,,DAGENHAM,2023,10,12.89922233
450000,25/09/2023,RM5 2DS,S,N,F,HAMLET ROAD,,ROMFORD,2023,9,13.01700508
575000,02/10/2023,E10 5ND,T,N,F,BALMORAL ROAD,,LONDON,2023,10,13.26212706
440000,31/10/2023,RM12 4NT,S,N,F,BELMONT ROAD,,HORNCHURCH,2023,10,12.99453228
625000,24/11/2023,E17 4JY,T,N,F,NORTHBANK ROAD,,LONDON,2023,11,13.34550853
1835000,10/07/2023,RM11 3LX,D,N,F,PARKSTONE AVENUE,,HORNCHURCH,2023,7,14.42255558
325000,13/10/2023,RM10 8DE,T,N,F,ALIBON ROAD,,DAGENHAM,2023,10,12.69158354
500000,10/10/2023,IG2 6QL,T,N,F,HEADLEY DRIVE,,ILFORD,2023,10,13.12236538
450000,28/09/2023,E4 6JY,T,N,F,WITHY MEAD,,LONDON,2023,9,13.01700508
340000,13/10/2023,RM13 8AT,S,N,F,HOOD ROAD,,RAINHAM,2023,10,12.73670384
565000,19/10/2023,IG3 8DN,T,N,F,FELBRIGGE ROAD,,ILFORD,2023,10,13.24458278
375000,06/10/2023,IG4 5HE,T,N,F,INGLEHURST GARDENS,,ILFORD,2023,10,12.83468397
170000,25/09/2023,TN40 1QN,F,N,L,AMHERST ROAD,,BEXHILL-ON-SEA,2023,9,12.0435596
325000,01/08/2023,TN34 3FU,T,N,F,FARADAY DRIVE,,HASTINGS,2023,8,12.69158354
440000,03/11/2023,TN39 4FZ,D,N,F,GRACELANDS DRIVE,,BEXHILL-ON-SEA,2023,11,12.99453228
195000,28/09/2023,BN2 3EN,F,N,L,TOTLAND ROAD,,BRIGHTON,2023,9,12.18075997
513000,23/08/2023,TN39 4FQ,D,N,F,BROOKLANDS ROAD,,BEXHILL-ON-SEA,2023,8,13.14803307
215000,10/10/2023,BN23 6HW,F,N,L,COLLINGWOOD CLOSE,,EASTBOURNE,2023,10,12.27839796
225000,01/11/2023,TN37 6DB,F,N,L,EVERSFIELD PLACE,,ST LEONARDS-ON-SEA,2023,11,12.32386013
180000,17/10/2023,TN34 3LP,F,N,L,MANOR ROAD,,HASTINGS,2023,10,12.10071769
250000,27/10/2023,BN41 1XN,F,N,L,LINKS CLOSE,PORTSLADE,BRIGHTON,2023,10,12.4292202
412500,07/11/2023,BN41 1SE,T,N,F,BAMPFIELD STREET,PORTSLADE,BRIGHTON,2023,11,12.92999391
1260000,04/12/2023,BN3 6LR,D,N,F,GOLDSTONE CRESCENT,,HOVE,2023,12,14.04662307
495000,05/01/2023,BN25 3JX,D,N,F,DYMCHURCH CLOSE,,SEAFORD,2023,1,13.11231506
624995,11/01/2023,BN25 4EW,D,N,F,MONTGOMERY WAY,,SEAFORD,2023,1,13.34550053
450000,04/01/2023,BN27 4HY,D,N,F,,CARTERS CORNER,HAILSHAM,2023,1,13.01700508
250000,19/01/2023,TN22 5AJ,F,N,L,CHAPEL PLACE,,UCKFIELD,2023,1,12.4292202
290000,19/01/2023,BN2 4FW,F,Y,L,THE FURLONG,,BRIGHTON,2023,1,12.57763965
205000,19/01/2023,BN1 8QN,F,N,L,LADIES MILE ROAD,,BRIGHTON,2023,1,12.23077014
375000,17/01/2023,TN22 5AJ,F,N,L,CHAPEL PLACE,,UCKFIELD,2023,1,12.83468397
505000,31/01/2023,BN8 4FL,F,Y,L,GRADWELL END,SOUTH CHAILEY,LEWES,2023,1,13.13231569
178000,02/10/2023,BN21 2XW,F,N,L,WOODCROFT DRIVE,,EASTBOURNE,2023,10,12.08954445
250000,16/10/2023,BN1 3RL,F,N,L,ALBERT ROAD,,BRIGHTON,2023,10,12.4292202
350000,07/03/2023,TN38 9AT,S,N,F,LANCASTER ROAD,,ST LEONARDS-ON-SEA,2023,3,12.76569129
203400,15/02/2023,TN31 7DR,T,N,F,CYPRUS PLACE,,RYE,2023,2,12.22293468
162500,18/08/2023,BN3 1JQ,F,N,L,HOLLAND ROAD,,HOVE,2023,8,11.99843943
141000,19/10/2023,TN34 1PN,F,N,L,WELLINGTON SQUARE,,HASTINGS,2023,10,11.85652226
410000,23/03/2023,BN2 4FW,F,Y,L,THE FURLONG,,BRIGHTON,2023,3,12.92391488
215000,31/03/2023,TN34 2RD,F,N,L,THE RIDGE,,HASTINGS,2023,3,12.27839796
435000,31/03/2023,BN25 3JX,S,N,F,DYMCHURCH CLOSE,,SEAFORD,2023,3,12.98310361
565500,14/04/2023,BN3 5EU,F,Y,L,SCHOOL ROAD,,HOVE,2023,4,13.24546734
170000,23/03/2023,BN21 3YB,F,N,L,THE AVENUE,,EASTBOURNE,2023,3,12.0435596
570000,08/03/2023,BN2 8GH,D,Y,F,CHALK CLIFF ROAD,SALTDEAN,BRIGHTON,2023,3,13.25339339
535000,04/12/2023,CM3 5WX,D,N,F,GANDALFS RIDE,SOUTH WOODHAM FERRERS,CHELMSFORD,2023,12,13.1900239
325000,29/09/2023,CO13 0RX,D,N,F,ASHMOLE DRIVE,KIRBY CROSS,FRINTON-ON-SEA,2023,9,12.69158354
366000,27/10/2023,RM15 4LB,T,N,F,HALL AVENUE,AVELEY,SOUTH OCKENDON,2023,10,12.81039134
270000,20/10/2023,CM8 1TJ,T,N,F,BRENT CLOSE,,WITHAM,2023,10,12.50618094
330000,14/12/2023,SS15 5JA,T,N,F,GLADWYNS,,BASILDON,2023,12,12.70685096
290000,03/11/2023,CO4 9RE,S,N,F,SINNINGTON END,HIGHWOODS,COLCHESTER,2023,11,12.57763965
745000,18/12/2023,RM2 5PL,D,N,F,PARKWAY,,ROMFORD,2023,12,13.52114084
420500,12/10/2023,CM14 4BT,T,N,F,ALFRED ROAD,,BRENTWOOD,2023,10,12.94920214
385000,26/05/2023,SS4 3LB,T,N,F,MOORCROFT,,ROCHFORD,2023,5,12.86100121
315000,03/11/2023,SS0 9DT,T,N,F,GLENWOOD AVENUE,,WESTCLIFF-ON-SEA,2023,11,12.66033109
440000,25/09/2023,IG10 2DY,T,N,F,BURNEY DRIVE,,LOUGHTON,2023,9,12.99453228
277500,26/10/2023,IG10 2HF,T,N,F,HEREWARD GREEN,,LOUGHTON,2023,10,12.53357982
605000,30/11/2023,RM15 4DS,S,N,F,PURFLEET ROAD,AVELEY,SOUTH OCKENDON,2023,11,13.31298539
370000,30/11/2023,CM2 6DJ,T,N,F,GAINSBOROUGH CRESCENT,,CHELMSFORD,2023,11,12.82126099
335000,08/11/2023,SS9 5EL,D,N,F,BELGRAVE ROAD,EASTWOOD,LEIGH-ON-SEA,2023,11,12.7218888
445000,20/10/2023,SS13 1RD,D,N,F,ILMINGTON DRIVE,,BASILDON,2023,10,13.00583181
340000,08/12/2023,SS9 5NH,D,N,F,BELLHOUSE ROAD,,LEIGH-ON-SEA,2023,12,12.73670384
217500,12/10/2023,RM17 5YJ,T,N,F,BELMONT ROAD,,GRAYS,2023,10,12.28995873
150000,20/10/2023,CM19 5RU,T,N,F,SYCAMORE FIELD,,HARLOW,2023,10,11.91839724
450000,14/09/2023,CO11 2HB,D,N,F,COTMAN AVENUE,LAWFORD,MANNINGTREE,2023,9,13.01700508
290000,31/10/2023,CM19 5NU,T,N,F,HEIGHAMS,,HARLOW,2023,10,12.57763965
400000,21/09/2023,CM2 8UT,S,N,F,MIDDLEMEAD,WEST HANNINGFIELD,CHELMSFORD,2023,9,12.89922233
612500,02/11/2023,CM13 1HX,S,N,F,QUEENSWOOD AVENUE,HUTTON,BRENTWOOD,2023,11,13.32530585
398000,19/05/2023,RM6 5AA,T,N,F,HAVERING GARDENS,,ROMFORD,2023,5,12.8942098
450000,27/10/2023,IG8 8JQ,T,N,F,CANFIELD ROAD,,WOODFORD GREEN,2023,10,13.01700508
1100000,20/10/2023,RM4 1JP,D,N,F,TYSEA HILL,STAPLEFORD ABBOTTS,ROMFORD,2023,10,13.91082165
325000,25/10/2023,CO4 9RZ,D,N,F,BERKLEY CLOSE,HIGHWOODS,COLCHESTER,2023,10,12.69158354
400000,28/09/2023,EN9 3NJ,T,N,F,POPLAR SHAW,,WALTHAM ABBEY,2023,9,12.89922233
1215000,29/09/2023,CM1 3JD,T,N,F,ROMANS PLACE,WRITTLE,CHELMSFORD,2023,9,14.01025546
342500,23/10/2023,CM17 0HS,T,N,F,THE HOO,,HARLOW,2023,10,12.74402986
185000,09/11/2023,SS13 3HN,F,N,L,PIERCYS,,BASILDON,2023,11,12.12811651
240000,21/12/2023,SS1 3JZ,F,N,L,STATION ROAD,,SOUTHEND-ON-SEA,2023,12,12.38839837
230000,02/11/2023,CM2 8DT,F,N,L,BELLS CHASE,GREAT BADDOW,CHELMSFORD,2023,11,12.34583894
520000,06/10/2023,SS0 0PS,S,N,F,WESTBOURNE GROVE,,WESTCLIFF-ON-SEA,2023,10,13.16158601
650000,19/12/2023,CO5 8AN,D,N,F,PRINCE ALBERT ROAD,WEST MERSEA,COLCHESTER,2023,12,13.38472918
120000,12/12/2023,CM18 6BE,F,N,L,WATERHOUSE MOOR,,HARLOW,2023,12,11.69525536
410000,20/12/2023,CM7 2SZ,D,N,F,ROSEMARY AVENUE,,BRAINTREE,2023,12,12.92391488
63000,01/11/2023,CO15 6PY,F,N,L,STATION ROAD,,CLACTON-ON-SEA,2023,11,11.05090588
295000,03/10/2023,CM7 9AU,T,N,F,BRADFORD STREET,,BRAINTREE,2023,10,12.59473403
350000,19/12/2023,SS9 5AX,D,N,F,TUDOR ROAD,,LEIGH-ON-SEA,2023,12,12.76569129
140000,08/12/2023,CO12 4EB,T,N,F,MANOR LANE,,HARWICH,2023,12,11.84940484
297000,20/12/2023,SS9 1QF,F,N,L,EAST STREET,,LEIGH-ON-SEA,2023,12,12.60149078
440000,06/10/2023,SS1 2XU,S,N,F,HUNTINGDON ROAD,,SOUTHEND-ON-SEA,2023,10,12.99453228
340000,06/12/2023,SS9 5XB,S,N,F,PARK AVENUE,,LEIGH-ON-SEA,2023,12,12.73670384
647000,10/10/2023,CO6 1YS,D,N,F,QUEENSBERRY AVENUE,COPFORD,COLCHESTER,2023,10,13.38010312
405000,20/10/2023,RM17 6ND,T,N,F,JOSLING CLOSE,,GRAYS,2023,10,12.91164482
302000,19/12/2023,CM20 3PH,T,N,F,PARSONAGE LEYS,,HARLOW,2023,12,12.61818561
1140000,10/11/2023,IG7 5BE,D,N,F,CHIGWELL PARK,,CHIGWELL,2023,11,13.9465397
130000,20/12/2023,CO16 7AJ,F,N,L,POLSTEAD WAY,,CLACTON-ON-SEA,2023,12,11.77529742
310000,31/08/2023,CM7 1LJ,T,N,F,STONE CLOSE,,BRAINTREE,2023,8,12.6443308
330000,15/09/2023,RM16 6BN,T,N,F,PLYMOUTH ROAD,CHAFFORD HUNDRED,GRAYS,2023,9,12.70685096
235000,05/10/2023,CM17 9RX,S,N,L,CHELSEA GARDENS,CHURCH LANGLEY,HARLOW,2023,10,12.36734505
186000,30/05/2023,CO12 4RG,S,N,F,BERYL ROAD,,HARWICH,2023,5,12.13350733
675000,27/10/2023,CO15 6QJ,D,N,F,LANCASTER GARDENS EAST,,CLACTON-ON-SEA,2023,10,13.42246945
675000,12/10/2023,CM2 9AT,S,N,F,WIDFORD GROVE,,CHELMSFORD,2023,10,13.42246945
325000,27/10/2023,SS7 3RL,S,N,F,WOODLOW,,BENFLEET,2023,10,12.69158354
572500,09/10/2023,CO16 8EP,D,N,F,POINT CLEAR ROAD,ST OSYTH,CLACTON-ON-SEA,2023,10,13.25776976
300000,16/11/2023,CM2 9JT,T,N,F,ASH GROVE,,CHELMSFORD,2023,11,12.61154109
291500,02/10/2023,SS14 1GE,T,N,F,WARREN DRIVE,,BASILDON,2023,10,12.58279872
370000,15/12/2023,CM1 1QP,T,N,F,STEAMER TERRACE,,CHELMSFORD,2023,12,12.82126099
290000,12/05/2023,CM77 8NY,S,N,F,HAWBUSH GREEN,CRESSING,BRAINTREE,2023,5,12.57763965
310000,20/10/2023,SS0 9TY,T,N,F,WESTBOURNE GROVE,,WESTCLIFF-ON-SEA,2023,10,12.6443308
765000,07/07/2023,CM11 2XY,D,N,F,LONDON ROAD,CRAYS HILL,BILLERICAY,2023,7,13.54763242
325000,18/09/2023,SS5 5EQ,S,N,F,CHESTNUT CLOSE,,HOCKLEY,2023,9,12.69158354
200000,30/11/2023,SS0 7LJ,T,N,F,HAMLET COURT ROAD,,WESTCLIFF-ON-SEA,2023,11,12.20607765
355000,29/09/2023,RM16 6BE,T,N,F,MAYFLOWER ROAD,CHAFFORD HUNDRED,GRAYS,2023,9,12.77987589
368000,12/10/2023,CM2 9AX,S,N,F,BRUCE GROVE,,CHELMSFORD,2023,10,12.81584093
67000,20/12/2023,CO12 5ER,F,N,L,MICHAELSTOWE DRIVE,,HARWICH,2023,12,11.11246282
350000,25/08/2023,CM8 2HA,S,N,F,ARMOND ROAD,,WITHAM,2023,8,12.76569129
315000,06/10/2023,PL6 7SU,D,N,F,ROWAN WAY,,PLYMOUTH,2023,10,12.66033109
323000,20/10/2023,EX20 2LP,D,N,F,,SOUTH TAWTON,OKEHAMPTON,2023,10,12.6854107
828000,26/09/2023,PL3 4SP,D,N,F,MANNAMEAD AVENUE,,PLYMOUTH,2023,9,13.62676964
65000,15/09/2023,EX4 6DH,F,N,L,KINGSGATE,,EXETER,2023,9,11.08215793
200000,22/09/2023,TQ12 6TX,T,N,F,MOORLAND GATE,HEATHFIELD,NEWTON ABBOT,2023,9,12.20607765
260000,12/10/2023,EX38 7NE,S,N,F,BURWOOD ROAD,,TORRINGTON,2023,10,12.46844076
500000,26/10/2023,EX15 2RW,D,N,F,OLD VILLAGE,WILLAND,CULLOMPTON,2023,10,13.12236538
345000,25/10/2023,EX4 1NE,S,N,F,BERKSHIRE DRIVE,,EXETER,2023,10,12.75130259
270000,12/10/2023,EX4 6QW,T,N,F,ST SIDWELLS AVENUE,,EXETER,2023,10,12.50618094
329000,18/12/2023,TQ4 5AS,D,N,F,SANDS ROAD,,PAIGNTON,2023,12,12.70381607
190000,09/11/2023,PL7 2ZJ,T,N,F,SUMMERLANDS CLOSE,CHADDLEWOOD,PLYMOUTH,2023,11,12.15478461
236000,20/12/2023,TQ12 3YZ,T,N,F,LITTLE CLOSE,KINGSTEIGNTON,NEWTON ABBOT,2023,12,12.37159132
162500,14/12/2023,PL5 2DS,T,N,F,DALTON GARDENS,,PLYMOUTH,2023,12,11.99843943
174000,15/09/2023,TQ12 3PL,T,N,F,COLLEYBROOK CLOSE,KINGSTEIGNTON,NEWTON ABBOT,2023,9,12.06681633
350000,20/12/2023,EX10 9QS,T,N,F,ENGLANDS CLOSE,SIDFORD,SIDMOUTH,2023,12,12.76569129
319000,10/11/2023,EX4 2DZ,T,N,F,LINCOLN ROAD,,EXETER,2023,11,12.67294952
215000,05/10/2023,EX4 7JJ,T,N,F,ST KATHERINES ROAD,,EXETER,2023,10,12.27839796
225000,13/11/2023,PL7 4PU,T,N,F,SHEARWOOD CLOSE,,PLYMOUTH,2023,11,12.32386013
210000,14/09/2023,TQ5 8DE,S,N,L,CHURSTON WAY,,BRIXHAM,2023,9,12.25486757
327500,05/12/2023,EX2 9AJ,T,N,F,SYDNEY ROAD,,EXETER,2023,12,12.69924639
595000,25/10/2023,TQ7 3RB,D,N,F,SCOTTS CLOSE,CHURCHSTOW,KINGSBRIDGE,2023,10,13.29631837
277000,20/12/2023,EX12 3NG,S,N,F,ASH HILL COURT,BEER,SEATON,2023,12,12.5317764
167000,18/12/2023,PL4 7HQ,T,N,F,EDGAR TERRACE,,PLYMOUTH,2023,12,12.02575508
240000,29/09/2023,TQ3 2AX,T,N,F,BARUM CLOSE,,PAIGNTON,2023,9,12.38839837
850000,19/10/2023,EX3 0EU,D,N,F,VICTORIA ROAD,TOPSHAM,EXETER,2023,10,13.6529928
165000,20/10/2023,PL6 6RA,T,N,F,LONGSTONE AVENUE,,PLYMOUTH,2023,10,12.01370681
400000,13/11/2023,EX34 0HU,S,N,F,CORNER LANE,COMBE MARTIN,ILFRACOMBE,2023,11,12.89922233
157000,31/10/2023,PL1 5BE,T,N,F,TRACEY COURT,,PLYMOUTH,2023,10,11.96400745
180000,08/09/2023,PL5 1AU,S,N,F,YORK ROAD,,PLYMOUTH,2023,9,12.10071769
240000,20/12/2023,PL4 9PL,T,N,F,DESBOROUGH ROAD,,PLYMOUTH,2023,12,12.38839837
635000,31/10/2023,TQ13 9BB,D,N,F,NEWTON ROAD,BOVEY TRACEY,NEWTON ABBOT,2023,10,13.36138185
350000,15/11/2023,EX17 6BQ,D,N,F,,EAST LEIGH,CREDITON,2023,11,12.76569129
260000,30/11/2023,EX16 5FL,T,N,F,ALLOTMENT APPROACH,,TIVERTON,2023,11,12.46844076
252000,18/10/2023,PL6 8DY,S,N,L,BLUEBELL STREET,,PLYMOUTH,2023,10,12.43718833
500000,13/10/2023,PL3 5NY,D,N,F,TORR LANE,,PLYMOUTH,2023,10,13.12236538
135000,27/10/2023,EX13 5TG,F,N,L,TIGERS WAY,,AXMINSTER,2023,10,11.81303746
585000,13/10/2023,EX16 5DG,D,N,F,AUBYNS WOOD RISE,,TIVERTON,2023,10,13.27936884
182500,11/10/2023,EX39 4EP,T,N,F,TORRINGTON LANE,,BIDEFORD,2023,10,12.11451093
195000,01/12/2023,TQ9 5RP,F,N,L,FORE STREET,,TOTNES,2023,12,12.18075997
375000,15/12/2023,EX15 1TT,D,N,F,DORSET DOWN CRESCENT,,CULLOMPTON,2023,12,12.83468397
375000,10/08/2023,TQ4 7FN,D,N,F,HOLLYHOCK WAY,,PAIGNTON,2023,8,12.83468397
515000,28/09/2023,EX1 3GP,D,N,F,PALMER CLOSE,,EXETER,2023,9,13.15192412
248000,27/10/2023,EX15 1US,T,N,F,GREENHOUSE GARDENS,,CULLOMPTON,2023,10,12.42118806
280000,15/12/2023,PL1 3QR,F,N,L,DURNFORD STREET,,PLYMOUTH,2023,12,12.54254845
190000,03/11/2023,EX31 4FN,D,N,F,MEREWOOD CLOSE,PRIXFORD,BARNSTAPLE,2023,11,12.15478461
87000,20/10/2023,TQ1 4AE,F,N,L,BRUNSWICK TERRACE,,TORQUAY,2023,10,11.37367489
220000,08/09/2023,TQ2 6BU,T,N,F,QUEENSWAY,,TORQUAY,2023,9,12.30138737
145000,12/12/2023,TQ4 7FP,F,N,L,WHITE ROCK WAY,,PAIGNTON,2023,12,11.88449592
485000,15/12/2023,EX3 0FA,T,N,F,SEAWARD PARK,CLYST ST GEORGE,EXETER,2023,12,13.09190623
380000,20/10/2023,EX6 7SR,D,N,F,,LONGDOWN,EXETER,2023,10,12.84792916
238000,11/08/2023,EX5 7FS,T,N,F,MULBERRY ROAD,CRANBROOK,EXETER,2023,8,12.38003015
555000,02/11/2023,EX8 1TD,S,N,F,MARPOOL HILL,,EXMOUTH,2023,11,13.22672519
239000,22/11/2023,EX20 1GD,S,N,F,STOCK PARK,,OKEHAMPTON,2023,11,12.38422302
62973,20/09/2023,PL4 8NR,F,N,L,CAMDEN STREET,,PLYMOUTH,2023,9,11.05047722
485000,13/12/2023,EX12 2UH,D,N,F,ROWAN DRIVE,,SEATON,2023,12,13.09190623
350000,05/07/2023,TQ9 5WY,F,N,L,BALTIC WAY,,TOTNES,2023,7,12.76569129
277000,05/10/2023,EX13 5BX,S,N,F,LORETTO ROAD,,AXMINSTER,2023,10,12.5317764
415000,29/09/2023,EX5 1FU,D,N,F,LOWER HILL HEAD ROAD,CLYST ST MARY,EXETER,2023,9,12.93603621
215000,12/10/2023,EX4 2DQ,D,N,F,WINCHESTER AVENUE,,EXETER,2023,10,12.27839796
265000,16/10/2023,EX39 1BJ,F,N,L,BAY VIEW ROAD,NORTHAM,BIDEFORD,2023,10,12.48748888
246000,23/10/2023,EX2 6BX,S,N,F,BURNS AVENUE,,EXETER,2023,10,12.41309088
390500,06/10/2023,EX39 1RG,F,N,L,STADDON ROAD,APPLEDORE,BIDEFORD,2023,10,12.87518581
256000,27/07/2023,EX17 3FF,S,N,F,TARKA WAY,,CREDITON,2023,7,12.45293663
415000,26/09/2023,PL21 0RJ,D,N,F,SILVERWELL PARK,MODBURY,IVYBRIDGE,2023,9,12.93603621
465000,19/10/2023,EX39 3FS,D,N,F,GREENWOOD COURT,,BIDEFORD,2023,10,13.04979484
375000,29/09/2023,DT6 4DR,S,N,F,MAPLE GARDENS,,BRIDPORT,2023,9,12.83468397
252000,29/09/2023,BH11 8TJ,S,N,F,SAFFRON WAY,,BOURNEMOUTH,2023,9,12.43718833
227500,10/11/2023,DT2 9UE,T,N,F,MEECH WAY,CHARLTON DOWN,DORCHESTER,2023,11,12.33490991
350000,21/12/2023,DT10 2EL,D,N,F,THE GREEN,MAPPOWDER,STURMINSTER NEWTON,2023,12,12.76569129
540000,08/12/2023,BH18 9LF,D,N,F,WEST WAY,,BROADSTONE,2023,12,13.19932627
215000,24/10/2023,DT10 1BE,T,N,F,BUTTS POND,,STURMINSTER NEWTON,2023,10,12.27839796
290000,15/09/2023,DT4 0AN,S,N,F,ST PAULS COURT,,WEYMOUTH,2023,9,12.57763965
110000,15/12/2023,BH23 2UG,F,N,L,REGENCY CRESCENT,,CHRISTCHURCH,2023,12,11.60824474
260000,25/10/2023,DT5 2LH,T,N,F,FURLANDS,,PORTLAND,2023,10,12.46844076
380000,20/10/2023,BH12 3PJ,S,N,F,GOOD ROAD,,POOLE,2023,10,12.84792916
205000,06/10/2023,DT10 2ST,D,N,F,WOODMILLS CLOSE,STALBRIDGE,STURMINSTER NEWTON,2023,10,12.23077014
235000,15/12/2023,BH6 3EZ,F,N,L,TWYNHAM ROAD,,BOURNEMOUTH,2023,12,12.36734505
330000,20/03/2023,CF14 7BX,T,N,F,HEOL PANT Y CELYN,,CARDIFF,2023,3,12.70685096
269950,25/07/2023,LL28 4SH,D,N,F,MARSTON DRIVE,RHOS ON SEA,COLWYN BAY,2023,7,12.50599574
280000,10/08/2023,LL31 9BN,D,N,F,LLYS HELYG,DEGANWY,CONWY,2023,8,12.54254845
699999,24/08/2023,SA62 6BA,D,N,F,,PEN Y CWM,HAVERFORDWEST,2023,8,13.45883561
160000,21/08/2023,SY16 1QY,T,N,F,LON DOLAFON,,NEWTOWN,2023,8,11.98293534
203500,15/09/2023,LL29 8RB,S,N,F,GLYN AVENUE,,COLWYN BAY,2023,9,12.2234262
60000,15/09/2023,SA61 2TH,F,N,L,CURLEW CLOSE,,HAVERFORDWEST,2023,9,11.00211651
215000,05/05/2023,SA2 0DR,T,N,F,RHYDDINGS TERRACE,BRYNMILL,SWANSEA,2023,5,12.27839796
130000,28/04/2023,SA6 6TW,T,N,F,CWRT LLWYNOG,CWMRHYDYCEIRW,SWANSEA,2023,4,11.77529742
153000,13/07/2023,SA69 9NS,F,N,L,MONKSTONE COURT,,SAUNDERSFOOT,2023,7,11.93819974
247600,04/08/2023,CF14 3DX,S,N,F,MYNACHDY ROAD,,CARDIFF,2023,8,12.41957386
75000,10/05/2023,CF47 9RB,T,N,F,ACACIA AVENUE,,MERTHYR TYDFIL,2023,5,11.22525673
82000,31/08/2023,LL30 2YA,F,N,L,LLOYD STREET,,LLANDUDNO,2023,8,11.31448672
245000,31/03/2023,NP25 4SQ,T,N,F,HOLMFIELD DRIVE,LLANDOGO,MONMOUTH,2023,3,12.40901757
194000,04/08/2023,SA4 6RL,S,N,F,PLAS CROESO,GORSEINON,SWANSEA,2023,8,12.17561859
207500,28/07/2023,SA13 2US,D,N,F,BROOMHILL,,PORT TALBOT,2023,7,12.24289144
290000,18/08/2023,CH8 7RP,D,N,F,BRYNFORD ROAD,,HOLYWELL,2023,8,12.57763965
192750,14/07/2023,LL65 2UD,S,N,L,TREARDDUR HOUSE MEWS,TREARDDUR BAY,HOLYHEAD,2023,7,12.16915448
400000,22/08/2023,NP18 1BX,D,N,F,GOLDCROFT COURT,CAERLEON,NEWPORT,2023,8,12.89922233
98000,19/07/2023,NP44 8JA,S,N,L,BEAUMARIS DRIVE,LLANYRAVON,CWMBRAN,2023,7,11.49273296
111000,29/08/2023,SA5 5EG,T,N,F,HEOL AWSTIN,RAVENHILL,SWANSEA,2023,8,11.61729449
220000,13/09/2023,LL56 4HJ,T,N,F,AUGUSTA PLACE,,Y FELINHELI,2023,9,12.30138737
1500000,06/09/2023,LL53 7EP,D,N,F,LLWYNONN ESTATE,ABERSOCH,PWLLHELI,2023,9,14.22097633
140000,25/08/2023,SA6 6EY,T,N,F,Y WAUN FACH,LLANGYFELACH,SWANSEA,2023,8,11.84940484
465000,16/08/2023,CF14 1SB,D,N,F,HEOL PEN Y FAI,,CARDIFF,2023,8,13.04979484
145000,02/08/2023,LD7 1EY,T,N,F,MARKET STREET,,KNIGHTON,2023,8,11.88449592
140000,24/08/2023,SY24 5NZ,F,N,L,HEOL RHYDYGARREG,,BORTH,2023,8,11.84940484
140000,17/08/2023,LL18 4JQ,T,N,F,LON EGLYN,,RHYL,2023,8,11.84940484
210000,28/07/2023,LL20 7SA,S,N,F,WOODLANDS ROAD,FRONCYSYLLTE,LLANGOLLEN,2023,7,12.25486757
340000,23/08/2023,LL59 5RD,D,N,F,MILL BANK ESTATE,LLANDEGFAN,MENAI BRIDGE,2023,8,12.73670384
320000,03/08/2023,CF15 9EJ,D,N,F,MAES Y NANT,CREIGIAU,CARDIFF,2023,8,12.6760794
315000,17/07/2023,LL61 5QQ,D,N,F,COLLEN WEN,,LLANFAIRPWLLGWYNGYLL,2023,7,12.66033109
200000,08/08/2023,LL57 2AN,T,N,F,COLLEGE ROAD,,BANGOR,2023,8,12.20607765
435000,28/07/2023,SA46 0DP,D,N,F,SOUTH ROAD,,ABERAERON,2023,7,12.98310361
280000,01/08/2023,CF38 2LX,S,N,L,ASPEN WAY,LLANTWIT FARDRE,PONTYPRIDD,2023,8,12.54254845
205000,11/07/2023,CF62 3HY,T,N,F,ST SIORS MEADE,RHOOSE,BARRY,2023,7,12.23077014
130000,22/09/2023,SA10 7SX,S,N,F,FERNLEA PARK,,NEATH,2023,9,11.77529742
218000,14/09/2023,CH7 6RU,S,N,F,MOORCROFT,NEW BRIGHTON,MOLD,2023,9,12.29225493
150000,05/04/2023,SA73 1DL,S,N,F,BLACKBRIDGE CRESCENT,BLACKBRIDGE,MILFORD HAVEN,2023,4,11.91839724
120000,01/08/2023,SY18 6DW,S,N,F,DOLGWENITH,,LLANIDLOES,2023,8,11.69525536
176500,08/09/2023,LL16 3YQ,T,N,F,TAN Y CHWAREL,,DENBIGH,2023,9,12.08108182
138000,26/07/2023,CF39 0NH,T,N,F,GYNOR AVENUE,,PORTH,2023,7,11.83501621
125000,05/09/2023,SA11 4NB,T,N,F,TAN Y RHIW ROAD,RESOLVEN,NEATH,2023,9,11.73607702
195000,31/08/2023,LL23 7DG,D,N,F,TREM Y FFRIDD,,BALA,2023,8,12.18075997
216000,25/08/2023,LL19 7DJ,D,N,F,GARNETT DRIVE,,PRESTATYN,2023,8,12.28303832
77000,15/08/2023,LL56 4QY,F,N,L,FFORDD GARNEDD,,Y FELINHELI,2023,8,11.25157369
170000,18/08/2023,NP44 3QU,T,N,F,RADNOR WAY,,CWMBRAN,2023,8,12.0435596
91000,11/08/2023,SA71 5LU,T,N,L,TREWENT PARK,FRESHWATER EAST,PEMBROKE,2023,8,11.41862577
127500,30/08/2023,LL41 4AT,T,N,F,MANOD ROAD,,BLAENAU FFESTINIOG,2023,8,11.75587949
210000,19/05/2023,CF5 4EA,S,N,F,LLEWELLYN AVENUE,,CARDIFF,2023,5,12.25486757
105000,25/08/2023,LL57 1BJ,F,N,L,NEUADD YR EGLWYS,,BANGOR,2023,8,11.56172515
275000,11/09/2023,LL30 1PZ,D,N,F,LLYS BRIERLEY,,LLANDUDNO,2023,9,12.52453001
155000,04/09/2023,LL55 1PG,T,N,F,ELEANOR STREET,,CAERNARFON,2023,9,11.95118685
270000,02/08/2023,NP44 7LF,D,N,F,TON ROAD,,CWMBRAN,2023,8,12.50618094
115000,18/08/2023,CF47 0EG,T,N,F,TRAMROADSIDE NORTH,,MERTHYR TYDFIL,2023,8,11.6526961
150000,08/09/2023,HR3 5AA,F,N,L,LION STREET,HAY ON WYE,HEREFORD,2023,9,11.91839724
283000,04/09/2023,NP19 8HQ,D,N,L,CHAUCER ROAD,,NEWPORT,2023,9,12.55320571
241500,25/08/2023,NP7 9PH,S,N,F,ELMS ROAD,GOVILON,ABERGAVENNY,2023,8,12.39462889
260000,24/08/2023,LL30 1UJ,D,N,F,ISIS COURT,,LLANDUDNO,2023,8,12.46844076
230000,21/07/2023,CF61 2SN,S,N,F,CLOS OGNEY,,LLANTWIT MAJOR,2023,7,12.34583894
230000,28/07/2023,NP23 8DN,D,N,F,AUGUSTA PARK,VICTORIA,EBBW VALE,2023,7,12.34583894
137500,21/09/2023,CF37 1LX,T,N,F,WALTERS ROAD,,PONTYPRIDD,2023,9,11.83138647
425000,11/08/2023,NP8 1EE,D,N,F,,GLANGRWYNEY,CRICKHOWELL,2023,8,12.9598468
248000,04/08/2023,SY15 6BB,T,N,F,DOL Y FELIN,ABERMULE,MONTGOMERY,2023,8,12.42118806
320000,11/08/2023,SA2 7SR,S,N,F,DUNVANT ROAD,DUNVANT,SWANSEA,2023,8,12.6760794
275000,30/08/2023,BH11 9AR,T,N,F,WIMBORNE ROAD,,BOURNEMOUTH,2023,8,12.52453001
285000,09/08/2023,BH4 9HS,F,N,L,SURREY ROAD,WESTBOURNE,BOURNEMOUTH,2023,8,12.56024797
450000,04/08/2023,DT1 1BA,O,N,F,CORNHILL,,DORCHESTER,2023,8,13.01700508
1400000,05/09/2023,DT11 8EF,O,N,F,UPPER STREET,CHILD OKEFORD,BLANDFORD FORUM,2023,9,14.15198351
1830000,31/05/2023,SP7 0QH,O,N,F,DOVER STREET,STOUR ROW,SHAFTESBURY,2023,5,14.41982707
290000,18/08/2023,BH1 4PH,O,N,F,WILSON ROAD,SPRINGBOURNE,BOURNEMOUTH,2023,8,12.57763965
66000,21/07/2023,DT11 7AR,F,N,L,SALISBURY STREET,,BLANDFORD FORUM,2023,7,11.09742517
316000,04/09/2023,BH23 3HB,O,N,F,GROVELEY ROAD,,CHRISTCHURCH,2023,9,12.66350066
615000,06/01/2023,,O,N,L,BARBERS PILES,,POOLE,2023,1,13.32937917
3600,31/07/2023,DT4 7AT,O,N,F,THE ESPLANADE,,WEYMOUTH,2023,7,8.188966864
625000,24/08/2023,BH15 3ER,O,N,F,DARBYS LANE,,POOLE,2023,8,13.34550853
180000,09/08/2023,DT11 8TE,T,N,F,ORCHARD CLOSE,STOURPAINE,BLANDFORD FORUM,2023,8,12.10071769
290000,30/08/2023,BH21 6QF,O,N,F,COLLINGWOOD ROAD,WEST MOORS,WIMBORNE,2023,8,12.57763965
12441000,24/08/2023,BH15 2AS,O,N,F,STERTE AVENUE,,POOLE,2023,8,16.33650811
180000,17/07/2023,BH8 8BJ,O,N,L,HOLDENHURST ROAD,,BOURNEMOUTH,2023,7,12.10071769
660000,05/09/2023,BH24 2HZ,D,N,F,HILL WAY,ASHLEY HEATH,RINGWOOD,2023,9,13.39999663
3547604,01/02/2023,DT4 7QQ,O,N,F,ALEXANDRA ROAD,,WEYMOUTH,2023,2,15.08178329
310000,04/08/2023,BH14 9JZ,F,N,L,OVERBURY ROAD,,POOLE,2023,8,12.6443308
3600,31/07/2023,DT4 7AT,O,N,F,THE ESPLANADE,,WEYMOUTH,2023,7,8.188966864
524600,27/07/2023,DT4 8XE,T,N,F,KELLAWAY COURT,,WEYMOUTH,2023,7,13.17039325
650000,21/07/2023,DT6 6PU,O,N,F,THE STREET,CHARMOUTH,BRIDPORT,2023,7,13.38472918
660000,28/07/2023,SP8 5QB,O,N,F,,MILTON ON STOUR,GILLINGHAM,2023,7,13.39999663
32220,03/07/2023,BH21 2QH,O,N,F,ROWLANDS HILL,,WIMBORNE,2023,7,10.38037369
805000,18/07/2023,BH20 4AB,O,N,F,NORTH STREET,,WAREHAM,2023,7,13.5985988
295000,05/09/2023,BH1 3EJ,F,N,L,MANOR ROAD,,BOURNEMOUTH,2023,9,12.59473403
255000,21/08/2023,BH5 2AR,F,N,L,STOURFIELD ROAD,,BOURNEMOUTH,2023,8,12.44902275
1100000,28/07/2023,CV32 6HE,D,N,F,NORTHUMBERLAND ROAD,,LEAMINGTON SPA,2023,7,13.91082165
380000,27/07/2023,B75 5PJ,S,N,F,MARLPIT LANE,,SUTTON COLDFIELD,2023,7,12.84792916
420000,11/08/2023,B72 1LL,D,N,F,CONCHAR ROAD,,SUTTON COLDFIELD,2023,8,12.94801237
231000,11/08/2023,B21 0UN,S,N,F,GRASMERE ROAD,,BIRMINGHAM,2023,8,12.35017732
675000,31/08/2023,B13 9EN,D,N,F,ASCOT ROAD,MOSELEY,BIRMINGHAM,2023,8,13.42246945
190000,12/07/2023,B13 0JU,T,N,F,HULLBROOK ROAD,BILLESLEY,BIRMINGHAM,2023,7,12.15478461
455000,06/04/2023,B72 1EP,D,N,F,SIMPSON ROAD,,SUTTON COLDFIELD,2023,4,13.0280549
227000,31/08/2023,DT1 1FD,F,N,L,FORDINGTON DAIRY,,DORCHESTER,2023,8,12.3327097
230000,29/09/2023,DT3 4DD,T,N,F,AUSTRALIA ROAD,CHICKERELL,WEYMOUTH,2023,9,12.34583894
185000,27/10/2023,DT2 9UG,F,N,L,SHERREN AVENUE,CHARLTON DOWN,DORCHESTER,2023,10,12.12811651
,,,,,,,,,,,
320000,26/07/2024,MK40 3SG,T,N,F,BEDFORD,BEDFORD,BEDFORD,2024,7,12.6760794
300000,15/02/2024,MK43 9GH,S,N,F,BEDFORD,BEDFORD,BEDFORD,2024,2,12.61154109
470000,21/08/2024,MK45 2BF,S,N,F,BEDFORD,CENTRAL BEDFORDSHIRE,CENTRAL BEDFORDSHIRE,2024,8,13.0604901
527500,29/07/2024,MK43 0YX,D,N,L,BEDFORD,CENTRAL BEDFORDSHIRE,CENTRAL BEDFORDSHIRE,2024,7,13.17590604
351000,17/07/2024,LU3 3AR,T,N,F,LUTON,LUTON,LUTON,2024,7,12.76854435
395000,02/08/2024,SG18 8NR,D,N,F,BIGGLESWADE,CENTRAL BEDFORDSHIRE,CENTRAL BEDFORDSHIRE,2024,8,12.88664358
310000,18/04/2024,MK41 9RJ,S,N,F,BEDFORD,BEDFORD,BEDFORD,2024,4,12.6443308
435000,02/08/2024,SG5 4SE,S,N,F,HITCHIN,CENTRAL BEDFORDSHIRE,CENTRAL BEDFORDSHIRE,2024,8,12.98310361
435000,31/07/2024,SG17 5ZE,D,N,F,SHEFFORD,CENTRAL BEDFORDSHIRE,CENTRAL BEDFORDSHIRE,2024,7,12.98310361
306000,25/07/2024,LU6 1RG,S,N,F,DUNSTABLE,CENTRAL BEDFORDSHIRE,CENTRAL BEDFORDSHIRE,2024,7,12.63134365
120000,12/07/2024,LU2 0NT,F,N,L,LUTON,LUTON,LUTON,2024,7,11.69525536
165000,26/07/2024,MK40 3PT,F,N,L,BEDFORD,BEDFORD,BEDFORD,2024,7,12.01370681
320000,09/08/2024,MK43 9GH,T,N,F,BEDFORD,BEDFORD,BEDFORD,2024,8,12.6760794
164300,28/03/2024,MK43 0YF,T,N,L,BEDFORD,CENTRAL BEDFORDSHIRE,CENTRAL BEDFORDSHIRE,2024,3,12.00945539
301000,17/07/2024,MK42 6DH,D,N,F,BEDFORD,BEDFORD,BEDFORD,2024,7,12.61486887
335000,10/07/2024,MK43 2AG,T,N,F,BEDFORD,CENTRAL BEDFORDSHIRE,CENTRAL BEDFORDSHIRE,2024,7,12.7218888
227000,26/07/2024,SG18 8SQ,F,N,L,BIGGLESWADE,CENTRAL BEDFORDSHIRE,CENTRAL BEDFORDSHIRE,2024,7,12.3327097
330000,19/07/2024,LU6 3FR,T,N,F,DUNSTABLE,CENTRAL BEDFORDSHIRE,CENTRAL BEDFORDSHIRE,2024,7,12.70685096
460000,26/04/2024,LU5 6GG,D,N,F,DUNSTABLE,CENTRAL BEDFORDSHIRE,CENTRAL BEDFORDSHIRE,2024,4,13.03898394
455000,20/08/2024,MK40 4WL,D,N,F,BEDFORD,BEDFORD,BEDFORD,2024,8,13.0280549
205000,22/03/2024,LU7 2TN,F,N,L,LEIGHTON BUZZARD,CENTRAL BEDFORDSHIRE,CENTRAL BEDFORDSHIRE,2024,3,12.23077014
357000,12/06/2024,LU6 2BG,T,N,F,DUNSTABLE,CENTRAL BEDFORDSHIRE,CENTRAL BEDFORDSHIRE,2024,6,12.78549386
255000,22/02/2024,MK43 2AF,D,N,F,BEDFORD,CENTRAL BEDFORDSHIRE,CENTRAL BEDFORDSHIRE,2024,2,12.44902275
355000,12/07/2024,MK43 2AB,S,N,F,BEDFORD,CENTRAL BEDFORDSHIRE,CENTRAL BEDFORDSHIRE,2024,7,12.77987589
215000,11/03/2024,LU7 9SL,F,N,L,LEIGHTON BUZZARD,CENTRAL BEDFORDSHIRE,CENTRAL BEDFORDSHIRE,2024,3,12.27839796
370000,02/08/2024,MK43 2AB,S,N,F,BEDFORD,CENTRAL BEDFORDSHIRE,CENTRAL BEDFORDSHIRE,2024,8,12.82126099
198000,31/01/2024,MK45 1GD,F,N,L,BEDFORD,CENTRAL BEDFORDSHIRE,CENTRAL BEDFORDSHIRE,2024,1,12.19602736
117500,11/04/2024,LU1 2JG,F,N,L,LUTON,LUTON,LUTON,2024,4,11.67420212
548400,28/03/2024,MK40 3BY,T,N,F,BEDFORD,BEDFORD,BEDFORD,2024,3,13.21476205
525000,31/07/2024,MK40 2EQ,T,N,F,BEDFORD,BEDFORD,BEDFORD,2024,7,13.17115545
167500,02/08/2024,LU1 3GE,F,N,L,LUTON,LUTON,LUTON,2024,8,12.0287446
186000,01/08/2024,LU7 1FZ,F,N,L,LEIGHTON BUZZARD,CENTRAL BEDFORDSHIRE,CENTRAL BEDFORDSHIRE,2024,8,12.13350733
499999,19/07/2024,RG4 5EH,T,N,F,READING,READING,READING,2024,7,13.12236338
335000,01/03/2024,SL5 0BW,T,N,F,ASCOT,WINDSOR AND MAIDENHEAD,WINDSOR AND MAIDENHEAD,2024,3,12.7218888
315000,08/08/2024,RG40 1DQ,F,N,L,WOKINGHAM,WOKINGHAM,WOKINGHAM,2024,8,12.66033109
520000,11/04/2024,SL2 1AG,S,N,F,SLOUGH,SLOUGH,SLOUGH,2024,4,13.16158601
800000,09/08/2024,RG8 8BB,D,N,F,READING,WEST BERKSHIRE,WEST BERKSHIRE,2024,8,13.59236826
370000,28/03/2024,RG31 7XW,S,N,F,READING,WEST BERKSHIRE,WEST BERKSHIRE,2024,3,12.82126099
515000,28/03/2024,RG41 2PG,S,N,F,WOKINGHAM,WOKINGHAM,WOKINGHAM,2024,3,13.15192412
700000,03/04/2024,SL6 5EL,D,N,F,MAIDENHEAD,WINDSOR AND MAIDENHEAD,WINDSOR AND MAIDENHEAD,2024,4,13.45883704
300000,23/08/2024,RG1 7PH,T,N,F,READING,READING,READING,2024,8,12.61154109
567000,05/04/2024,SL6 2YW,S,N,F,MAIDENHEAD,WINDSOR AND MAIDENHEAD,WINDSOR AND MAIDENHEAD,2024,4,13.24811635
360000,02/08/2024,RG31 7XW,S,N,F,READING,WEST BERKSHIRE,WEST BERKSHIRE,2024,8,12.79386209
373500,20/08/2024,RG2 8JQ,T,N,F,READING,WOKINGHAM,WOKINGHAM,2024,8,12.83067596
335000,25/07/2024,RG1 8HA,T,N,F,READING,READING,READING,2024,7,12.7218888
385000,25/07/2024,RG17 0AW,S,N,F,HUNGERFORD,WEST BERKSHIRE,WEST BERKSHIRE,2024,7,12.86100121
365000,08/08/2024,SL6 1BD,T,N,F,MAIDENHEAD,WINDSOR AND MAIDENHEAD,WINDSOR AND MAIDENHEAD,2024,8,12.80765537
375000,01/07/2024,RG41 3HE,T,N,F,WOKINGHAM,WOKINGHAM,WOKINGHAM,2024,7,12.83468397
195000,09/08/2024,RG2 7HR,F,N,L,READING,READING,READING,2024,8,12.18075997
411000,05/04/2024,SL6 4DN,T,N,F,MAIDENHEAD,WINDSOR AND MAIDENHEAD,WINDSOR AND MAIDENHEAD,2024,4,12.92635093
435000,26/04/2024,RG41 5JF,T,N,F,WOKINGHAM,WOKINGHAM,WOKINGHAM,2024,4,12.98310361
305000,26/07/2024,RG12 0TL,T,N,F,BRACKNELL,BRACKNELL FOREST,BRACKNELL FOREST,2024,7,12.62807033
290000,31/07/2024,RG17 8NU,S,N,F,HUNGERFORD,WEST BERKSHIRE,WEST BERKSHIRE,2024,7,12.57763965
490000,19/07/2024,SL6 6SN,T,N,F,MAIDENHEAD,WINDSOR AND MAIDENHEAD,WINDSOR AND MAIDENHEAD,2024,7,13.10216271
525000,16/08/2024,RG30 2PH,S,N,F,READING,READING,READING,2024,8,13.17115545
325000,19/07/2024,RG30 1JX,T,N,F,READING,READING,READING,2024,7,12.69158354
345000,05/07/2024,RG12 7WH,T,N,F,BRACKNELL,BRACKNELL FOREST,BRACKNELL FOREST,2024,7,12.75130259
553000,15/08/2024,RG40 4EH,D,N,F,WOKINGHAM,WOKINGHAM,WOKINGHAM,2024,8,13.22311509
370000,03/07/2024,RG31 6FB,T,N,F,READING,WEST BERKSHIRE,WEST BERKSHIRE,2024,7,12.82126099
559306,22/08/2024,RG31 6FQ,D,N,F,READING,WEST BERKSHIRE,WEST BERKSHIRE,2024,8,13.2344538
154500,12/08/2024,RG1 7XZ,F,N,L,READING,READING,READING,2024,8,11.94795585
550000,18/07/2024,SL6 6SN,S,N,F,MAIDENHEAD,WINDSOR AND MAIDENHEAD,WINDSOR AND MAIDENHEAD,2024,7,13.21767538
552500,17/07/2024,RG41 5SX,S,N,F,WOKINGHAM,WOKINGHAM,WOKINGHAM,2024,7,13.22221052
610000,31/07/2024,SL4 3PP,T,N,F,WINDSOR,WINDSOR AND MAIDENHEAD,WINDSOR AND MAIDENHEAD,2024,7,13.32121588
450000,28/03/2024,RG41 1PH,D,N,F,WOKINGHAM,WOKINGHAM,WOKINGHAM,2024,3,13.01700508
370000,22/04/2024,RG19 3LG,D,N,F,THATCHAM,WEST BERKSHIRE,WEST BERKSHIRE,2024,4,12.82126099
236000,05/04/2024,RG31 7BP,F,N,L,READING,WEST BERKSHIRE,WEST BERKSHIRE,2024,4,12.37159132
760000,16/04/2024,RG41 2YE,D,N,F,WOKINGHAM,WOKINGHAM,WOKINGHAM,2024,4,13.54107503
245000,22/04/2024,RG30 3ES,F,N,L,READING,READING,READING,2024,4,12.40901757
522500,10/04/2024,RG4 8NH,F,N,L,READING,READING,READING,2024,4,13.16638218
555000,14/08/2024,RG40 2BU,T,N,F,WOKINGHAM,WOKINGHAM,WOKINGHAM,2024,8,13.22672519
460000,18/04/2024,RG1 7RT,T,N,F,READING,READING,READING,2024,4,13.03898394
600000,02/04/2024,SL3 8HR,S,N,F,SLOUGH,SLOUGH,SLOUGH,2024,4,13.3046866
880000,24/06/2024,SL4 3FA,S,N,F,WINDSOR,WINDSOR AND MAIDENHEAD,WINDSOR AND MAIDENHEAD,2024,6,13.68767832
227000,22/07/2024,RG17 0GY,T,N,F,HUNGERFORD,WEST BERKSHIRE,WEST BERKSHIRE,2024,7,12.3327097
253500,12/08/2024,RG41 2AW,F,N,L,WOKINGHAM,WOKINGHAM,WOKINGHAM,2024,8,12.44312305
172000,13/03/2024,RG12 7AS,F,N,L,BRACKNELL,BRACKNELL FOREST,BRACKNELL FOREST,2024,3,12.05525557
315000,08/04/2024,RG30 3BU,T,N,F,READING,READING,READING,2024,4,12.66033109
690000,16/04/2024,SL4 3PP,S,N,F,WINDSOR,WINDSOR AND MAIDENHEAD,WINDSOR AND MAIDENHEAD,2024,4,13.44444833
115000,26/03/2024,RG1 7XS,F,N,L,READING,READING,READING,2024,3,11.6526961
355000,14/08/2024,RG14 2AX,S,N,F,NEWBURY,WEST BERKSHIRE,WEST BERKSHIRE,2024,8,12.77987589
215000,15/03/2024,RG4 5HD,F,N,L,READING,READING,READING,2024,3,12.27839796
440000,29/07/2024,RG12 8FW,T,N,F,BRACKNELL,BRACKNELL FOREST,BRACKNELL FOREST,2024,7,12.99453228
485000,05/01/2024,RG12 8FG,D,N,F,BRACKNELL,BRACKNELL FOREST,BRACKNELL FOREST,2024,1,13.09190623
210000,20/03/2024,RG14 1RY,F,N,L,NEWBURY,WEST BERKSHIRE,WEST BERKSHIRE,2024,3,12.25486757
165000,28/03/2024,RG6 5SJ,F,N,L,READING,WOKINGHAM,WOKINGHAM,2024,3,12.01370681
500000,05/08/2024,RG12 8FN,T,N,F,BRACKNELL,BRACKNELL FOREST,BRACKNELL FOREST,2024,8,13.12236538
407000,22/03/2024,RG4 8RL,T,N,F,READING,READING,READING,2024,3,12.91657092
845000,02/08/2024,SL5 9GF,F,N,L,ASCOT,WINDSOR AND MAIDENHEAD,WINDSOR AND MAIDENHEAD,2024,8,13.64709309
725000,14/02/2024,SL6 1PG,S,N,F,MAIDENHEAD,WINDSOR AND MAIDENHEAD,WINDSOR AND MAIDENHEAD,2024,2,13.49392831
284000,31/07/2024,SL6 4FQ,F,N,L,MAIDENHEAD,WINDSOR AND MAIDENHEAD,WINDSOR AND MAIDENHEAD,2024,7,12.55673304
402000,26/07/2024,RG6 1AS,D,N,F,READING,WOKINGHAM,WOKINGHAM,2024,7,12.90420986
194000,28/03/2024,RG42 2BJ,F,N,L,BRACKNELL,BRACKNELL FOREST,BRACKNELL FOREST,2024,3,12.17561859
300000,22/07/2024,RG30 4YN,T,N,F,READING,READING,READING,2024,7,12.61154109
280000,29/07/2024,SL4 6JW,F,N,L,WINDSOR,WINDSOR AND MAIDENHEAD,WINDSOR AND MAIDENHEAD,2024,7,12.54254845
160000,22/04/2024,RG19 4ES,F,N,L,THATCHAM,WEST BERKSHIRE,WEST BERKSHIRE,2024,4,11.98293534
175000,07/08/2024,SL1 3QQ,F,N,L,SLOUGH,SLOUGH,SLOUGH,2024,8,12.07254697
2200000,26/03/2024,RG17 0SR,D,N,F,HUNGERFORD,WEST BERKSHIRE,WEST BERKSHIRE,2024,3,14.60396837
185000,26/07/2024,BS2 8UH,F,N,L,BRISTOL,CITY OF BRISTOL,CITY OF BRISTOL,2024,7,12.12811651
320000,24/04/2024,BS4 2AB,D,N,F,BRISTOL,CITY OF BRISTOL,CITY OF BRISTOL,2024,4,12.6760794
231000,01/08/2024,BS3 2RG,F,N,L,BRISTOL,CITY OF BRISTOL,CITY OF BRISTOL,2024,8,12.35017732
265000,22/07/2024,BS8 4HH,F,N,L,BRISTOL,CITY OF BRISTOL,CITY OF BRISTOL,2024,7,12.48748888
211000,29/07/2024,BS2 0PL,F,N,L,BRISTOL,CITY OF BRISTOL,CITY OF BRISTOL,2024,7,12.25961815
1190000,11/04/2024,BS6 6TU,T,N,F,BRISTOL,CITY OF BRISTOL,CITY OF BRISTOL,2024,4,13.98946471
1050000,19/04/2024,BS9 3RY,S,N,F,BRISTOL,CITY OF BRISTOL,CITY OF BRISTOL,2024,4,13.86430167
785000,19/04/2024,BS6 7XF,D,N,F,BRISTOL,CITY OF BRISTOL,CITY OF BRISTOL,2024,4,13.57344027
193000,26/02/2024,BS15 1ST,F,N,L,BRISTOL,CITY OF BRISTOL,CITY OF BRISTOL,2024,2,12.17045065
520000,26/07/2024,BS9 4SW,S,N,L,BRISTOL,CITY OF BRISTOL,CITY OF BRISTOL,2024,7,13.16158601
335000,19/04/2024,BS3 3DN,S,N,F,BRISTOL,CITY OF BRISTOL,CITY OF BRISTOL,2024,4,12.7218888
735000,09/08/2024,BS4 2BZ,S,N,F,BRISTOL,CITY OF BRISTOL,CITY OF BRISTOL,2024,8,13.50762714
230000,09/08/2024,BS6 6HX,F,N,L,BRISTOL,CITY OF BRISTOL,CITY OF BRISTOL,2024,8,12.34583894
450000,01/07/2024,BS7 0AD,T,N,F,BRISTOL,CITY OF BRISTOL,CITY OF BRISTOL,2024,7,13.01700508
577900,24/06/2024,BS3 1LW,T,N,F,BRISTOL,CITY OF BRISTOL,CITY OF BRISTOL,2024,6,13.26715785
238000,25/07/2024,BS6 5PH,F,N,L,BRISTOL,CITY OF BRISTOL,CITY OF BRISTOL,2024,7,12.38003015
178000,26/04/2024,BS3 3NA,F,N,L,BRISTOL,CITY OF BRISTOL,CITY OF BRISTOL,2024,4,12.08954445
450000,23/04/2024,BS10 5ET,S,N,F,BRISTOL,CITY OF BRISTOL,CITY OF BRISTOL,2024,4,13.01700508
650000,18/03/2024,BS9 4QT,T,N,F,BRISTOL,CITY OF BRISTOL,CITY OF BRISTOL,2024,3,13.38472918
220000,31/07/2024,MK12 6LR,T,N,F,MILTON KEYNES,MILTON KEYNES,MILTON KEYNES,2024,7,12.30138737
185000,26/02/2024,HP13 6PG,F,N,L,HIGH WYCOMBE,BUCKINGHAMSHIRE,BUCKINGHAMSHIRE,2024,2,12.12811651
655000,05/04/2024,HP5 3AY,D,N,F,CHESHAM,BUCKINGHAMSHIRE,BUCKINGHAMSHIRE,2024,4,13.39239204
295000,08/03/2024,MK13 7DN,T,N,F,MILTON KEYNES,MILTON KEYNES,MILTON KEYNES,2024,3,12.59473403
215000,23/07/2024,MK12 6LP,T,N,F,MILTON KEYNES,MILTON KEYNES,MILTON KEYNES,2024,7,12.27839796
475000,05/07/2024,HP13 7EA,S,N,F,HIGH WYCOMBE,BUCKINGHAMSHIRE,BUCKINGHAMSHIRE,2024,7,13.07107219
285000,02/04/2024,HP13 6AH,S,N,F,HIGH WYCOMBE,BUCKINGHAMSHIRE,BUCKINGHAMSHIRE,2024,4,12.56024797
372500,16/08/2024,HP11 1TS,S,N,F,HIGH WYCOMBE,BUCKINGHAMSHIRE,BUCKINGHAMSHIRE,2024,8,12.827995
687000,02/08/2024,HP14 4AP,D,N,F,HIGH WYCOMBE,BUCKINGHAMSHIRE,BUCKINGHAMSHIRE,2024,8,13.44009103
335000,26/07/2024,HP13 6AF,T,N,F,HIGH WYCOMBE,BUCKINGHAMSHIRE,BUCKINGHAMSHIRE,2024,7,12.7218888
625000,31/07/2024,SL8 5QJ,D,N,F,BOURNE END,BUCKINGHAMSHIRE,BUCKINGHAMSHIRE,2024,7,13.34550853
875000,31/07/2024,HP5 1AY,S,N,F,CHESHAM,BUCKINGHAMSHIRE,BUCKINGHAMSHIRE,2024,7,13.68198031
463000,27/03/2024,MK14 5JG,S,N,F,MILTON KEYNES,MILTON KEYNES,MILTON KEYNES,2024,3,13.04548449
1040000,07/03/2024,HP9 1TF,D,N,F,BEACONSFIELD,BUCKINGHAMSHIRE,BUCKINGHAMSHIRE,2024,3,13.85473223
172500,28/03/2024,MK18 7RQ,T,N,L,BUCKINGHAM,BUCKINGHAMSHIRE,BUCKINGHAMSHIRE,2024,3,12.05815831
385000,27/03/2024,HP18 0YZ,S,N,F,AYLESBURY,BUCKINGHAMSHIRE,BUCKINGHAMSHIRE,2024,3,12.86100121
267000,02/08/2024,HP21 7RT,T,N,F,AYLESBURY,BUCKINGHAMSHIRE,BUCKINGHAMSHIRE,2024,8,12.49500768
880000,31/07/2024,HP6 6BY,S,N,F,AMERSHAM,BUCKINGHAMSHIRE,BUCKINGHAMSHIRE,2024,7,13.68767832
289000,05/04/2024,MK6 4BE,D,N,L,MILTON KEYNES,MILTON KEYNES,MILTON KEYNES,2024,4,12.57418543
337500,02/08/2024,HP18 0BN,T,N,F,AYLESBURY,BUCKINGHAMSHIRE,BUCKINGHAMSHIRE,2024,8,12.72932375
452500,11/07/2024,HP12 4NF,S,N,F,HIGH WYCOMBE,BUCKINGHAMSHIRE,BUCKINGHAMSHIRE,2024,7,13.02254525
465000,11/07/2024,MK16 9ND,D,N,F,NEWPORT PAGNELL,MILTON KEYNES,MILTON KEYNES,2024,7,13.04979484
260000,26/07/2024,MK10 7GL,D,N,F,MILTON KEYNES,MILTON KEYNES,MILTON KEYNES,2024,7,12.46844076
187500,08/03/2024,MK7 7FE,F,N,L,MILTON KEYNES,MILTON KEYNES,MILTON KEYNES,2024,3,12.14153946
205000,09/08/2024,MK3 5HB,F,N,L,MILTON KEYNES,MILTON KEYNES,MILTON KEYNES,2024,8,12.23077014
187500,18/07/2024,HP20 2LL,F,N,L,AYLESBURY,BUCKINGHAMSHIRE,BUCKINGHAMSHIRE,2024,7,12.14153946
144000,31/07/2024,MK11 4AD,S,N,L,MILTON KEYNES,MILTON KEYNES,MILTON KEYNES,2024,7,11.87757552
885000,15/07/2024,MK10 9TD,D,N,F,MILTON KEYNES,MILTON KEYNES,MILTON KEYNES,2024,7,13.69334405
600000,17/07/2024,MK10 9TX,T,N,F,MILTON KEYNES,MILTON KEYNES,MILTON KEYNES,2024,7,13.3046866
820000,23/07/2024,MK17 9AL,D,N,F,MILTON KEYNES,BUCKINGHAMSHIRE,BUCKINGHAMSHIRE,2024,7,13.61706084
777500,19/04/2024,SL9 7AB,D,N,F,GERRARDS CROSS,BUCKINGHAMSHIRE,BUCKINGHAMSHIRE,2024,4,13.56384021
515000,27/03/2024,HP18 0HN,D,N,F,AYLESBURY,BUCKINGHAMSHIRE,BUCKINGHAMSHIRE,2024,3,13.15192412
166000,21/06/2024,MK10 7GN,F,N,L,MILTON KEYNES,MILTON KEYNES,MILTON KEYNES,2024,6,12.01974909
357500,08/04/2024,MK46 4EP,S,N,F,OLNEY,MILTON KEYNES,MILTON KEYNES,2024,4,12.78689344
488000,24/07/2024,HP14 4TW,S,N,F,HIGH WYCOMBE,BUCKINGHAMSHIRE,BUCKINGHAMSHIRE,2024,7,13.09807273
291000,30/07/2024,MK3 7NT,T,N,F,MILTON KEYNES,MILTON KEYNES,MILTON KEYNES,2024,7,12.58108198
335000,19/07/2024,MK3 5PT,T,N,F,MILTON KEYNES,MILTON KEYNES,MILTON KEYNES,2024,7,12.7218888
685000,30/07/2024,MK16 8HT,D,N,F,NEWPORT PAGNELL,MILTON KEYNES,MILTON KEYNES,2024,7,13.43717558
610000,26/06/2024,SL9 0FE,F,N,L,GERRARDS CROSS,BUCKINGHAMSHIRE,BUCKINGHAMSHIRE,2024,6,13.32121588
920000,19/08/2024,HP18 9DF,D,N,F,AYLESBURY,BUCKINGHAMSHIRE,BUCKINGHAMSHIRE,2024,8,13.73213004
500000,19/07/2024,MK17 9FN,D,N,F,MILTON KEYNES,BUCKINGHAMSHIRE,BUCKINGHAMSHIRE,2024,7,13.12236538
381000,25/07/2024,MK10 9UA,D,N,F,MILTON KEYNES,MILTON KEYNES,MILTON KEYNES,2024,7,12.85055728
261000,05/07/2024,MK10 9UL,F,N,L,MILTON KEYNES,MILTON KEYNES,MILTON KEYNES,2024,7,12.47227952
340000,24/07/2024,MK3 7NU,S,N,F,MILTON KEYNES,MILTON KEYNES,MILTON KEYNES,2024,7,12.73670384
195500,31/07/2024,PE8 6EN,T,N,F,PETERBOROUGH,CITY OF PETERBOROUGH,CITY OF PETERBOROUGH,2024,7,12.18332077
300000,28/03/2024,PE15 0SU,D,N,F,MARCH,FENLAND,CAMBRIDGESHIRE,2024,3,12.61154109
710000,19/07/2024,CB23 4LY,D,N,F,CAMBRIDGE,SOUTH CAMBRIDGESHIRE,CAMBRIDGESHIRE,2024,7,13.47302166
230000,16/08/2024,PE15 9NB,D,N,F,MARCH,FENLAND,CAMBRIDGESHIRE,2024,8,12.34583894
435000,31/07/2024,CB22 4RR,S,N,F,CAMBRIDGE,SOUTH CAMBRIDGESHIRE,CAMBRIDGESHIRE,2024,7,12.98310361
390000,07/08/2024,PE28 4BG,D,N,F,HUNTINGDON,HUNTINGDONSHIRE,CAMBRIDGESHIRE,2024,8,12.87390458
450000,18/07/2024,PE7 3GE,D,N,F,PETERBOROUGH,HUNTINGDONSHIRE,CAMBRIDGESHIRE,2024,7,13.01700508
600000,13/08/2024,PE28 9JP,D,N,F,HUNTINGDON,HUNTINGDONSHIRE,CAMBRIDGESHIRE,2024,8,13.3046866
245000,19/08/2024,PE19 2EN,T,N,F,ST NEOTS,HUNTINGDONSHIRE,CAMBRIDGESHIRE,2024,8,12.40901757
175000,01/08/2024,PE13 3RL,T,N,F,WISBECH,FENLAND,CAMBRIDGESHIRE,2024,8,12.07254697
364000,14/08/2024,PE3 6JL,S,N,F,PETERBOROUGH,CITY OF PETERBOROUGH,CITY OF PETERBOROUGH,2024,8,12.80491189
430000,26/07/2024,CB7 4GF,T,N,F,ELY,EAST CAMBRIDGESHIRE,CAMBRIDGESHIRE,2024,7,12.97154281
287500,09/08/2024,PE26 2UH,D,N,F,HUNTINGDON,HUNTINGDONSHIRE,CAMBRIDGESHIRE,2024,8,12.56898162
340000,22/03/2024,PE2 8LP,D,N,F,PETERBOROUGH,CITY OF PETERBOROUGH,CITY OF PETERBOROUGH,2024,3,12.73670384
255000,03/05/2024,CB5 8TZ,F,N,L,CAMBRIDGE,CAMBRIDGE,CAMBRIDGESHIRE,2024,5,12.44902275
235000,31/07/2024,PE6 7TA,D,N,F,PETERBOROUGH,CITY OF PETERBOROUGH,CITY OF PETERBOROUGH,2024,7,12.36734505
375000,29/07/2024,PE28 2SP,D,N,F,HUNTINGDON,HUNTINGDONSHIRE,CAMBRIDGESHIRE,2024,7,12.83468397
293000,05/04/2024,PE7 1XR,S,N,F,PETERBOROUGH,FENLAND,CAMBRIDGESHIRE,2024,4,12.5879313
1120000,30/04/2024,CB3 0JZ,D,N,F,CAMBRIDGE,SOUTH CAMBRIDGESHIRE,CAMBRIDGESHIRE,2024,4,13.92884014
400000,05/08/2024,CB7 5SS,D,N,F,ELY,EAST CAMBRIDGESHIRE,CAMBRIDGESHIRE,2024,8,12.89922233
335000,22/07/2024,PE19 2HA,T,N,F,ST NEOTS,HUNTINGDONSHIRE,CAMBRIDGESHIRE,2024,7,12.7218888
710000,29/07/2024,SG8 0LB,D,N,F,ROYSTON,SOUTH CAMBRIDGESHIRE,CAMBRIDGESHIRE,2024,7,13.47302166
230000,05/07/2024,PE15 8YD,D,N,F,MARCH,FENLAND,CAMBRIDGESHIRE,2024,7,12.34583894
257500,09/08/2024,CB23 5DJ,D,N,F,CAMBRIDGE,SOUTH CAMBRIDGESHIRE,CAMBRIDGESHIRE,2024,8,12.45877888
563000,28/03/2024,PE19 1LJ,D,N,F,ST NEOTS,HUNTINGDONSHIRE,CAMBRIDGESHIRE,2024,3,13.24103668
300000,26/07/2024,PE1 2NP,D,N,F,PETERBOROUGH,CITY OF PETERBOROUGH,CITY OF PETERBOROUGH,2024,7,12.61154109
340000,10/04/2024,CB2 9JE,F,N,L,CAMBRIDGE,CAMBRIDGE,CAMBRIDGESHIRE,2024,4,12.73670384
100000,29/07/2024,PE7 3QJ,F,N,L,PETERBOROUGH,HUNTINGDONSHIRE,CAMBRIDGESHIRE,2024,7,11.51293546
680000,02/07/2024,PE8 6JR,D,N,F,PETERBOROUGH,CITY OF PETERBOROUGH,CITY OF PETERBOROUGH,2024,7,13.42984955
230000,29/07/2024,CB23 8SJ,T,N,F,CAMBRIDGE,SOUTH CAMBRIDGESHIRE,CAMBRIDGESHIRE,2024,7,12.34583894
260000,10/07/2024,PE28 5QA,D,N,F,HUNTINGDON,HUNTINGDONSHIRE,CAMBRIDGESHIRE,2024,7,12.46844076
575000,12/07/2024,CB23 5DJ,D,N,F,CAMBRIDGE,SOUTH CAMBRIDGESHIRE,CAMBRIDGESHIRE,2024,7,13.26212706
475000,08/04/2024,PE2 6YZ,D,N,F,PETERBOROUGH,CITY OF PETERBOROUGH,CITY OF PETERBOROUGH,2024,4,13.07107219
225000,19/07/2024,PE28 2TS,T,N,F,HUNTINGDON,HUNTINGDONSHIRE,CAMBRIDGESHIRE,2024,7,12.32386013
172000,26/07/2024,PE16 6TW,T,N,F,CHATTERIS,FENLAND,CAMBRIDGESHIRE,2024,7,12.05525557
245000,15/07/2024,PE19 6NL,T,N,F,ST NEOTS,HUNTINGDONSHIRE,CAMBRIDGESHIRE,2024,7,12.40901757
265000,26/04/2024,PE28 3QZ,S,N,F,HUNTINGDON,HUNTINGDONSHIRE,CAMBRIDGESHIRE,2024,4,12.48748888
237000,10/04/2024,PE4 7NE,D,N,F,PETERBOROUGH,CITY OF PETERBOROUGH,CITY OF PETERBOROUGH,2024,4,12.37581964
322500,12/04/2024,CB4 2EH,S,N,F,CAMBRIDGE,CAMBRIDGE,CAMBRIDGESHIRE,2024,4,12.68386152
876500,16/07/2024,CB1 7UR,T,N,F,CAMBRIDGE,CAMBRIDGE,CAMBRIDGESHIRE,2024,7,13.68369312
270000,19/04/2024,PE1 4EX,S,N,F,PETERBOROUGH,CITY OF PETERBOROUGH,CITY OF PETERBOROUGH,2024,4,12.50618094
205000,09/07/2024,PE2 5XX,S,N,F,PETERBOROUGH,CITY OF PETERBOROUGH,CITY OF PETERBOROUGH,2024,7,12.23077014
200000,09/08/2024,CB23 8TN,T,N,F,CAMBRIDGE,SOUTH CAMBRIDGESHIRE,CAMBRIDGESHIRE,2024,8,12.20607765
245000,26/04/2024,PE1 5NJ,D,N,F,PETERBOROUGH,CITY OF PETERBOROUGH,CITY OF PETERBOROUGH,2024,4,12.40901757
245000,25/07/2024,PE1 5NJ,D,N,F,PETERBOROUGH,CITY OF PETERBOROUGH,CITY OF PETERBOROUGH,2024,7,12.40901757
360000,01/08/2024,PE29 6US,D,N,F,HUNTINGDON,HUNTINGDONSHIRE,CAMBRIDGESHIRE,2024,8,12.79386209
315000,19/07/2024,SG19 3EG,D,N,F,SANDY,SOUTH CAMBRIDGESHIRE,CAMBRIDGESHIRE,2024,7,12.66033109
310000,24/04/2024,PE19 8PD,S,N,F,ST NEOTS,HUNTINGDONSHIRE,CAMBRIDGESHIRE,2024,4,12.6443308
342500,02/08/2024,PE29 6UJ,D,N,F,HUNTINGDON,HUNTINGDONSHIRE,CAMBRIDGESHIRE,2024,8,12.74402986
465000,21/08/2024,PE27 3DP,D,N,F,ST IVES,HUNTINGDONSHIRE,CAMBRIDGESHIRE,2024,8,13.04979484
177000,20/06/2024,PE3 7AH,T,N,F,PETERBOROUGH,CITY OF PETERBOROUGH,CITY OF PETERBOROUGH,2024,6,12.08391066
134000,14/08/2024,PE19 1DJ,F,N,L,ST NEOTS,HUNTINGDONSHIRE,CAMBRIDGESHIRE,2024,8,11.80560254
198000,12/02/2024,TS15 9UY,D,N,F,YARM,STOCKTON-ON-TEES,STOCKTON-ON-TEES,2024,2,12.19602736
105000,05/04/2024,TS8 0RE,T,N,F,MIDDLESBROUGH,MIDDLESBROUGH,MIDDLESBROUGH,2024,4,11.56172515
264000,09/08/2024,TS25 1DH,D,N,F,HARTLEPOOL,HARTLEPOOL,HARTLEPOOL,2024,8,12.48370817
140000,23/07/2024,TS11 7HH,S,N,F,REDCAR,REDCAR AND CLEVELAND,REDCAR AND CLEVELAND,2024,7,11.84940484
28500,22/04/2024,TS6 6JU,T,N,F,MIDDLESBROUGH,REDCAR AND CLEVELAND,REDCAR AND CLEVELAND,2024,4,10.25769445
230000,12/08/2024,TS8 9AB,D,N,F,MIDDLESBROUGH,MIDDLESBROUGH,MIDDLESBROUGH,2024,8,12.34583894
104000,29/07/2024,TS15 9QH,F,N,L,YARM,STOCKTON-ON-TEES,STOCKTON-ON-TEES,2024,7,11.55215579
165000,15/08/2024,TS8 0TY,T,N,F,MIDDLESBROUGH,MIDDLESBROUGH,MIDDLESBROUGH,2024,8,12.01370681
120000,02/08/2024,TS23 3PY,S,N,F,BILLINGHAM,STOCKTON-ON-TEES,STOCKTON-ON-TEES,2024,8,11.69525536
220000,11/03/2024,TS25 2NN,D,N,F,HARTLEPOOL,HARTLEPOOL,HARTLEPOOL,2024,3,12.30138737
160000,09/08/2024,TS12 3ED,T,N,F,SALTBURN-BY-THE-SEA,REDCAR AND CLEVELAND,REDCAR AND CLEVELAND,2024,8,11.98293534
60000,27/06/2024,TS6 7HF,S,N,F,MIDDLESBROUGH,REDCAR AND CLEVELAND,REDCAR AND CLEVELAND,2024,6,11.00211651
400000,26/07/2024,SK11 7XR,D,N,L,MACCLESFIELD,CHESHIRE EAST,CHESHIRE EAST,2024,7,12.89922233
492500,30/07/2024,SK9 5JN,S,N,F,WILMSLOW,CHESHIRE EAST,CHESHIRE EAST,2024,7,13.10725177
119000,18/07/2024,CH65 2EF,T,N,F,ELLESMERE PORT,CHESHIRE WEST AND CHESTER,CHESHIRE WEST AND CHESTER,2024,7,11.68688718
233000,25/07/2024,SK10 2BY,T,N,F,MACCLESFIELD,CHESHIRE EAST,CHESHIRE EAST,2024,7,12.35879802
450000,19/04/2024,SK12 1HU,D,N,F,STOCKPORT,CHESHIRE EAST,CHESHIRE EAST,2024,4,13.01700508
510000,16/08/2024,SK10 2PL,D,N,F,MACCLESFIELD,CHESHIRE EAST,CHESHIRE EAST,2024,8,13.14216797
195000,16/08/2024,L24 4AP,T,N,L,LIVERPOOL,HALTON,HALTON,2024,8,12.18075997
138000,07/03/2024,CW8 1EQ,T,N,F,NORTHWICH,CHESHIRE WEST AND CHESTER,CHESHIRE WEST AND CHESTER,2024,3,11.83501621
268000,26/07/2024,SK5 6SL,S,N,F,STOCKPORT,STOCKPORT,GREATER MANCHESTER,2024,7,12.49874599
200000,23/08/2024,WA6 9NL,S,N,F,FRODSHAM,CHESHIRE WEST AND CHESTER,CHESHIRE WEST AND CHESTER,2024,8,12.20607765
82500,28/06/2024,WA7 4PH,T,N,L,RUNCORN,HALTON,HALTON,2024,6,11.32056569
400000,17/07/2024,ST7 2US,D,N,F,STOKE-ON-TRENT,CHESHIRE EAST,CHESHIRE EAST,2024,7,12.89922233
1000000,26/03/2024,CH64 6RZ,D,N,F,NESTON,CHESHIRE WEST AND CHESTER,CHESHIRE WEST AND CHESTER,2024,3,13.81551156
185000,12/07/2024,CW9 7AR,S,N,F,NORTHWICH,CHESHIRE WEST AND CHESTER,CHESHIRE WEST AND CHESTER,2024,7,12.12811651
208800,16/04/2024,CH1 4BB,S,N,F,CHESTER,CHESHIRE WEST AND CHESTER,CHESHIRE WEST AND CHESTER,2024,4,12.24913692
525000,13/08/2024,SK9 7HX,S,N,F,ALDERLEY EDGE,CHESHIRE EAST,CHESHIRE EAST,2024,8,13.17115545
143500,09/08/2024,SK10 2QX,T,N,F,MACCLESFIELD,CHESHIRE EAST,CHESHIRE EAST,2024,8,11.87409728
685000,15/03/2024,CH4 7EH,D,N,F,CHESTER,CHESHIRE WEST AND CHESTER,CHESHIRE WEST AND CHESTER,2024,3,13.43717558
293000,25/07/2024,SK10 5NE,T,N,F,MACCLESFIELD,CHESHIRE EAST,CHESHIRE EAST,2024,7,12.5879313
305000,29/07/2024,CH64 6SF,S,N,F,NESTON,CHESHIRE WEST AND CHESTER,CHESHIRE WEST AND CHESTER,2024,7,12.62807033
300000,12/08/2024,SK2 5BZ,S,N,F,STOCKPORT,STOCKPORT,GREATER MANCHESTER,2024,8,12.61154109
116000,16/08/2024,CH65 4AN,T,N,F,ELLESMERE PORT,CHESHIRE WEST AND CHESTER,CHESHIRE WEST AND CHESTER,2024,8,11.66135409
162500,16/07/2024,WA5 1TS,S,N,L,WARRINGTON,WARRINGTON,WARRINGTON,2024,7,11.99843943
538500,16/08/2024,SK9 7EU,T,N,F,ALDERLEY EDGE,CHESHIRE EAST,CHESHIRE EAST,2024,8,13.19654463
270000,28/03/2024,SK10 5EX,S,N,F,MACCLESFIELD,CHESHIRE EAST,CHESHIRE EAST,2024,3,12.50618094
610000,12/07/2024,CW5 7HD,S,N,F,NANTWICH,CHESHIRE EAST,CHESHIRE EAST,2024,7,13.32121588
125000,24/07/2024,CH65 8BE,T,N,F,ELLESMERE PORT,CHESHIRE WEST AND CHESTER,CHESHIRE WEST AND CHESTER,2024,7,11.73607702
208000,22/07/2024,CW1 5PS,S,N,F,CREWE,CHESHIRE EAST,CHESHIRE EAST,2024,7,12.24529817
520000,26/07/2024,SK9 5LA,D,N,L,WILMSLOW,CHESHIRE EAST,CHESHIRE EAST,2024,7,13.16158601
165500,26/07/2024,CH64 4DF,T,N,F,NESTON,CHESHIRE WEST AND CHESTER,CHESHIRE WEST AND CHESTER,2024,7,12.01673252
120000,08/04/2024,CW10 0EF,T,N,F,MIDDLEWICH,CHESHIRE EAST,CHESHIRE EAST,2024,4,11.69525536
170000,27/06/2024,CW5 5RX,T,N,F,NANTWICH,CHESHIRE EAST,CHESHIRE EAST,2024,6,12.0435596
140000,19/03/2024,S12 2LE,S,N,L,SHEFFIELD,SHEFFIELD,SOUTH YORKSHIRE,2024,3,11.84940484
94000,02/04/2024,S3 8JA,F,N,L,SHEFFIELD,SHEFFIELD,SOUTH YORKSHIRE,2024,4,11.4510607
120000,04/07/2024,S20 1AY,O,N,F,SHEFFIELD,SHEFFIELD,SOUTH YORKSHIRE,2024,7,11.69525536
300000,21/06/2024,DN4 5JT,O,N,L,DONCASTER,DONCASTER,SOUTH YORKSHIRE,2024,6,12.61154109
70000,01/03/2024,DN4 0LZ,O,N,F,DONCASTER,DONCASTER,SOUTH YORKSHIRE,2024,3,11.15626481
80000,27/06/2024,S74 8DG,T,N,L,BARNSLEY,BARNSLEY,SOUTH YORKSHIRE,2024,6,11.28979441
198750,29/02/2024,S8 0ZY,T,N,L,SHEFFIELD,SHEFFIELD,SOUTH YORKSHIRE,2024,2,12.19980806
140000,26/01/2024,DN8 4SZ,O,N,F,DONCASTER,DONCASTER,SOUTH YORKSHIRE,2024,1,11.84940484
235000,28/06/2024,S36 6FE,S,N,F,SHEFFIELD,BARNSLEY,SOUTH YORKSHIRE,2024,6,12.36734505
220000,22/03/2024,S36 6FE,S,N,F,SHEFFIELD,BARNSLEY,SOUTH YORKSHIRE,2024,3,12.30138737
42000,12/04/2024,DN4 0AT,T,N,F,DONCASTER,DONCASTER,SOUTH YORKSHIRE,2024,4,10.64544871
135000,28/06/2024,S73 0LF,S,N,F,BARNSLEY,BARNSLEY,SOUTH YORKSHIRE,2024,6,11.81303746
170000,26/06/2024,S66 9FD,S,N,F,ROTHERHAM,ROTHERHAM,SOUTH YORKSHIRE,2024,6,12.0435596
280000,28/06/2024,S36 6FH,D,N,F,SHEFFIELD,BARNSLEY,SOUTH YORKSHIRE,2024,6,12.54254845
135000,31/05/2024,S64 9PQ,T,N,F,MEXBOROUGH,DONCASTER,SOUTH YORKSHIRE,2024,5,11.81303746
90000,10/05/2024,S70 6DU,T,N,F,BARNSLEY,BARNSLEY,SOUTH YORKSHIRE,2024,5,11.40757606
1620000,11/06/2024,S35 9ZX,O,N,F,SHEFFIELD,SHEFFIELD,SOUTH YORKSHIRE,2024,6,14.29793732
197000,28/06/2024,DN2 4LE,D,N,F,DONCASTER,DONCASTER,SOUTH YORKSHIRE,2024,6,12.19096408
127500,21/06/2024,DN11 0HU,S,N,F,DONCASTER,DONCASTER,SOUTH YORKSHIRE,2024,6,11.75587949
88470,10/06/2024,S1 4AL,F,N,L,SHEFFIELD,SHEFFIELD,SOUTH YORKSHIRE,2024,6,11.39043009
260000,27/06/2024,S60 8BE,S,N,F,ROTHERHAM,ROTHERHAM,SOUTH YORKSHIRE,2024,6,12.46844076
90000,19/02/2024,S1 4AP,F,N,L,SHEFFIELD,SHEFFIELD,SOUTH YORKSHIRE,2024,2,11.40757606
131000,01/07/2024,S3 9GW,T,N,F,SHEFFIELD,SHEFFIELD,SOUTH YORKSHIRE,2024,7,11.78296024
255000,09/07/2024,DN11 0JE,T,N,F,DONCASTER,DONCASTER,SOUTH YORKSHIRE,2024,7,12.44902275
315000,12/06/2024,DN5 7UY,O,N,F,DONCASTER,DONCASTER,SOUTH YORKSHIRE,2024,6,12.66033109
75000,28/06/2024,DN8 4ES,T,N,F,DONCASTER,DONCASTER,SOUTH YORKSHIRE,2024,6,11.22525673
209095,24/06/2024,S63 7AP,O,N,F,ROTHERHAM,ROTHERHAM,SOUTH YORKSHIRE,2024,6,12.25054876
950000,08/02/2024,S63 5AB,O,N,F,ROTHERHAM,ROTHERHAM,SOUTH YORKSHIRE,2024,2,13.76421832
1250000,11/03/2024,S36 9NU,O,N,F,SHEFFIELD,BARNSLEY,SOUTH YORKSHIRE,2024,3,14.03865491
110000,31/05/2024,S75 6DA,T,N,F,BARNSLEY,BARNSLEY,SOUTH YORKSHIRE,2024,5,11.60824474
166500,19/07/2024,DN12 1JH,S,N,F,DONCASTER,DONCASTER,SOUTH YORKSHIRE,2024,7,12.02275659
12000,16/05/2024,SR2 7AQ,O,N,L,SUNDERLAND,SUNDERLAND,TYNE AND WEAR,2024,5,9.392745259
60000,08/03/2024,NE32 5JS,F,N,L,JARROW,SOUTH TYNESIDE,TYNE AND WEAR,2024,3,11.00211651
60000,28/02/2024,NE33 3LB,F,N,L,SOUTH SHIELDS,SOUTH TYNESIDE,TYNE AND WEAR,2024,2,11.00211651
145000,26/06/2024,DH3 1GL,S,N,F,CHESTER LE STREET,GATESHEAD,TYNE AND WEAR,2024,6,11.88449592
290000,12/07/2024,NE28 9FF,D,N,F,WALLSEND,NORTH TYNESIDE,TYNE AND WEAR,2024,7,12.57763965
65000,01/05/2024,DH3 1EX,T,N,F,CHESTER LE STREET,GATESHEAD,TYNE AND WEAR,2024,5,11.08215793
26500,03/06/2024,SR1 1AG,O,N,L,SUNDERLAND,SUNDERLAND,TYNE AND WEAR,2024,6,10.18493775
48000,10/05/2024,NE37 2HH,S,N,F,WASHINGTON,SUNDERLAND,TYNE AND WEAR,2024,5,10.77897712
150000,15/07/2024,NE15 6BT,S,N,L,NEWCASTLE UPON TYNE,NEWCASTLE UPON TYNE,TYNE AND WEAR,2024,7,11.91839724
145000,28/06/2024,DH5 0GB,T,N,F,HOUGHTON LE SPRING,SUNDERLAND,TYNE AND WEAR,2024,6,11.88449592
130000,15/03/2024,NE8 3HX,F,N,L,GATESHEAD,GATESHEAD,TYNE AND WEAR,2024,3,11.77529742
45000,29/07/2024,NE33 2TB,F,N,L,SOUTH SHIELDS,SOUTH TYNESIDE,TYNE AND WEAR,2024,7,10.71443999
465000,05/03/2024,NE4 5BU,F,N,L,NEWCASTLE UPON TYNE,NEWCASTLE UPON TYNE,TYNE AND WEAR,2024,3,13.04979484
165000,15/07/2024,DH5 9FY,D,N,F,HOUGHTON LE SPRING,SUNDERLAND,TYNE AND WEAR,2024,7,12.01370681
222000,09/07/2024,DH4 6GT,T,N,F,HOUGHTON LE SPRING,SUNDERLAND,TYNE AND WEAR,2024,7,12.31043717
125000,28/06/2024,DH4 6FX,T,N,F,HOUGHTON LE SPRING,SUNDERLAND,TYNE AND WEAR,2024,6,11.73607702
93000,26/02/2024,NE29 7QW,O,N,F,NORTH SHIELDS,NORTH TYNESIDE,TYNE AND WEAR,2024,2,11.44036552
48000,27/03/2024,SR4 6AE,F,N,F,SUNDERLAND,SUNDERLAND,TYNE AND WEAR,2024,3,10.77897712
240000,31/05/2024,NE13 7FT,S,N,F,NEWCASTLE UPON TYNE,NEWCASTLE UPON TYNE,TYNE AND WEAR,2024,5,12.38839837
80000,18/03/2024,SR2 9RJ,S,N,F,SUNDERLAND,SUNDERLAND,TYNE AND WEAR,2024,3,11.28979441
71000,24/05/2024,NE8 4JU,F,N,L,GATESHEAD,GATESHEAD,TYNE AND WEAR,2024,5,11.17044924
238000,28/06/2024,NE17 7BN,D,N,F,NEWCASTLE UPON TYNE,GATESHEAD,TYNE AND WEAR,2024,6,12.38003015
55000,20/03/2024,NE3 2QX,F,N,L,NEWCASTLE UPON TYNE,NEWCASTLE UPON TYNE,TYNE AND WEAR,2024,3,10.91510665
114500,09/02/2024,NE29 0DJ,T,N,F,NORTH SHIELDS,NORTH TYNESIDE,TYNE AND WEAR,2024,2,11.64833884
95000,20/06/2024,NE8 4AG,O,N,F,GATESHEAD,GATESHEAD,TYNE AND WEAR,2024,6,11.4616427
35000,26/03/2024,NE21 6BB,F,N,L,BLAYDON-ON-TYNE,GATESHEAD,TYNE AND WEAR,2024,3,10.46313191
50000,19/06/2024,SR1 2AQ,O,N,F,SUNDERLAND,SUNDERLAND,TYNE AND WEAR,2024,6,10.81979828
132500,26/01/2024,NE27 0TW,S,N,F,NEWCASTLE UPON TYNE,NORTH TYNESIDE,TYNE AND WEAR,2024,1,11.79434547
172500,13/02/2024,NE39 1QU,S,N,L,ROWLANDS GILL,GATESHEAD,TYNE AND WEAR,2024,2,12.05815831
172500,28/03/2024,NE2 2DX,F,N,L,NEWCASTLE UPON TYNE,NEWCASTLE UPON TYNE,TYNE AND WEAR,2024,3,12.05815831
37500,19/04/2024,SR5 2EJ,T,N,F,SUNDERLAND,SUNDERLAND,TYNE AND WEAR,2024,4,10.53212288
228000,29/02/2024,DH4 6RF,D,Y,F,HOUGHTON LE SPRING,SUNDERLAND,TYNE AND WEAR,2024,2,12.33710529
75000,15/05/2024,SR4 6AU,T,N,F,SUNDERLAND,SUNDERLAND,TYNE AND WEAR,2024,5,11.22525673
163500,19/06/2024,DY1 2LP,S,N,F,DUDLEY,DUDLEY,WEST MIDLANDS,2024,6,12.00457439
185000,05/07/2024,CV1 2BQ,T,N,F,COVENTRY,COVENTRY,WEST MIDLANDS,2024,7,12.12811651
250000,30/05/2024,B26 3SE,T,N,F,BIRMINGHAM,BIRMINGHAM,WEST MIDLANDS,2024,5,12.4292202
62500,08/03/2024,DY6 8PF,O,N,F,KINGSWINFORD,DUDLEY,WEST MIDLANDS,2024,3,11.04293784
1450000,20/05/2024,CV8 1PT,O,N,F,KENILWORTH,SOLIHULL,WEST MIDLANDS,2024,5,14.1870748
138000,13/06/2024,WV2 2BD,S,N,F,WOLVERHAMPTON,WOLVERHAMPTON,WEST MIDLANDS,2024,6,11.83501621
177500,26/04/2024,B32 3SG,T,N,F,BIRMINGHAM,BIRMINGHAM,WEST MIDLANDS,2024,4,12.08673152
147500,10/05/2024,B11 2HT,O,N,F,BIRMINGHAM,BIRMINGHAM,WEST MIDLANDS,2024,5,11.90159023
140000,28/03/2024,CV2 4LZ,T,N,F,COVENTRY,COVENTRY,WEST MIDLANDS,2024,3,11.84940484
160000,20/06/2024,WS9 9JN,T,N,F,WALSALL,WALSALL,WEST MIDLANDS,2024,6,11.98293534
220000,10/05/2024,,O,N,F,BIRMINGHAM,BIRMINGHAM,WEST MIDLANDS,2024,5,12.30138737
145000,29/02/2024,B31 3RJ,T,N,F,BIRMINGHAM,BIRMINGHAM,WEST MIDLANDS,2024,2,11.88449592
130000,28/02/2024,B62 8HH,T,N,F,HALESOWEN,DUDLEY,WEST MIDLANDS,2024,2,11.77529742
125000,26/06/2024,B69 4DY,O,N,F,OLDBURY,SANDWELL,WEST MIDLANDS,2024,6,11.73607702
190000,11/03/2024,CV2 2HZ,T,N,F,COVENTRY,COVENTRY,WEST MIDLANDS,2024,3,12.15478461
302450,16/02/2024,B12 8TT,O,N,F,BIRMINGHAM,BIRMINGHAM,WEST MIDLANDS,2024,2,12.61967456
340000,07/03/2024,DY5 2RG,O,N,F,BRIERLEY HILL,DUDLEY,WEST MIDLANDS,2024,3,12.73670384
115000,22/05/2024,B63 4PH,T,N,F,HALESOWEN,DUDLEY,WEST MIDLANDS,2024,5,11.6526961
340000,08/03/2024,B21 0EG,T,N,F,BIRMINGHAM,BIRMINGHAM,WEST MIDLANDS,2024,3,12.73670384
350000,21/02/2024,B21 8BG,T,N,F,BIRMINGHAM,BIRMINGHAM,WEST MIDLANDS,2024,2,12.76569129
136000,12/04/2024,B16 8DJ,T,N,F,BIRMINGHAM,BIRMINGHAM,WEST MIDLANDS,2024,4,11.82041752
362000,25/07/2024,B90 2HW,S,N,F,SOLIHULL,SOLIHULL,WEST MIDLANDS,2024,7,12.79940225
400000,17/05/2024,B90 4UJ,D,N,F,SOLIHULL,SOLIHULL,WEST MIDLANDS,2024,5,12.89922233
115000,28/06/2024,B67 5AD,T,N,F,SMETHWICK,SANDWELL,WEST MIDLANDS,2024,6,11.6526961
130000,16/07/2024,B23 7RA,T,N,F,BIRMINGHAM,BIRMINGHAM,WEST MIDLANDS,2024,7,11.77529742
131000,07/03/2024,WV1 2PR,S,N,F,WOLVERHAMPTON,WOLVERHAMPTON,WEST MIDLANDS,2024,3,11.78296024
183000,01/03/2024,B16 0AH,T,N,F,BIRMINGHAM,BIRMINGHAM,WEST MIDLANDS,2024,3,12.1172469
102000,14/06/2024,WS3 1DL,T,N,F,WALSALL,WALSALL,WEST MIDLANDS,2024,6,11.5327379
190000,25/06/2024,B37 6LS,D,N,F,BIRMINGHAM,SOLIHULL,WEST MIDLANDS,2024,6,12.15478461
111150,16/02/2024,B12 8LH,O,N,F,BIRMINGHAM,BIRMINGHAM,WEST MIDLANDS,2024,2,11.61864492
196000,24/06/2024,B27 7DF,T,N,F,BIRMINGHAM,BIRMINGHAM,WEST MIDLANDS,2024,6,12.18587504
590000,05/07/2024,B13 9RU,S,N,F,BIRMINGHAM,BIRMINGHAM,WEST MIDLANDS,2024,7,13.28787951
330000,19/06/2024,B31 2HY,S,N,F,BIRMINGHAM,BIRMINGHAM,WEST MIDLANDS,2024,6,12.70685096
70000,14/06/2024,B7 4ER,F,N,L,BIRMINGHAM,BIRMINGHAM,WEST MIDLANDS,2024,6,11.15626481
350000,12/07/2024,BD18 4RS,O,N,F,SHIPLEY,BRADFORD,WEST YORKSHIRE,2024,7,12.76569129
220000,29/02/2024,WF4 6BE,O,N,F,WAKEFIELD,WAKEFIELD,WEST YORKSHIRE,2024,2,12.30138737
285000,27/06/2024,BD16 1TB,S,N,F,BINGLEY,BRADFORD,WEST YORKSHIRE,2024,6,12.56024797
163000,01/03/2024,LS26 8QR,S,N,F,LEEDS,LEEDS,WEST YORKSHIRE,2024,3,12.00151161
445000,12/07/2024,HD8 8TL,D,N,F,HUDDERSFIELD,KIRKLEES,WEST YORKSHIRE,2024,7,13.00583181
70000,23/02/2024,WF9 2QE,T,N,F,PONTEFRACT,WAKEFIELD,WEST YORKSHIRE,2024,2,11.15626481
230000,29/02/2024,LS19 7NP,T,N,F,LEEDS,LEEDS,WEST YORKSHIRE,2024,2,12.34583894
237500,28/06/2024,WF12 7HX,S,N,L,DEWSBURY,KIRKLEES,WEST YORKSHIRE,2024,6,12.37792711
91000,15/07/2024,LS8 5BP,T,N,F,LEEDS,LEEDS,WEST YORKSHIRE,2024,7,11.41862577
230000,28/06/2024,LS13 4BU,T,N,F,LEEDS,LEEDS,WEST YORKSHIRE,2024,6,12.34583894
165000,23/02/2024,WF12 8HP,O,N,F,DEWSBURY,KIRKLEES,WEST YORKSHIRE,2024,2,12.01370681
775000,28/02/2024,LS17 8NE,O,N,F,LEEDS,LEEDS,WEST YORKSHIRE,2024,2,13.5606196
225000,01/03/2024,LS6 1JJ,T,N,F,LEEDS,LEEDS,WEST YORKSHIRE,2024,3,12.32386013
98000,14/06/2024,WF10 5AT,T,N,F,CASTLEFORD,WAKEFIELD,WEST YORKSHIRE,2024,6,11.49273296
103000,19/06/2024,LS11 6LF,T,N,F,LEEDS,LEEDS,WEST YORKSHIRE,2024,6,11.54249398
210000,28/06/2024,BD22 7JU,S,N,F,KEIGHLEY,BRADFORD,WEST YORKSHIRE,2024,6,12.25486757
80500,01/07/2024,WF7 7PW,T,N,F,PONTEFRACT,WAKEFIELD,WEST YORKSHIRE,2024,7,11.29602489
78000,06/03/2024,LS11 0DE,T,N,F,LEEDS,LEEDS,WEST YORKSHIRE,2024,3,11.26447693
70000,24/06/2024,WF9 2AP,T,N,F,PONTEFRACT,WAKEFIELD,WEST YORKSHIRE,2024,6,11.15626481
75000,08/03/2024,WF9 1HU,S,N,F,PONTEFRACT,WAKEFIELD,WEST YORKSHIRE,2024,3,11.22525673
98000,24/05/2024,HD6 2BD,T,N,F,BRIGHOUSE,CALDERDALE,WEST YORKSHIRE,2024,5,11.49273296
120000,09/07/2024,WF7 6DJ,O,N,F,PONTEFRACT,WAKEFIELD,WEST YORKSHIRE,2024,7,11.69525536
112000,18/03/2024,WF4 1JA,T,N,F,WAKEFIELD,WAKEFIELD,WEST YORKSHIRE,2024,3,11.62626308
74500,28/06/2024,LS11 5EP,T,N,F,LEEDS,LEEDS,WEST YORKSHIRE,2024,6,11.21856783
218000,23/02/2024,LS4 2NF,F,N,F,LEEDS,LEEDS,WEST YORKSHIRE,2024,2,12.29225493
150000,28/02/2024,HD4 5XD,T,N,F,HUDDERSFIELD,KIRKLEES,WEST YORKSHIRE,2024,2,11.91839724
79000,22/03/2024,LS12 3JW,T,N,F,LEEDS,LEEDS,WEST YORKSHIRE,2024,3,11.27721579
285000,17/04/2024,WF17 8DY,D,N,F,BATLEY,KIRKLEES,WEST YORKSHIRE,2024,4,12.56024797
250000,03/04/2024,HX4 9BX,O,N,F,HALIFAX,CALDERDALE,WEST YORKSHIRE,2024,4,12.4292202
1050000,03/04/2024,LS11 9NP,O,N,F,LEEDS,LEEDS,WEST YORKSHIRE,2024,4,13.86430167
126000,24/06/2024,HX4 8AP,T,N,F,HALIFAX,CALDERDALE,WEST YORKSHIRE,2024,6,11.74404512
405000,20/09/2024,WS13 6US,S,N,F,LICHFIELD,LICHFIELD,STAFFORDSHIRE,2024,9,12.91164482
295000,14/06/2024,B79 0EE,S,N,F,TAMWORTH,TAMWORTH,STAFFORDSHIRE,2024,6,12.59473403
219950,04/10/2024,ST2 7AP,S,N,F,STOKE-ON-TRENT,STOKE-ON-TRENT,STOKE-ON-TRENT,2024,10,12.30116007
205000,18/06/2024,DE13 9GD,S,N,F,BURTON-ON-TRENT,EAST STAFFORDSHIRE,STAFFORDSHIRE,2024,6,12.23077014
222500,09/10/2024,ST17 4PN,D,N,F,STAFFORD,STAFFORD,STAFFORDSHIRE,2024,10,12.31268687
120000,26/09/2024,ST2 7JX,T,N,F,STOKE-ON-TRENT,STOKE-ON-TRENT,STOKE-ON-TRENT,2024,9,11.69525536
530000,15/03/2024,WS13 6UG,D,N,F,LICHFIELD,LICHFIELD,STAFFORDSHIRE,2024,3,13.18063417
367500,19/09/2024,DE13 9FD,D,N,F,BURTON-ON-TRENT,EAST STAFFORDSHIRE,STAFFORDSHIRE,2024,9,12.81448132
262500,10/09/2024,B78 3ES,S,N,F,TAMWORTH,TAMWORTH,STAFFORDSHIRE,2024,9,12.47801017
90000,08/07/2024,WS12 4WL,T,N,L,CANNOCK,CANNOCK CHASE,STAFFORDSHIRE,2024,7,11.40757606
180000,28/06/2024,ST3 5JF,S,N,F,STOKE-ON-TRENT,STOKE-ON-TRENT,STOKE-ON-TRENT,2024,6,12.10071769
275000,20/08/2024,ST11 9FD,S,N,F,STOKE-ON-TRENT,STAFFORDSHIRE MOORLANDS,STAFFORDSHIRE,2024,8,12.52453001
105000,08/07/2024,ST13 5EH,T,N,F,LEEK,STAFFORDSHIRE MOORLANDS,STAFFORDSHIRE,2024,7,11.56172515
350000,12/07/2024,WV4 5LJ,F,N,L,WOLVERHAMPTON,SOUTH STAFFORDSHIRE,STAFFORDSHIRE,2024,7,12.76569129
255000,17/07/2024,DE14 3NU,S,N,F,BURTON-ON-TRENT,EAST STAFFORDSHIRE,STAFFORDSHIRE,2024,7,12.44902275
320000,23/10/2024,ST18 9SL,D,N,F,STAFFORD,STAFFORD,STAFFORDSHIRE,2024,10,12.6760794
342500,29/05/2024,ST14 8UP,S,N,F,UTTOXETER,EAST STAFFORDSHIRE,STAFFORDSHIRE,2024,5,12.74402986
290000,11/10/2024,ST11 9FJ,D,N,F,STOKE-ON-TRENT,STAFFORDSHIRE MOORLANDS,STAFFORDSHIRE,2024,10,12.57763965
230000,27/09/2024,WS7 1NQ,S,N,F,BURNTWOOD,LICHFIELD,STAFFORDSHIRE,2024,9,12.34583894
250000,18/10/2024,WS7 3AG,S,N,F,BURNTWOOD,LICHFIELD,STAFFORDSHIRE,2024,10,12.4292202
325000,27/09/2024,DE13 0AE,S,N,F,BURTON-ON-TRENT,EAST STAFFORDSHIRE,STAFFORDSHIRE,2024,9,12.69158354
173000,08/07/2024,ST3 3PU,S,N,F,STOKE-ON-TRENT,STOKE-ON-TRENT,STOKE-ON-TRENT,2024,7,12.06105265
230000,24/09/2024,ST15 8LW,S,N,F,STONE,STAFFORD,STAFFORDSHIRE,2024,9,12.34583894
360000,20/09/2024,WV11 2SN,D,N,F,WOLVERHAMPTON,SOUTH STAFFORDSHIRE,STAFFORDSHIRE,2024,9,12.79386209
116000,10/05/2024,ST5 2SX,T,N,F,NEWCASTLE,NEWCASTLE-UNDER-LYME,STAFFORDSHIRE,2024,5,11.66135409
65000,16/09/2024,ST5 1AS,F,N,L,NEWCASTLE,NEWCASTLE-UNDER-LYME,STAFFORDSHIRE,2024,9,11.08215793
295000,01/10/2024,WV8 2DS,S,N,F,WOLVERHAMPTON,SOUTH STAFFORDSHIRE,STAFFORDSHIRE,2024,10,12.59473403
219000,20/09/2024,ST5 2LG,S,N,F,NEWCASTLE,NEWCASTLE-UNDER-LYME,STAFFORDSHIRE,2024,9,12.29683157
400000,18/09/2024,B77 4GJ,D,N,F,TAMWORTH,TAMWORTH,STAFFORDSHIRE,2024,9,12.89922233
250000,18/09/2024,WS7 9AX,S,N,F,BURNTWOOD,LICHFIELD,STAFFORDSHIRE,2024,9,12.4292202
275000,20/09/2024,ST19 5FL,T,N,F,STAFFORD,SOUTH STAFFORDSHIRE,STAFFORDSHIRE,2024,9,12.52453001
425000,19/07/2024,ST5 5FE,D,N,F,NEWCASTLE,NEWCASTLE-UNDER-LYME,STAFFORDSHIRE,2024,7,12.9598468
740000,04/10/2024,BR2 8PN,S,N,F,BROMLEY,BROMLEY,GREATER LONDON,2024,10,13.51440682
476000,24/05/2024,BR6 7DU,S,N,F,ORPINGTON,BROMLEY,GREATER LONDON,2024,5,13.07317523
367500,17/05/2024,SE25 6QA,S,N,F,LONDON,CROYDON,GREATER LONDON,2024,5,12.81448132
262500,27/09/2024,BR2 0XZ,F,N,L,BROMLEY,BROMLEY,GREATER LONDON,2024,9,12.47801017
618000,03/05/2024,BR5 2AF,S,N,F,ORPINGTON,BROMLEY,GREATER LONDON,2024,5,13.33424535
487500,19/08/2024,KT9 2BN,T,N,F,CHESSINGTON,KINGSTON UPON THAMES,GREATER LONDON,2024,8,13.09704762
411000,19/07/2024,BR7 6LB,S,N,F,CHISLEHURST,BROMLEY,GREATER LONDON,2024,7,12.92635093
880000,21/06/2024,KT6 6BN,S,N,F,SURBITON,KINGSTON UPON THAMES,GREATER LONDON,2024,6,13.68767832
470000,04/10/2024,SM4 6NE,T,N,F,MORDEN,SUTTON,GREATER LONDON,2024,10,13.0604901
450000,14/05/2024,DA6 8PG,T,N,F,BEXLEYHEATH,BEXLEY,GREATER LONDON,2024,5,13.01700508
987000,26/09/2024,SW14 8DR,T,N,F,LONDON,RICHMOND UPON THAMES,GREATER LONDON,2024,9,13.80242633
1080600,13/09/2024,SE22 8QR,T,N,F,LONDON,SOUTHWARK,GREATER LONDON,2024,9,13.89302793
2098000,14/10/2024,SW15 1AE,S,N,F,LONDON,WANDSWORTH,GREATER LONDON,2024,10,14.55649554
1580000,03/09/2024,SW4 9JP,S,N,F,LONDON,LAMBETH,GREATER LONDON,2024,9,14.27293604
791000,11/10/2024,SW12 9PG,T,N,F,LONDON,WANDSWORTH,GREATER LONDON,2024,10,13.58105451
882500,28/05/2024,SE21 8JU,T,N,F,LONDON,LAMBETH,GREATER LONDON,2024,5,13.6905152
380000,27/09/2024,SE9 4LP,S,N,F,LONDON,BROMLEY,GREATER LONDON,2024,9,12.84792916
416000,12/07/2024,SM4 6QQ,T,N,F,MORDEN,MERTON,GREATER LONDON,2024,7,12.93844294
1450000,12/07/2024,SW11 6RR,T,N,F,LONDON,WANDSWORTH,GREATER LONDON,2024,7,14.1870748
1260000,01/07/2024,SE9 1JG,T,N,F,LONDON,GREENWICH,GREATER LONDON,2024,7,14.04662307
472500,04/10/2024,DA5 1ES,S,N,F,BEXLEY,BEXLEY,GREATER LONDON,2024,10,13.06579514
1262000,21/06/2024,SW18 4EZ,T,N,F,LONDON,WANDSWORTH,GREATER LONDON,2024,6,14.04820911
681000,12/07/2024,SE10 0JY,T,N,F,LONDON,GREENWICH,GREATER LONDON,2024,7,13.43131905
950000,23/05/2024,SW18 1AL,T,N,F,LONDON,WANDSWORTH,GREATER LONDON,2024,5,13.76421832
450000,25/09/2024,DA16 1EB,S,N,F,WELLING,BEXLEY,GREATER LONDON,2024,9,13.01700508
1499000,18/07/2024,SM1 2AP,S,N,F,SUTTON,SUTTON,GREATER LONDON,2024,7,14.22030944
377000,20/02/2024,CR0 9LX,T,N,F,CROYDON,CROYDON,GREATER LONDON,2024,2,12.84000312
350000,17/07/2024,CR2 8SH,T,N,F,SOUTH CROYDON,CROYDON,GREATER LONDON,2024,7,12.76569129
1250000,02/10/2024,SE6 1HN,S,N,F,LONDON,LEWISHAM,GREATER LONDON,2024,10,14.03865491
402000,09/07/2024,BR1 5NG,T,N,F,BROMLEY,LEWISHAM,GREATER LONDON,2024,7,12.90420986
821000,23/09/2024,SW14 8DR,T,N,F,LONDON,RICHMOND UPON THAMES,GREATER LONDON,2024,9,13.61827961
500000,25/09/2024,BR2 9QP,T,N,F,BROMLEY,BROMLEY,GREATER LONDON,2024,9,13.12236538
1000000,26/09/2024,BR6 7RP,D,N,F,ORPINGTON,BROMLEY,GREATER LONDON,2024,9,13.81551156
988750,07/10/2024,TW9 2ET,T,N,F,RICHMOND,RICHMOND UPON THAMES,GREATER LONDON,2024,10,13.80419781
560000,23/08/2024,DA7 5SL,S,N,F,BEXLEYHEATH,BEXLEY,GREATER LONDON,2024,8,13.23569385
405000,26/01/2024,SM1 2QJ,T,N,F,SUTTON,SUTTON,GREATER LONDON,2024,1,12.91164482
250000,30/05/2024,CR0 9DW,T,N,F,CROYDON,CROYDON,GREATER LONDON,2024,5,12.4292202
610000,09/07/2024,DA7 6AD,T,N,F,BEXLEYHEATH,BEXLEY,GREATER LONDON,2024,7,13.32121588
245000,22/10/2024,DA6 7LA,F,N,L,BEXLEYHEATH,BEXLEY,GREATER LONDON,2024,10,12.40901757
385000,06/09/2024,CR5 2SZ,T,N,F,COULSDON,CROYDON,GREATER LONDON,2024,9,12.86100121
206000,12/09/2024,SM6 9BE,F,N,L,WALLINGTON,SUTTON,GREATER LONDON,2024,9,12.2356363
120000,27/09/2024,DA16 3LW,F,N,L,WELLING,BEXLEY,GREATER LONDON,2024,9,11.69525536
420000,19/09/2024,CR0 6HT,T,N,F,CROYDON,CROYDON,GREATER LONDON,2024,9,12.94801237
150000,18/04/2024,SM6 7JR,F,N,L,WALLINGTON,SUTTON,GREATER LONDON,2024,4,11.91839724
405000,13/09/2024,CR0 6DD,T,N,F,CROYDON,CROYDON,GREATER LONDON,2024,9,12.91164482
242500,22/10/2024,DA1 3PW,F,N,L,DARTFORD,BEXLEY,GREATER LONDON,2024,10,12.39876111
200000,11/06/2024,SE19 2SB,F,N,L,LONDON,CROYDON,GREATER LONDON,2024,6,12.20607765
490000,04/09/2024,SM5 2EQ,T,N,F,CARSHALTON,SUTTON,GREATER LONDON,2024,9,13.10216271
310000,07/10/2024,BR2 0JD,F,N,L,BROMLEY,BROMLEY,GREATER LONDON,2024,10,12.6443308
325000,20/06/2024,CR0 9DR,T,N,F,CROYDON,CROYDON,GREATER LONDON,2024,6,12.69158354
430000,27/09/2024,SM3 9TQ,T,N,F,SUTTON,SUTTON,GREATER LONDON,2024,9,12.97154281
255000,26/01/2024,SM6 8LP,F,N,L,WALLINGTON,SUTTON,GREATER LONDON,2024,1,12.44902275
560000,12/06/2024,CR2 8DZ,S,N,F,SOUTH CROYDON,CROYDON,GREATER LONDON,2024,6,13.23569385
425000,03/07/2024,TN16 3UN,S,N,F,WESTERHAM,BROMLEY,GREATER LONDON,2024,7,12.9598468
587500,26/09/2024,TN16 3QA,D,N,F,WESTERHAM,BROMLEY,GREATER LONDON,2024,9,13.28363323
270000,11/10/2024,BR6 0HG,T,N,F,ORPINGTON,BROMLEY,GREATER LONDON,2024,10,12.50618094
1115000,25/06/2024,BR4 0AH,D,N,F,WEST WICKHAM,BROMLEY,GREATER LONDON,2024,6,13.92436586
565000,19/06/2024,CR5 2PT,S,N,F,COULSDON,SUTTON,GREATER LONDON,2024,6,13.24458278
955000,11/10/2024,SE20 8HQ,S,N,F,LONDON,BROMLEY,GREATER LONDON,2024,10,13.76946767
370000,12/07/2024,SE9 4ED,T,N,F,LONDON,BROMLEY,GREATER LONDON,2024,7,12.82126099
738000,28/06/2024,BR3 5FG,D,N,F,BECKENHAM,BROMLEY,GREATER LONDON,2024,6,13.51170046
580000,24/05/2024,CR5 1DD,D,N,F,COULSDON,CROYDON,GREATER LONDON,2024,5,13.27078511
408000,27/09/2024,CR7 8AZ,S,N,F,THORNTON HEATH,CROYDON,GREATER LONDON,2024,9,12.9190249
620000,02/09/2024,BR6 8BG,D,N,F,ORPINGTON,BROMLEY,GREATER LONDON,2024,9,13.33747637
290000,02/05/2024,DA14 6RJ,F,N,L,SIDCUP,BEXLEY,GREATER LONDON,2024,5,12.57763965
615000,14/06/2024,BR6 9AD,D,N,F,ORPINGTON,BROMLEY,GREATER LONDON,2024,6,13.32937917
750000,26/09/2024,CR5 2JR,D,N,F,COULSDON,CROYDON,GREATER LONDON,2024,9,13.52782982
268000,03/05/2024,CR4 2JW,F,N,L,MITCHAM,MERTON,GREATER LONDON,2024,5,12.49874599
111000,24/06/2024,HD6 3AH,T,N,F,BRIGHOUSE,CALDERDALE,WEST YORKSHIRE,2024,6,11.61729449
250000,24/06/2024,WF17 8PX,D,N,F,BATLEY,KIRKLEES,WEST YORKSHIRE,2024,6,12.4292202
1200000,01/03/2024,SW8 1ED,T,N,F,LONDON,LAMBETH,GREATER LONDON,2024,3,13.99783295
1500000,20/02/2024,SW7 2DU,T,N,F,LONDON,KENSINGTON AND CHELSEA,GREATER LONDON,2024,2,14.22097633
2570000,08/03/2024,SE4 1YD,S,N,F,LONDON,LEWISHAM,GREATER LONDON,2024,3,14.75941685
1425000,14/06/2024,SW11 5EW,T,N,F,LONDON,WANDSWORTH,GREATER LONDON,2024,6,14.16968307
182000,22/03/2024,LE2 8FA,T,N,F,LEICESTER,LEICESTER,LEICESTER,2024,3,12.11176746
433000,12/03/2024,LE65 1FP,D,N,F,ASHBY-DE-LA-ZOUCH,NORTH WEST LEICESTERSHIRE,LEICESTERSHIRE,2024,3,12.97849532
255000,23/02/2024,LE8 6NR,S,N,F,LEICESTER,BLABY,LEICESTERSHIRE,2024,2,12.44902275
615000,28/03/2024,PE9 3UF,S,N,F,STAMFORD,RUTLAND,RUTLAND,2024,3,13.32937917
148000,19/03/2024,PR9 9JB,F,N,L,SOUTHPORT,SEFTON,MERSEYSIDE,2024,3,11.90497431
118000,19/02/2024,L35 3XB,T,N,F,PRESCOT,KNOWSLEY,MERSEYSIDE,2024,2,11.67844838
65000,21/03/2024,L36 6FB,F,N,L,LIVERPOOL,KNOWSLEY,MERSEYSIDE,2024,3,11.08215793
2050000,26/03/2024,NW3 7NL,T,N,F,LONDON,BARNET,GREATER LONDON,2024,3,14.53335084
560000,04/12/2025,PE1 2QU,D,,,PETERBOROUGH,CITY OF PETERBOROUGH,CITY OF PETERBOROUGH,2025,12,13.23569385
230000,12/12/2025,PE2 9RY,T,,,PETERBOROUGH,CITY OF PETERBOROUGH,CITY OF PETERBOROUGH,2025,12,12.34583894
272000,15/12/2025,PE16 6BL,D,,,CHATTERIS,FENLAND,CAMBRIDGESHIRE,2025,12,12.51356102
249950,17/12/2025,CB4 3RY,T,,,CAMBRIDGE,CAMBRIDGE,CAMBRIDGESHIRE,2025,12,12.42902018
650000,12/12/2025,CB1 3BH,T,,,CAMBRIDGE,CAMBRIDGE,CAMBRIDGESHIRE,2025,12,13.38472918
260000,11/12/2025,PE13 2RY,D,,,WISBECH,FENLAND,CAMBRIDGESHIRE,2025,12,12.46844076
200000,11/03/2025,CB23 6HB,F,,,CAMBRIDGE,SOUTH CAMBRIDGESHIRE,CAMBRIDGESHIRE,2025,3,12.20607765
220000,10/09/2025,PE3 6JH,F,,,PETERBOROUGH,CITY OF PETERBOROUGH,CITY OF PETERBOROUGH,2025,9,12.30138737
310000,12/12/2025,CB7 5XB,D,,,ELY,EAST CAMBRIDGESHIRE,CAMBRIDGESHIRE,2025,12,12.6443308
338000,27/08/2025,PE6 9AA,D,,,PETERBOROUGH,CITY OF PETERBOROUGH,CITY OF PETERBOROUGH,2025,8,12.73080413
641101,10/09/2025,CB1 2PJ,T,,,CAMBRIDGE,CAMBRIDGE,CAMBRIDGESHIRE,2025,9,13.37094385
772500,10/09/2025,CB7 4HL,S,,,ELY,EAST CAMBRIDGESHIRE,CAMBRIDGESHIRE,2025,9,13.55738858
338500,10/12/2025,PE28 4TP,S,,,HUNTINGDON,HUNTINGDONSHIRE,CAMBRIDGESHIRE,2025,12,12.73228233
260000,05/12/2025,PE2 9SA,T,,,PETERBOROUGH,CITY OF PETERBOROUGH,CITY OF PETERBOROUGH,2025,12,12.46844076
280000,19/12/2025,PE28 4UL,T,,,HUNTINGDON,HUNTINGDONSHIRE,CAMBRIDGESHIRE,2025,12,12.54254845
366500,04/07/2025,CB1 3JZ,T,,,CAMBRIDGE,CAMBRIDGE,CAMBRIDGESHIRE,2025,7,12.81175653
222000,01/09/2025,CB4 3SN,F,,,CAMBRIDGE,CAMBRIDGE,CAMBRIDGESHIRE,2025,9,12.31043717
115000,19/12/2025,PE2 9QJ,F,,,PETERBOROUGH,CITY OF PETERBOROUGH,CITY OF PETERBOROUGH,2025,12,11.6526961
290000,18/12/2025,PE13 5DR,D,,,WISBECH,FENLAND,CAMBRIDGESHIRE,2025,12,12.57763965
580000,19/08/2025,PE7 1QW,D,,,PETERBOROUGH,FENLAND,CAMBRIDGESHIRE,2025,8,13.27078511
285000,05/12/2025,PE29 1JQ,S,,,HUNTINGDON,HUNTINGDONSHIRE,CAMBRIDGESHIRE,2025,12,12.56024797
265000,15/12/2025,PE2 5NB,T,,,PETERBOROUGH,CITY OF PETERBOROUGH,CITY OF PETERBOROUGH,2025,12,12.48748888
180000,05/12/2025,PE15 8RA,T,,,MARCH,FENLAND,CAMBRIDGESHIRE,2025,12,12.10071769
777007,05/12/2025,CB4 2DB,S,,,CAMBRIDGE,CAMBRIDGE,CAMBRIDGESHIRE,2025,12,13.56320593
248000,19/12/2025,PE29 1UH,T,,,HUNTINGDON,HUNTINGDONSHIRE,CAMBRIDGESHIRE,2025,12,12.42118806
120000,02/07/2025,PE7 8HZ,F,,,PETERBOROUGH,CITY OF PETERBOROUGH,CITY OF PETERBOROUGH,2025,7,11.69525536
306000,19/12/2025,PE4 6NS,S,,,PETERBOROUGH,CITY OF PETERBOROUGH,CITY OF PETERBOROUGH,2025,12,12.63134365
405000,22/08/2025,PE15 8TA,D,,,MARCH,FENLAND,CAMBRIDGESHIRE,2025,8,12.91164482
387500,11/03/2025,PE14 0LH,D,,,WISBECH,FENLAND,CAMBRIDGESHIRE,2025,3,12.86747371
131000,31/10/2025,PE7 8EP,F,,,PETERBOROUGH,CITY OF PETERBOROUGH,CITY OF PETERBOROUGH,2025,10,11.78296024
185000,17/12/2025,PE27 5QL,F,,,ST IVES,HUNTINGDONSHIRE,CAMBRIDGESHIRE,2025,12,12.12811651
1350000,16/09/2025,CB3 0LX,D,,,CAMBRIDGE,SOUTH CAMBRIDGESHIRE,CAMBRIDGESHIRE,2025,9,14.11561589
180000,25/09/2025,CB25 0ES,F,,,CAMBRIDGE,EAST CAMBRIDGESHIRE,CAMBRIDGESHIRE,2025,9,12.10071769
645000,29/07/2025,PE9 3BA,D,,,STAMFORD,CITY OF PETERBOROUGH,CITY OF PETERBOROUGH,2025,7,13.37700715
392000,15/12/2025,PE29 2ED,D,,,HUNTINGDON,HUNTINGDONSHIRE,CAMBRIDGESHIRE,2025,12,12.87901967
390000,24/10/2025,CB4 2SG,T,,,CAMBRIDGE,CAMBRIDGE,CAMBRIDGESHIRE,2025,10,12.87390458
266000,07/11/2025,PE26 1JW,D,,,HUNTINGDON,HUNTINGDONSHIRE,CAMBRIDGESHIRE,2025,11,12.49125535
370000,07/11/2025,PE2 8TF,D,,,PETERBOROUGH,CITY OF PETERBOROUGH,CITY OF PETERBOROUGH,2025,11,12.82126099
385000,27/08/2025,CB1 9HE,S,,,CAMBRIDGE,CAMBRIDGE,CAMBRIDGESHIRE,2025,8,12.86100121
38500,16/12/2025,PE1 2RD,F,,,PETERBOROUGH,CITY OF PETERBOROUGH,CITY OF PETERBOROUGH,2025,12,10.55843949
360000,21/11/2025,PE27 3EP,D,,,ST IVES,HUNTINGDONSHIRE,CAMBRIDGESHIRE,2025,11,12.79386209
215000,18/12/2025,PE28 2ST,T,,,HUNTINGDON,HUNTINGDONSHIRE,CAMBRIDGESHIRE,2025,12,12.27839796
225000,19/12/2025,CB25 9HS,T,,,CAMBRIDGE,SOUTH CAMBRIDGESHIRE,CAMBRIDGESHIRE,2025,12,12.32386013
712500,29/07/2025,CB21 4JY,D,,,CAMBRIDGE,SOUTH CAMBRIDGESHIRE,CAMBRIDGESHIRE,2025,7,13.47653659
340000,09/12/2025,CB21 5JQ,T,,,CAMBRIDGE,SOUTH CAMBRIDGESHIRE,CAMBRIDGESHIRE,2025,12,12.73670384
600000,15/08/2025,SG8 0BD,D,,,ROYSTON,SOUTH CAMBRIDGESHIRE,CAMBRIDGESHIRE,2025,8,13.3046866
290000,14/03/2025,CB24 8RH,S,,,CAMBRIDGE,SOUTH CAMBRIDGESHIRE,CAMBRIDGESHIRE,2025,3,12.57763965
425000,11/12/2025,PE28 0UT,D,,,HUNTINGDON,HUNTINGDONSHIRE,CAMBRIDGESHIRE,2025,12,12.9598468
352500,04/09/2025,PE3 6BX,D,,,PETERBOROUGH,CITY OF PETERBOROUGH,CITY OF PETERBOROUGH,2025,9,12.77280874
260000,08/12/2025,CB24 5HB,T,,,CAMBRIDGE,SOUTH CAMBRIDGESHIRE,CAMBRIDGESHIRE,2025,12,12.46844076
245000,19/12/2025,PE26 1JJ,D,,,HUNTINGDON,HUNTINGDONSHIRE,CAMBRIDGESHIRE,2025,12,12.40901757
190000,18/12/2025,PE16 6JN,S,,,CHATTERIS,FENLAND,CAMBRIDGESHIRE,2025,12,12.15478461
195000,12/12/2025,PE19 2RF,T,,,ST NEOTS,HUNTINGDONSHIRE,CAMBRIDGESHIRE,2025,12,12.18075997
295000,19/12/2025,PE4 7NF,D,,,PETERBOROUGH,CITY OF PETERBOROUGH,CITY OF PETERBOROUGH,2025,12,12.59473403
2100000,27/08/2025,CB1 7PH,D,,,CAMBRIDGE,CAMBRIDGE,CAMBRIDGESHIRE,2025,8,14.55744838
450000,16/12/2025,CB24 9XX,S,,,CAMBRIDGE,SOUTH CAMBRIDGESHIRE,CAMBRIDGESHIRE,2025,12,13.01700508
308000,15/12/2025,PE28 3EL,D,,,HUNTINGDON,HUNTINGDONSHIRE,CAMBRIDGESHIRE,2025,12,12.63785831
475000,18/07/2025,CB23 2RE,S,,,CAMBRIDGE,SOUTH CAMBRIDGESHIRE,CAMBRIDGESHIRE,2025,7,13.07107219
291000,19/12/2025,PE28 3HX,D,,,HUNTINGDON,HUNTINGDONSHIRE,CAMBRIDGESHIRE,2025,12,12.58108198
435000,11/12/2025,PE8 6LE,D,,,PETERBOROUGH,CITY OF PETERBOROUGH,CITY OF PETERBOROUGH,2025,12,12.98310361
462000,28/03/2025,PE7 3SS,D,,,PETERBOROUGH,HUNTINGDONSHIRE,CAMBRIDGESHIRE,2025,3,13.04332233
530000,08/12/2025,PE19 7BH,D,,,ST NEOTS,HUNTINGDONSHIRE,CAMBRIDGESHIRE,2025,12,13.18063417
195000,12/12/2025,PE26 1BW,T,,,HUNTINGDON,HUNTINGDONSHIRE,CAMBRIDGESHIRE,2025,12,12.18075997
430000,31/01/2025,PE15 9BJ,D,,,MARCH,FENLAND,CAMBRIDGESHIRE,2025,1,12.97154281
124000,28/11/2025,TS12 2BN,S,,,SALTBURN-BY-THE-SEA,REDCAR AND CLEVELAND,REDCAR AND CLEVELAND,2025,11,11.72804491
85000,20/08/2025,TS19 9JG,T,,,STOCKTON-ON-TEES,STOCKTON-ON-TEES,STOCKTON-ON-TEES,2025,8,11.3504183
224950,05/09/2025,TS5 7RD,S,,,MIDDLESBROUGH,MIDDLESBROUGH,MIDDLESBROUGH,2025,9,12.32363788
122000,12/09/2025,TS23 2HY,T,,,BILLINGHAM,STOCKTON-ON-TEES,STOCKTON-ON-TEES,2025,9,11.71178452
322000,06/06/2025,TS23 3YX,T,,,BILLINGHAM,STOCKTON-ON-TEES,STOCKTON-ON-TEES,2025,6,12.68230993
109950,05/11/2025,TS10 4ND,T,,,REDCAR,REDCAR AND CLEVELAND,REDCAR AND CLEVELAND,2025,11,11.60779009
78000,19/12/2025,TS10 1AW,F,,,REDCAR,REDCAR AND CLEVELAND,REDCAR AND CLEVELAND,2025,12,11.26447693
280000,28/02/2025,WA4 5HS,F,,,WARRINGTON,WARRINGTON,WARRINGTON,2025,2,12.54254845
435000,07/07/2025,CH2 2LA,S,,,CHESTER,CHESHIRE WEST AND CHESTER,CHESHIRE WEST AND CHESTER,2025,7,12.98310361
595000,10/12/2025,CH3 8BT,D,,,CHESTER,CHESHIRE WEST AND CHESTER,CHESHIRE WEST AND CHESTER,2025,12,13.29631837
340000,19/09/2025,WA5 3HS,D,,,WARRINGTON,WARRINGTON,WARRINGTON,2025,9,12.73670384
210000,01/08/2025,WA5 4NR,S,,,WARRINGTON,WARRINGTON,WARRINGTON,2025,8,12.25486757
116000,02/07/2025,CW1 5QZ,S,,,CREWE,CHESHIRE EAST,CHESHIRE EAST,2025,7,11.66135409
307000,28/11/2025,WA5 1QZ,T,,,WARRINGTON,WARRINGTON,WARRINGTON,2025,11,12.63460628
207500,19/09/2025,CW11 1YF,S,,,SANDBACH,CHESHIRE EAST,CHESHIRE EAST,2025,9,12.24289144
208200,29/08/2025,WA2 9UJ,T,,,WARRINGTON,WARRINGTON,WARRINGTON,2025,8,12.24625924
435000,12/12/2025,CW3 0AH,S,,,CREWE,CHESHIRE EAST,CHESHIRE EAST,2025,12,12.98310361
265000,21/03/2025,SK11 7YS,S,,,MACCLESFIELD,CHESHIRE EAST,CHESHIRE EAST,2025,3,12.48748888
533000,05/12/2025,WA7 4TA,D,,,RUNCORN,HALTON,HALTON,2025,12,13.18627858
390000,16/09/2025,CH1 6AQ,S,,,CHESTER,CHESHIRE WEST AND CHESTER,CHESHIRE WEST AND CHESTER,2025,9,12.87390458
152000,14/03/2025,ST7 2NZ,T,,,STOKE-ON-TRENT,CHESHIRE EAST,CHESHIRE EAST,2025,3,11.93164238
250000,20/11/2025,CW12 4UF,T,,,CONGLETON,CHESHIRE EAST,CHESHIRE EAST,2025,11,12.4292202
265000,08/08/2025,SK11 7YS,S,,,MACCLESFIELD,CHESHIRE EAST,CHESHIRE EAST,2025,8,12.48748888
395000,12/12/2025,WA4 2QS,S,,,WARRINGTON,WARRINGTON,WARRINGTON,2025,12,12.88664358
265000,21/11/2025,SK5 6TL,S,,,STOCKPORT,STOCKPORT,GREATER MANCHESTER,2025,11,12.48748888
265000,16/05/2025,SK11 8PE,D,,,MACCLESFIELD,CHESHIRE EAST,CHESHIRE EAST,2025,5,12.48748888
250000,19/09/2025,CH1 5ET,D,,,CHESTER,CHESHIRE WEST AND CHESTER,CHESHIRE WEST AND CHESTER,2025,9,12.4292202
210000,21/07/2025,CW5 7HT,S,,,NANTWICH,CHESHIRE EAST,CHESHIRE EAST,2025,7,12.25486757
285000,26/03/2025,WA4 5JR,F,,,WARRINGTON,WARRINGTON,WARRINGTON,2025,3,12.56024797
197500,19/12/2025,CW2 5EZ,S,,,CREWE,CHESHIRE EAST,CHESHIRE EAST,2025,12,12.19349893
575000,17/12/2025,CH2 4EJ,D,,,CHESTER,CHESHIRE WEST AND CHESTER,CHESHIRE WEST AND CHESTER,2025,12,13.26212706
377000,06/03/2025,WA4 5DP,D,,,WARRINGTON,WARRINGTON,WARRINGTON,2025,3,12.84000312
253000,19/12/2025,WA1 4HD,S,,,WARRINGTON,WARRINGTON,WARRINGTON,2025,12,12.44114872
340000,26/08/2025,SK12 1HH,S,,,STOCKPORT,CHESHIRE EAST,CHESHIRE EAST,2025,8,12.73670384
267000,16/12/2025,WA5 1RY,S,,,WARRINGTON,WARRINGTON,WARRINGTON,2025,12,12.49500768
139000,17/12/2025,WA7 6DU,T,,,RUNCORN,HALTON,HALTON,2025,12,11.84223641
260000,19/12/2025,WA16 0YA,T,,,KNUTSFORD,CHESHIRE EAST,CHESHIRE EAST,2025,12,12.46844076
1030000,15/12/2025,WA16 0DJ,D,,,KNUTSFORD,CHESHIRE EAST,CHESHIRE EAST,2025,12,13.84507033
73500,15/12/2025,WA6 0BW,F,,,FRODSHAM,CHESHIRE WEST AND CHESTER,CHESHIRE WEST AND CHESTER,2025,12,11.20505429
700000,25/07/2025,CH64 6RN,S,,,NESTON,CHESHIRE WEST AND CHESTER,CHESHIRE WEST AND CHESTER,2025,7,13.45883704
495000,31/07/2025,WA5 3DA,D,,,WARRINGTON,WARRINGTON,WARRINGTON,2025,7,13.11231506
440000,19/12/2025,CW12 4FJ,D,,,CONGLETON,CHESHIRE EAST,CHESHIRE EAST,2025,12,12.99453228
210000,31/01/2025,CW1 5JE,S,,,CREWE,CHESHIRE EAST,CHESHIRE EAST,2025,1,12.25486757
375000,27/11/2025,WA5 9JG,D,,,WARRINGTON,WARRINGTON,WARRINGTON,2025,11,12.83468397
200000,31/07/2025,CH66 2GU,S,,,ELLESMERE PORT,CHESHIRE WEST AND CHESTER,CHESHIRE WEST AND CHESTER,2025,7,12.20607765
155000,21/08/2025,CH41 4HZ,T,,,BIRKENHEAD,WIRRAL,MERSEYSIDE,2025,8,11.95118685
300000,28/11/2025,SK10 3JA,T,,,MACCLESFIELD,CHESHIRE EAST,CHESHIRE EAST,2025,11,12.61154109
258000,10/09/2025,CH64 0SQ,S,,,NESTON,CHESHIRE WEST AND CHESTER,CHESHIRE WEST AND CHESTER,2025,9,12.46071874
495000,18/09/2025,SK12 1AW,D,,,STOCKPORT,CHESHIRE EAST,CHESHIRE EAST,2025,9,13.11231506
265000,19/12/2025,CW9 6AU,D,,,NORTHWICH,CHESHIRE WEST AND CHESTER,CHESHIRE WEST AND CHESTER,2025,12,12.48748888
480000,05/12/2025,CH3 9FB,D,,,CHESTER,CHESHIRE WEST AND CHESTER,CHESHIRE WEST AND CHESTER,2025,12,13.08154347
322000,05/12/2025,CW8 1ST,T,,,NORTHWICH,CHESHIRE WEST AND CHESTER,CHESHIRE WEST AND CHESTER,2025,12,12.68230993
499950,12/12/2025,SK12 1UW,S,,,STOCKPORT,CHESHIRE EAST,CHESHIRE EAST,2025,12,13.12226537
132500,26/03/2025,CW11 1HU,T,,,SANDBACH,CHESHIRE EAST,CHESHIRE EAST,2025,3,11.79434547
525000,18/12/2025,SK9 2ES,D,,,WILMSLOW,CHESHIRE EAST,CHESHIRE EAST,2025,12,13.17115545
120000,21/11/2025,CW7 3DQ,T,,,WINSFORD,CHESHIRE WEST AND CHESTER,CHESHIRE WEST AND CHESTER,2025,11,11.69525536
160000,19/12/2025,SK10 5PX,T,,,MACCLESFIELD,CHESHIRE EAST,CHESHIRE EAST,2025,12,11.98293534
325000,16/12/2025,WA2 0BN,S,,,WARRINGTON,WARRINGTON,WARRINGTON,2025,12,12.69158354
357000,03/10/2025,CH4 7DL,T,,,CHESTER,CHESHIRE WEST AND CHESTER,CHESHIRE WEST AND CHESTER,2025,10,12.78549386
130000,28/02/2025,CW11 1XT,T,,,SANDBACH,CHESHIRE EAST,CHESHIRE EAST,2025,2,11.77529742
137000,12/12/2025,WA8 4NP,T,,,WIDNES,HALTON,HALTON,2025,12,11.8277435
177000,19/12/2025,CW10 9QB,T,,,MIDDLEWICH,CHESHIRE EAST,CHESHIRE EAST,2025,12,12.08391066
165000,20/02/2025,WA5 9SE,D,,,WARRINGTON,WARRINGTON,WARRINGTON,2025,2,12.01370681
280000,17/12/2025,CW2 6XG,D,,,CREWE,CHESHIRE EAST,CHESHIRE EAST,2025,12,12.54254845
167500,03/03/2025,CW2 8SP,S,,,CREWE,CHESHIRE EAST,CHESHIRE EAST,2025,3,12.0287446
175000,25/07/2025,CW5 7RZ,T,,,NANTWICH,CHESHIRE EAST,CHESHIRE EAST,2025,7,12.07254697
445000,17/12/2025,CW8 4YP,D,,,NORTHWICH,CHESHIRE WEST AND CHESTER,CHESHIRE WEST AND CHESTER,2025,12,13.00583181
325000,05/09/2025,WA8 5AG,S,,,WIDNES,HALTON,HALTON,2025,9,12.69158354
256000,07/02/2025,CH2 3LQ,S,,,CHESTER,CHESHIRE WEST AND CHESTER,CHESHIRE WEST AND CHESTER,2025,2,12.45293663
281000,12/12/2025,WA4 2PP,S,,,WARRINGTON,WARRINGTON,WARRINGTON,2025,12,12.54611351
348000,26/09/2025,WA5 3UP,D,,,WARRINGTON,WARRINGTON,WARRINGTON,2025,9,12.75996063
290000,05/12/2025,SK11 6UJ,T,,,MACCLESFIELD,CHESHIRE EAST,CHESHIRE EAST,2025,12,12.57763965
450000,26/08/2025,WA16 6AU,D,,,KNUTSFORD,CHESHIRE EAST,CHESHIRE EAST,2025,8,13.01700508
200000,16/12/2025,SK4 4AE,S,,,STOCKPORT,STOCKPORT,GREATER MANCHESTER,2025,12,12.20607765
89950,16/06/2025,SK10 1BR,F,,,MACCLESFIELD,CHESHIRE EAST,CHESHIRE EAST,2025,6,11.40702036
275000,18/12/2025,CW11 3TA,S,,,SANDBACH,CHESHIRE EAST,CHESHIRE EAST,2025,12,12.52453001
392000,18/11/2025,CW12 1GP,D,,,CONGLETON,CHESHIRE EAST,CHESHIRE EAST,2025,11,12.87901967
565000,12/12/2025,CH3 9FJ,F,,,CHESTER,CHESHIRE WEST AND CHESTER,CHESHIRE WEST AND CHESTER,2025,12,13.24458278
155000,28/01/2025,WA7 2DP,F,,,RUNCORN,HALTON,HALTON,2025,1,11.95118685
162000,17/12/2025,WA4 5BS,F,,,WARRINGTON,WARRINGTON,WARRINGTON,2025,12,11.99535779
275000,16/12/2025,CH65 6PD,S,,,ELLESMERE PORT,CHESHIRE WEST AND CHESTER,CHESHIRE WEST AND CHESTER,2025,12,12.52453001
550000,26/09/2025,SK11 0AB,S,,,MACCLESFIELD,CHESHIRE EAST,CHESHIRE EAST,2025,9,13.21767538
327500,18/12/2025,CW2 5UG,D,,,CREWE,CHESHIRE EAST,CHESHIRE EAST,2025,12,12.69924639
288000,28/11/2025,CW2 5TX,D,,,CREWE,CHESHIRE EAST,CHESHIRE EAST,2025,11,12.57071923
200000,11/12/2025,SK1 3DE,T,,,STOCKPORT,STOCKPORT,GREATER MANCHESTER,2025,12,12.20607765
375000,12/09/2025,CW9 8SP,D,,,NORTHWICH,CHESHIRE WEST AND CHESTER,CHESHIRE WEST AND CHESTER,2025,9,12.83468397
183000,19/12/2025,CH66 1UL,T,,,ELLESMERE PORT,CHESHIRE WEST AND CHESTER,CHESHIRE WEST AND CHESTER,2025,12,12.1172469
230000,12/09/2025,CH64 0TL,S,,,NESTON,CHESHIRE WEST AND CHESTER,CHESHIRE WEST AND CHESTER,2025,9,12.34583894
337000,12/12/2025,CW10 0GH,D,,,MIDDLEWICH,CHESHIRE EAST,CHESHIRE EAST,2025,12,12.72784118
380000,19/12/2025,CH49 6LE,D,,,WIRRAL,WIRRAL,MERSEYSIDE,2025,12,12.84792916
186000,18/12/2025,SK11 9FZ,S,,,MACCLESFIELD,CHESHIRE EAST,CHESHIRE EAST,2025,12,12.13350733
595000,14/08/2025,CW8 1RY,D,,,NORTHWICH,CHESHIRE WEST AND CHESTER,CHESHIRE WEST AND CHESTER,2025,8,13.29631837
327500,24/11/2025,SK9 3JX,T,,,WILMSLOW,CHESHIRE EAST,CHESHIRE EAST,2025,11,12.69924639
385000,16/04/2025,CW5 6NG,D,,,NANTWICH,CHESHIRE EAST,CHESHIRE EAST,2025,4,12.86100121
257000,06/11/2025,CW2 8GL,D,,,CREWE,CHESHIRE EAST,CHESHIRE EAST,2025,11,12.45683525
198000,21/11/2025,CH65 4DE,S,,,ELLESMERE PORT,CHESHIRE WEST AND CHESTER,CHESHIRE WEST AND CHESTER,2025,11,12.19602736
302000,19/12/2025,CH3 6RZ,S,,,CHESTER,CHESHIRE WEST AND CHESTER,CHESHIRE WEST AND CHESTER,2025,12,12.61818561
380000,10/12/2025,PL12 6YU,D,,,SALTASH,CORNWALL,CORNWALL,2025,12,12.84792916
215000,05/11/2025,PL23 1PL,F,,,FOWEY,CORNWALL,CORNWALL,2025,11,12.27839796
260000,19/12/2025,PL31 1DN,S,,,BODMIN,CORNWALL,CORNWALL,2025,12,12.46844076
165000,28/03/2025,PL17 8QT,T,,,CALLINGTON,CORNWALL,CORNWALL,2025,3,12.01370681
750000,18/07/2025,PL12 6PB,D,,,SALTASH,CORNWALL,CORNWALL,2025,7,13.52782982
340000,05/12/2025,TR3 6LU,D,,,TRURO,CORNWALL,CORNWALL,2025,12,12.73670384
130000,30/07/2025,PL31 1HT,T,,,BODMIN,CORNWALL,CORNWALL,2025,7,11.77529742
165000,11/12/2025,TR11 5BJ,T,,,FALMOUTH,CORNWALL,CORNWALL,2025,12,12.01370681
425000,16/12/2025,TR3 6LR,D,,,TRURO,CORNWALL,CORNWALL,2025,12,12.9598468
245000,18/12/2025,PL12 6XL,S,,,SALTASH,CORNWALL,CORNWALL,2025,12,12.40901757
210000,26/08/2025,TR14 7JQ,S,,,CAMBORNE,CORNWALL,CORNWALL,2025,8,12.25486757
330000,08/12/2025,TR4 8UL,T,,,TRURO,CORNWALL,CORNWALL,2025,12,12.70685096
495000,12/03/2025,TR12 7JG,D,,,HELSTON,CORNWALL,CORNWALL,2025,3,13.11231506
560000,03/06/2025,TR2 4RF,D,,,TRURO,CORNWALL,CORNWALL,2025,6,13.23569385
180000,19/12/2025,PL32 9QZ,T,,,CAMELFORD,CORNWALL,CORNWALL,2025,12,12.10071769
265000,28/11/2025,TR18 3PH,S,,,PENZANCE,CORNWALL,CORNWALL,2025,11,12.48748888
45000,15/12/2025,PL13 1AS,F,,,LOOE,CORNWALL,CORNWALL,2025,12,10.71443999
520000,16/12/2025,TR1 1AQ,D,,,TRURO,CORNWALL,CORNWALL,2025,12,13.16158601
370000,29/08/2025,TR15 2HZ,T,,,REDRUTH,CORNWALL,CORNWALL,2025,8,12.82126099
290000,28/03/2025,TR1 3SN,D,,,TRURO,CORNWALL,CORNWALL,2025,3,12.57763965
195000,11/07/2025,PL13 2LQ,T,,,LOOE,CORNWALL,CORNWALL,2025,7,12.18075997
415000,17/12/2025,TR14 7HR,D,,,CAMBORNE,CORNWALL,CORNWALL,2025,12,12.93603621
262500,19/12/2025,TR8 5SL,S,,,NEWQUAY,CORNWALL,CORNWALL,2025,12,12.47801017
420000,28/11/2025,PL12 6HB,D,,,SALTASH,CORNWALL,CORNWALL,2025,11,12.94801237
158000,16/12/2025,TR11 2AG,F,,,FALMOUTH,CORNWALL,CORNWALL,2025,12,11.97035664
724500,09/01/2025,PL13 2JJ,D,,,LOOE,CORNWALL,CORNWALL,2025,1,13.49323842
650000,08/10/2025,TR8 4ET,D,,,NEWQUAY,CORNWALL,CORNWALL,2025,10,13.38472918
162000,19/12/2025,PL31 2RU,T,,,BODMIN,CORNWALL,CORNWALL,2025,12,11.99535779
950000,22/07/2025,PL25 3NZ,D,,,ST AUSTELL,CORNWALL,CORNWALL,2025,7,13.76421832
465000,15/12/2025,PL25 3SD,D,,,ST AUSTELL,CORNWALL,CORNWALL,2025,12,13.04979484
220000,18/12/2025,PL31 1HR,S,,,BODMIN,CORNWALL,CORNWALL,2025,12,12.30138737
200000,16/10/2025,IG6 2DZ,F,,,ILFORD,REDBRIDGE,GREATER LONDON,2025,10,12.20607765
420000,20/01/2025,E2 7EL,F,,,LONDON,TOWER HAMLETS,GREATER LONDON,2025,1,12.94801237
662000,23/10/2025,IG1 4LB,T,,,ILFORD,REDBRIDGE,GREATER LONDON,2025,10,13.40302235
184000,31/01/2025,RM1 1AR,F,,,ROMFORD,HAVERING,GREATER LONDON,2025,1,12.12269647
575000,07/11/2025,E14 0JU,F,,,LONDON,TOWER HAMLETS,GREATER LONDON,2025,11,13.26212706
475000,11/02/2025,IG6 2DU,O,,,ILFORD,REDBRIDGE,GREATER LONDON,2025,2,13.07107219
290000,08/01/2025,IG5 0SS,T,,,ILFORD,REDBRIDGE,GREATER LONDON,2025,1,12.57763965
240000,30/09/2025,RM6 4BY,F,,,ROMFORD,REDBRIDGE,GREATER LONDON,2025,9,12.38839837
500000,26/08/2025,E14 2DQ,F,,,LONDON,TOWER HAMLETS,GREATER LONDON,2025,8,13.12236538
68000,10/01/2025,RM8 1JL,O,,,DAGENHAM,BARKING AND DAGENHAM,GREATER LONDON,2025,1,11.12727769
950000,10/11/2025,E5 9NU,T,,,LONDON,HACKNEY,GREATER LONDON,2025,11,13.76421832
980000,30/10/2025,RM11 2PS,D,,,HORNCHURCH,HAVERING,GREATER LONDON,2025,10,13.79530887
350000,14/11/2025,E14 7EN,F,,,LONDON,TOWER HAMLETS,GREATER LONDON,2025,11,12.76569129
480000,07/10/2025,IG1 1SZ,T,,,ILFORD,REDBRIDGE,GREATER LONDON,2025,10,13.08154347
315000,07/01/2025,E7 9HF,F,,,LONDON,NEWHAM,GREATER LONDON,2025,1,12.66033109
225000,17/10/2025,E11 3PS,F,,,LONDON,WALTHAM FOREST,GREATER LONDON,2025,10,12.32386013
442000,03/09/2025,E6 3EZ,T,,,LONDON,NEWHAM,GREATER LONDON,2025,9,12.99906742
160000,06/10/2025,E15 1HR,F,,,LONDON,NEWHAM,GREATER LONDON,2025,10,11.98293534
255000,14/02/2025,E5 8SN,F,,,LONDON,HACKNEY,GREATER LONDON,2025,2,12.44902275
300000,02/07/2025,E15 1HQ,O,,,LONDON,NEWHAM,GREATER LONDON,2025,7,12.61154109
417000,27/03/2025,E5 9JD,F,,,LONDON,HACKNEY,GREATER LONDON,2025,3,12.9408439
487000,28/01/2025,E7 8JJ,T,,,LONDON,NEWHAM,GREATER LONDON,2025,1,13.09602146
315000,17/10/2025,IG2 6RJ,T,,,ILFORD,REDBRIDGE,GREATER LONDON,2025,10,12.66033109
337000,29/01/2025,E4 6DL,F,,,LONDON,WALTHAM FOREST,GREATER LONDON,2025,1,12.72784118
538000,15/10/2025,E14 9PL,F,,,LONDON,TOWER HAMLETS,GREATER LONDON,2025,10,13.1956157
195000,14/11/2025,RM2 6JD,F,,,ROMFORD,HAVERING,GREATER LONDON,2025,11,12.18075997
1979228,06/06/2025,E6 2LL,O,,,LONDON,NEWHAM,GREATER LONDON,2025,6,14.49821793
280000,05/02/2025,E10 5TL,O,,,LONDON,WALTHAM FOREST,GREATER LONDON,2025,2,12.54254845
825000,31/01/2025,RM7 7PJ,O,,,ROMFORD,HAVERING,GREATER LONDON,2025,1,13.62313988
525000,24/10/2025,E11 4HS,T,,,LONDON,WALTHAM FOREST,GREATER LONDON,2025,10,13.17115545
450000,18/07/2025,RM5 2ET,D,,,ROMFORD,HAVERING,GREATER LONDON,2025,7,13.01700508
255000,17/10/2025,RM7 9QJ,F,,,ROMFORD,HAVERING,GREATER LONDON,2025,10,12.44902275
325000,24/01/2025,HX7 5SB,O,,,HEBDEN BRIDGE,CALDERDALE,WEST YORKSHIRE,2025,1,12.69158354
130000,25/09/2025,BD5 0HY,T,,,BRADFORD,BRADFORD,WEST YORKSHIRE,2025,9,11.77529742
243333,27/10/2025,WF3 2FG,T,,,WAKEFIELD,LEEDS,WEST YORKSHIRE,2025,10,12.40219026
188000,23/10/2025,LS9 0DE,T,,,LEEDS,LEEDS,WEST YORKSHIRE,2025,10,12.14420256
95000,30/09/2025,WF10 2LW,T,,,CASTLEFORD,WAKEFIELD,WEST YORKSHIRE,2025,9,11.4616427
136000,23/05/2025,BD2 3BA,S,,,BRADFORD,BRADFORD,WEST YORKSHIRE,2025,5,11.82041752
125000,07/11/2025,LS27 8LD,F,,,LEEDS,LEEDS,WEST YORKSHIRE,2025,11,11.73607702
475000,07/04/2025,WF11 0PA,O,,,KNOTTINGLEY,WAKEFIELD,WEST YORKSHIRE,2025,4,13.07107219
185000,31/10/2025,WF1 2HX,T,,,WAKEFIELD,WAKEFIELD,WEST YORKSHIRE,2025,10,12.12811651
260000,07/11/2025,HU12 0PR,T,,,HULL,EAST RIDING OF YORKSHIRE,EAST RIDING OF YORKSHIRE,2025,11,12.46844076
267500,07/11/2025,YO42 2UL,S,,,YORK,EAST RIDING OF YORKSHIRE,EAST RIDING OF YORKSHIRE,2025,11,12.49687858
280000,25/09/2025,HU15 1ZZ,D,,,BROUGH,EAST RIDING OF YORKSHIRE,EAST RIDING OF YORKSHIRE,2025,9,12.54254845
130000,14/08/2025,DN14 5GD,O,,,GOOLE,EAST RIDING OF YORKSHIRE,EAST RIDING OF YORKSHIRE,2025,8,11.77529742
130000,05/02/2025,HU17 0EJ,T,,,BEVERLEY,EAST RIDING OF YORKSHIRE,EAST RIDING OF YORKSHIRE,2025,2,11.77529742
335000,13/03/2025,HU14 3FW,D,,,NORTH FERRIBY,EAST RIDING OF YORKSHIRE,EAST RIDING OF YORKSHIRE,2025,3,12.7218888
80000,16/04/2025,YO15 2ER,F,,,BRIDLINGTON,EAST RIDING OF YORKSHIRE,EAST RIDING OF YORKSHIRE,2025,4,11.28979441
147995,01/07/2025,HU19 2FD,S,,,WITHERNSEA,EAST RIDING OF YORKSHIRE,EAST RIDING OF YORKSHIRE,2025,7,11.90494053
142995,01/07/2025,HU19 2BW,S,,,WITHERNSEA,EAST RIDING OF YORKSHIRE,EAST RIDING OF YORKSHIRE,2025,7,11.87057194
142995,01/07/2025,HU19 2BW,S,,,WITHERNSEA,EAST RIDING OF YORKSHIRE,EAST RIDING OF YORKSHIRE,2025,7,11.87057194
147995,01/07/2025,HU19 2FD,S,,,WITHERNSEA,EAST RIDING OF YORKSHIRE,EAST RIDING OF YORKSHIRE,2025,7,11.90494053
147995,01/07/2025,HU19 2FD,S,,,WITHERNSEA,EAST RIDING OF YORKSHIRE,EAST RIDING OF YORKSHIRE,2025,7,11.90494053
147995,01/07/2025,HU19 2FD,S,,,WITHERNSEA,EAST RIDING OF YORKSHIRE,EAST RIDING OF YORKSHIRE,2025,7,11.90494053
147995,01/07/2025,HU19 2FD,S,,,WITHERNSEA,EAST RIDING OF YORKSHIRE,EAST RIDING OF YORKSHIRE,2025,7,11.90494053
98637,25/06/2025,HU17 0YQ,T,,,BEVERLEY,EAST RIDING OF YORKSHIRE,EAST RIDING OF YORKSHIRE,2025,6,11.49921186
98637,25/06/2025,HU17 0YQ,T,,,BEVERLEY,EAST RIDING OF YORKSHIRE,EAST RIDING OF YORKSHIRE,2025,6,11.49921186
98637,25/06/2025,HU17 0YQ,T,,,BEVERLEY,EAST RIDING OF YORKSHIRE,EAST RIDING OF YORKSHIRE,2025,6,11.49921186
98637,25/06/2025,HU17 0YQ,T,,,BEVERLEY,EAST RIDING OF YORKSHIRE,EAST RIDING OF YORKSHIRE,2025,6,11.49921186
156000,08/09/2025,YO15 3DR,D,,,BRIDLINGTON,EAST RIDING OF YORKSHIRE,EAST RIDING OF YORKSHIRE,2025,9,11.9576177
63000,11/11/2025,DN14 5JQ,T,,,GOOLE,EAST RIDING OF YORKSHIRE,EAST RIDING OF YORKSHIRE,2025,11,11.05090588
230000,16/04/2025,YO15 2ER,O,,,BRIDLINGTON,EAST RIDING OF YORKSHIRE,EAST RIDING OF YORKSHIRE,2025,4,12.34583894
1700000,17/10/2025,E15 1DG,O,,,LONDON,NEWHAM,GREATER LONDON,2025,10,14.3461394
480000,29/10/2025,E17 4LJ,T,,,LONDON,WALTHAM FOREST,GREATER LONDON,2025,10,13.08154347
265000,07/04/2025,E3 3NE,F,,,LONDON,TOWER HAMLETS,GREATER LONDON,2025,4,12.48748888
1109250,14/01/2025,E12 6AF,T,,,LONDON,NEWHAM,GREATER LONDON,2025,1,13.91919557
430000,31/10/2025,E6 2NR,T,,,LONDON,NEWHAM,GREATER LONDON,2025,10,12.97154281
505000,22/10/2025,RM13 8AH,D,,,RAINHAM,HAVERING,GREATER LONDON,2025,10,13.13231569
325000,24/10/2025,RM6 6BH,T,,,ROMFORD,BARKING AND DAGENHAM,GREATER LONDON,2025,10,12.69158354
430000,24/10/2025,RM6 4UG,S,,,ROMFORD,REDBRIDGE,GREATER LONDON,2025,10,12.97154281
875000,07/11/2025,RM11 3AR,D,,,HORNCHURCH,HAVERING,GREATER LONDON,2025,11,13.68198031
240000,24/06/2025,E17 4LW,O,,,LONDON,WALTHAM FOREST,GREATER LONDON,2025,6,12.38839837
276000,29/04/2025,E3 4EA,F,,,LONDON,TOWER HAMLETS,GREATER LONDON,2025,4,12.52815977
1550000,14/01/2025,E11 4HL,S,,,LONDON,WALTHAM FOREST,GREATER LONDON,2025,1,14.25376613
550000,04/11/2025,RM1 1DT,S,,,ROMFORD,HAVERING,GREATER LONDON,2025,11,13.21767538
320000,30/10/2025,N16 5PF,F,,,LONDON,HACKNEY,GREATER LONDON,2025,10,12.6760794
237000,16/07/2025,E1 0HR,F,,,LONDON,TOWER HAMLETS,GREATER LONDON,2025,7,12.37581964
286000,28/10/2025,RM6 6UR,T,,,ROMFORD,BARKING AND DAGENHAM,GREATER LONDON,2025,10,12.56375059
425000,07/08/2025,,O,,,LONDON,REDBRIDGE,GREATER LONDON,2025,8,12.9598468
1060000,25/09/2025,N1 1QB,F,,,LONDON,ISLINGTON,GREATER LONDON,2025,9,13.87378041
1060000,25/09/2025,N1 1QB,O,,,LONDON,ISLINGTON,GREATER LONDON,2025,9,13.87378041
652000,28/03/2025,E18 2EG,O,,,LONDON,REDBRIDGE,GREATER LONDON,2025,3,13.38780137
215000,15/10/2025,IG2 7ED,F,,,ILFORD,REDBRIDGE,GREATER LONDON,2025,10,12.27839796
215000,30/09/2025,IG2 7ED,F,,,ILFORD,REDBRIDGE,GREATER LONDON,2025,9,12.27839796
340000,21/05/2025,E10 7JS,F,,,LONDON,WALTHAM FOREST,GREATER LONDON,2025,5,12.73670384
250000,07/11/2025,E14 9HP,F,,,LONDON,TOWER HAMLETS,GREATER LONDON,2025,11,12.4292202
310000,31/10/2025,E17 6RA,F,,,LONDON,WALTHAM FOREST,GREATER LONDON,2025,10,12.6443308
410000,09/07/2025,RM11 2LU,F,,,HORNCHURCH,HAVERING,GREATER LONDON,2025,7,12.92391488
380500,09/09/2025,E12 6JR,T,,,LONDON,NEWHAM,GREATER LONDON,2025,9,12.84924408
770000,29/10/2025,IG1 3JP,T,,,ILFORD,REDBRIDGE,GREATER LONDON,2025,10,13.55414709
610000,28/07/2025,RM11 3NJ,D,,,HORNCHURCH,HAVERING,GREATER LONDON,2025,7,13.32121588
660000,22/09/2025,IG3 9QW,T,,,ILFORD,REDBRIDGE,GREATER LONDON,2025,9,13.39999663
600000,02/10/2025,IG2 6QU,T,,,ILFORD,REDBRIDGE,GREATER LONDON,2025,10,13.3046866
640000,20/01/2025,E18 1QH,O,,,LONDON,REDBRIDGE,GREATER LONDON,2025,1,13.36922502
540000,04/06/2025,E17 4NT,T,,,LONDON,WALTHAM FOREST,GREATER LONDON,2025,6,13.19932627
95000,12/09/2025,PL11 2DG,T,,,TORPOINT,CORNWALL,CORNWALL,2025,9,11.4616427
2430000,05/09/2025,PL27 6LB,D,,,WADEBRIDGE,CORNWALL,CORNWALL,2025,9,14.70340223
620000,03/09/2025,TR1 3QQ,D,,,TRURO,CORNWALL,CORNWALL,2025,9,13.33747637
235000,17/12/2025,TR15 2NL,T,,,REDRUTH,CORNWALL,CORNWALL,2025,12,12.36734505
265000,25/04/2025,CM15 9SE,F,,,BRENTWOOD,BRENTWOOD,ESSEX,2025,4,12.48748888
655000,27/03/2025,CM24 8JP,S,,,STANSTED,UTTLESFORD,ESSEX,2025,3,13.39239204
605000,15/04/2025,CM9 4RQ,D,,,MALDON,MALDON,ESSEX,2025,4,13.31298539
380000,30/04/2025,RM17 6AJ,T,,,GRAYS,THURROCK,THURROCK,2025,4,12.84792916
378494,21/03/2025,CM6 4FB,S,,,DUNMOW,UTTLESFORD,ESSEX,2025,3,12.84395814
355000,22/04/2025,CO7 8TQ,D,,,COLCHESTER,TENDRING,ESSEX,2025,4,12.77987589
450000,25/04/2025,CM1 6HA,S,,,CHELMSFORD,CHELMSFORD,ESSEX,2025,4,13.01700508
380000,25/04/2025,SS6 8NB,S,,,RAYLEIGH,ROCHFORD,ESSEX,2025,4,12.84792916
175000,31/03/2025,CM0 8JQ,S,,,BURNHAM-ON-CROUCH,MALDON,ESSEX,2025,3,12.07254697
270000,19/04/2025,CM9 4BH,T,,,MALDON,MALDON,ESSEX,2025,4,12.50618094
452995,28/03/2025,CM1 6HA,S,,,CHELMSFORD,CHELMSFORD,ESSEX,2025,3,13.02363857
415000,10/04/2025,SS4 1YR,S,,,ROCHFORD,ROCHFORD,ESSEX,2025,4,12.93603621
525000,17/04/2025,SS4 1ZA,D,,,ROCHFORD,ROCHFORD,ESSEX,2025,4,13.17115545
400000,23/04/2025,SS4 1ZA,S,,,ROCHFORD,ROCHFORD,ESSEX,2025,4,12.89922233
452995,28/03/2025,CM6 4FB,D,,,DUNMOW,UTTLESFORD,ESSEX,2025,3,13.02363857
456000,30/04/2025,CO2 9RW,D,,,COLCHESTER,COLCHESTER,ESSEX,2025,4,13.03025028
305000,25/04/2025,SS2 4LJ,S,,,SOUTHEND-ON-SEA,SOUTHEND-ON-SEA,SOUTHEND-ON-SEA,2025,4,12.62807033
306995,17/04/2025,CO7 7WA,T,,,COLCHESTER,TENDRING,ESSEX,2025,4,12.63459
350000,28/03/2025,CO11 2HR,S,,,MANNINGTREE,TENDRING,ESSEX,2025,3,12.76569129
325000,09/05/2025,CO16 9SS,D,,,CLACTON-ON-SEA,TENDRING,ESSEX,2025,5,12.69158354
304995,30/04/2025,CO7 7WB,S,,,COLCHESTER,TENDRING,ESSEX,2025,4,12.62805394
505000,31/03/2025,CO4 5TR,D,,,COLCHESTER,COLCHESTER,ESSEX,2025,3,13.13231569
217000,31/03/2025,CO12 3LF,T,,,HARWICH,TENDRING,ESSEX,2025,3,12.28765724
375000,08/07/2025,SS0 7HF,F,,,WESTCLIFF-ON-SEA,SOUTHEND-ON-SEA,SOUTHEND-ON-SEA,2025,7,12.83468397
600000,28/03/2025,SS5 4RW,D,,,HOCKLEY,ROCHFORD,ESSEX,2025,3,13.3046866
350000,28/03/2025,SS17 9AJ,D,,,STANFORD-LE-HOPE,THURROCK,THURROCK,2025,3,12.76569129
525000,31/03/2025,CO5 0GA,D,,,COLCHESTER,COLCHESTER,ESSEX,2025,3,13.17115545
365000,30/04/2025,CO5 0GA,S,,,COLCHESTER,COLCHESTER,ESSEX,2025,4,12.80765537
574950,29/04/2025,CO5 9RX,D,,,COLCHESTER,BRAINTREE,ESSEX,2025,4,13.2620401
1270000,02/05/2025,CM6 3YR,D,,,DUNMOW,UTTLESFORD,ESSEX,2025,5,14.05452825
294348,06/05/2025,CM2 0RR,T,,,CHELMSFORD,CHELMSFORD,ESSEX,2025,5,12.59252142
499950,09/05/2025,CO7 8NQ,D,,,COLCHESTER,TENDRING,ESSEX,2025,5,13.12226537
280000,26/03/2025,CO16 9SH,S,,,CLACTON-ON-SEA,TENDRING,ESSEX,2025,3,12.54254845
400000,13/05/2025,CM1 1BD,F,,,CHELMSFORD,CHELMSFORD,ESSEX,2025,5,12.89922233
350000,08/05/2025,CM1 1BD,F,,,CHELMSFORD,CHELMSFORD,ESSEX,2025,5,12.76569129
215000,31/01/2025,E3 2PQ,F,,,LONDON,TOWER HAMLETS,GREATER LONDON,2025,1,12.27839796
349000,22/12/2025,E17 7LB,F,,,LONDON,WALTHAM FOREST,GREATER LONDON,2025,12,12.76283007
540000,16/12/2025,NW4 3PG,S,,,LONDON,BARNET,GREATER LONDON,2025,12,13.19932627
460000,15/12/2025,E2 8FZ,F,,,LONDON,HACKNEY,GREATER LONDON,2025,12,13.03898394
265000,19/12/2025,E14 9BF,F,,,LONDON,TOWER HAMLETS,GREATER LONDON,2025,12,12.48748888
440000,13/03/2025,E10 7LT,F,,,LONDON,WALTHAM FOREST,GREATER LONDON,2025,3,12.99453228
720000,12/12/2025,N1 7FQ,F,,,LONDON,HACKNEY,GREATER LONDON,2025,12,13.48700788
425000,29/08/2025,W7 2PN,F,,,LONDON,EALING,GREATER LONDON,2025,8,12.9598468
400000,20/08/2025,E1 3BD,F,,,LONDON,TOWER HAMLETS,GREATER LONDON,2025,8,12.89922233
450000,14/02/2025,UB7 9GA,T,,,WEST DRAYTON,HILLINGDON,GREATER LONDON,2025,2,13.01700508
320000,19/12/2025,HA0 4RG,S,,,WEMBLEY,BRENT,GREATER LONDON,2025,12,12.6760794
407000,31/03/2025,E14 7PD,F,,,LONDON,TOWER HAMLETS,GREATER LONDON,2025,3,12.91657092
385000,03/12/2025,TW8 0FA,F,,,BRENTFORD,HOUNSLOW,GREATER LONDON,2025,12,12.86100121
450000,17/12/2025,NW9 7BX,F,,,LONDON,BARNET,GREATER LONDON,2025,12,13.01700508
385000,22/08/2025,N4 3QP,F,,,LONDON,ISLINGTON,GREATER LONDON,2025,8,12.86100121
475000,12/12/2025,N19 5NE,F,,,LONDON,ISLINGTON,GREATER LONDON,2025,12,13.07107219
337500,13/03/2025,TW8 0NN,F,,,BRENTFORD,HOUNSLOW,GREATER LONDON,2025,3,12.72932375
656000,12/12/2025,E14 9BF,F,,,LONDON,TOWER HAMLETS,GREATER LONDON,2025,12,13.39391759
350000,12/12/2025,N3 3SJ,F,,,LONDON,BARNET,GREATER LONDON,2025,12,12.76569129
1110000,22/08/2025,W4 2HJ,T,,,LONDON,HOUNSLOW,GREATER LONDON,2025,8,13.91987147
1490000,29/08/2025,NW6 6RG,F,,,LONDON,BRENT,GREATER LONDON,2025,8,14.21428735
290000,12/12/2025,TW8 8FL,F,,,BRENTFORD,HOUNSLOW,GREATER LONDON,2025,12,12.57763965
350000,11/07/2025,W3 7PB,S,,,LONDON,EALING,GREATER LONDON,2025,7,12.76569129
735000,08/09/2025,UB10 8PJ,S,,,UXBRIDGE,HILLINGDON,GREATER LONDON,2025,9,13.50762714
435000,12/12/2025,NW10 9QL,F,,,LONDON,BRENT,GREATER LONDON,2025,12,12.98310361
200000,19/12/2025,TW3 1AS,F,,,HOUNSLOW,HOUNSLOW,GREATER LONDON,2025,12,12.20607765
420000,20/08/2025,HA8 8GA,F,,,EDGWARE,BARNET,GREATER LONDON,2025,8,12.94801237
368000,22/07/2025,EN1 1BB,F,,,ENFIELD,ENFIELD,GREATER LONDON,2025,7,12.81584093
362000,07/11/2025,E14 7PT,F,,,LONDON,TOWER HAMLETS,GREATER LONDON,2025,11,12.79940225
493250,17/12/2025,N4 2SR,F,,,LONDON,HACKNEY,GREATER LONDON,2025,12,13.10877345
295000,09/12/2025,N13 6BQ,F,,,LONDON,ENFIELD,GREATER LONDON,2025,12,12.59473403
425000,12/11/2025,E14 0LB,F,,,LONDON,TOWER HAMLETS,GREATER LONDON,2025,11,12.9598468
815000,31/03/2025,TW8 8GN,F,,,BRENTFORD,HOUNSLOW,GREATER LONDON,2025,3,13.61094462
755000,25/03/2025,NW2 8AA,F,,,LONDON,BARNET,GREATER LONDON,2025,3,13.53447435
298000,31/03/2025,HA1 1GZ,F,,,HARROW,HARROW,GREATER LONDON,2025,3,12.60485212
710150,27/03/2025,NW6 5HB,F,,,LONDON,BRENT,GREATER LONDON,2025,3,13.4732329
515000,10/03/2025,NW2 8AD,F,,,LONDON,BARNET,GREATER LONDON,2025,3,13.15192412
200000,29/10/2025,HA8 5NL,F,,,EDGWARE,BRENT,GREATER LONDON,2025,10,12.20607765
560000,14/01/2025,NW2 8AD,F,,,LONDON,BARNET,GREATER LONDON,2025,1,13.23569385
430000,18/03/2025,W3 8AA,F,,,LONDON,EALING,GREATER LONDON,2025,3,12.97154281
415000,24/01/2025,NW6 5HD,F,,,LONDON,BRENT,GREATER LONDON,2025,1,12.93603621
930000,20/03/2025,E11 3AX,T,,,LONDON,WALTHAM FOREST,GREATER LONDON,2025,3,13.74294094
352000,28/03/2025,E17 3SE,F,,,LONDON,WALTHAM FOREST,GREATER LONDON,2025,3,12.7713893
730000,28/03/2025,N1 5LH,F,,,LONDON,HACKNEY,GREATER LONDON,2025,3,13.50080118
398000,31/03/2025,NW2 8AE,F,,,LONDON,BARNET,GREATER LONDON,2025,3,12.8942098
398000,24/03/2025,N1 5LH,F,,,LONDON,HACKNEY,GREATER LONDON,2025,3,12.8942098
360000,12/03/2025,E8 3QJ,F,,,LONDON,HACKNEY,GREATER LONDON,2025,3,12.79386209
595000,03/02/2025,NW2 8AB,F,,,LONDON,BARNET,GREATER LONDON,2025,2,13.29631837
450000,12/03/2025,NW2 8AB,F,,,LONDON,BARNET,GREATER LONDON,2025,3,13.01700508
584250,31/03/2025,NW2 8AD,F,,,LONDON,BARNET,GREATER LONDON,2025,3,13.27808596
741000,31/01/2025,NW6 5HB,F,,,LONDON,BRENT,GREATER LONDON,2025,1,13.51575725
630000,28/03/2025,NW6 7LL,F,,,LONDON,BRENT,GREATER LONDON,2025,3,13.35347669
470400,12/03/2025,NW2 8AA,F,,,LONDON,BARNET,GREATER LONDON,2025,3,13.0613408
760000,26/03/2025,N1 5LH,F,,,LONDON,HACKNEY,GREATER LONDON,2025,3,13.54107503
340000,31/03/2025,NW4 2AR,F,,,LONDON,BARNET,GREATER LONDON,2025,3,12.73670384
365000,28/03/2025,W3 6TU,F,,,LONDON,EALING,GREATER LONDON,2025,3,12.80765537
500000,21/03/2025,E10 7JE,F,,,LONDON,WALTHAM FOREST,GREATER LONDON,2025,3,13.12236538
410000,19/03/2025,N1 5LH,F,,,LONDON,HACKNEY,GREATER LONDON,2025,3,12.92391488
435000,20/03/2025,NW6 5HD,F,,,LONDON,BRENT,GREATER LONDON,2025,3,12.98310361
305000,01/04/2025,UB3 2QA,F,,,HAYES,HILLINGDON,GREATER LONDON,2025,4,12.62807033
432000,12/03/2025,NW2 8AA,F,,,LONDON,BARNET,GREATER LONDON,2025,3,12.97618318
155000,18/08/2025,BN21 3JE,F,,,EASTBOURNE,EASTBOURNE,EAST SUSSEX,2025,8,11.95118685
400000,04/09/2025,BN1 4LA,T,,,BRIGHTON,BRIGHTON AND HOVE,BRIGHTON AND HOVE,2025,9,12.89922233
190000,28/03/2025,BN21 1LR,F,,,EASTBOURNE,EASTBOURNE,EAST SUSSEX,2025,3,12.15478461
319000,12/02/2025,BN3 3GA,O,,,HOVE,BRIGHTON AND HOVE,BRIGHTON AND HOVE,2025,2,12.67294952
190000,17/03/2025,TN38 0HZ,O,,,ST LEONARDS-ON-SEA,HASTINGS,EAST SUSSEX,2025,3,12.15478461
1248000,15/01/2025,BN2 1QF,T,,,BRIGHTON,BRIGHTON AND HOVE,BRIGHTON AND HOVE,2025,1,14.03705363
150000,30/01/2025,BN1 4JJ,F,,,BRIGHTON,BRIGHTON AND HOVE,BRIGHTON AND HOVE,2025,1,11.91839724
443000,10/09/2025,BN2 0JJ,T,,,BRIGHTON,BRIGHTON AND HOVE,BRIGHTON AND HOVE,2025,9,13.00132731
50000,14/08/2025,BN1 6DJ,O,,,BRIGHTON,BRIGHTON AND HOVE,BRIGHTON AND HOVE,2025,8,10.81979828
400000,08/08/2025,RH19 3PG,D,,,EAST GRINSTEAD,WEALDEN,EAST SUSSEX,2025,8,12.89922233
240000,14/08/2025,BN3 3EL,F,,,HOVE,BRIGHTON AND HOVE,BRIGHTON AND HOVE,2025,8,12.38839837
88000,27/08/2025,BN25 1JR,F,,,SEAFORD,LEWES,EAST SUSSEX,2025,8,11.38510346
305000,07/02/2025,BN21 4LG,F,,,EASTBOURNE,EASTBOURNE,EAST SUSSEX,2025,2,12.62807033
242000,12/09/2025,BN10 8FP,F,,,PEACEHAVEN,LEWES,EAST SUSSEX,2025,9,12.39669714
200000,03/02/2025,TN38 8DE,T,,,ST LEONARDS-ON-SEA,HASTINGS,EAST SUSSEX,2025,2,12.20607765
127500,28/02/2025,TN5 6FH,O,,,WADHURST,WEALDEN,EAST SUSSEX,2025,2,11.75587949
950000,28/02/2025,TN6 2QN,O,,,CROWBOROUGH,WEALDEN,EAST SUSSEX,2025,2,13.76421832
175000,20/02/2025,BN1 6FL,O,,,BRIGHTON,BRIGHTON AND HOVE,BRIGHTON AND HOVE,2025,2,12.07254697
422407,17/03/2025,BN22 0EG,O,,,EASTBOURNE,WEALDEN,EAST SUSSEX,2025,3,12.95372695
250000,24/02/2025,BN3 1RR,F,,,HOVE,BRIGHTON AND HOVE,BRIGHTON AND HOVE,2025,2,12.4292202
105000,12/05/2025,TN38 0UU,F,,,ST LEONARDS-ON-SEA,HASTINGS,EAST SUSSEX,2025,5,11.56172515
445000,16/06/2025,TN19 7AX,O,,,ETCHINGHAM,ROTHER,EAST SUSSEX,2025,6,13.00583181
495000,25/06/2025,BN10 7PN,O,,,PEACEHAVEN,LEWES,EAST SUSSEX,2025,6,13.11231506
130000,23/06/2025,TN37 6HE,F,,,ST LEONARDS-ON-SEA,HASTINGS,EAST SUSSEX,2025,6,11.77529742
86000,07/07/2025,TN37 6JE,F,,,ST LEONARDS-ON-SEA,HASTINGS,EAST SUSSEX,2025,7,11.3621142
875000,24/07/2025,TN19 7HX,O,,,ETCHINGHAM,ROTHER,EAST SUSSEX,2025,7,13.68198031
427200,04/08/2025,BN2 3QF,T,,,BRIGHTON,BRIGHTON AND HOVE,BRIGHTON AND HOVE,2025,8,12.96500991
337500,05/09/2025,BN25 2TU,D,,,SEAFORD,LEWES,EAST SUSSEX,2025,9,12.72932375
120000,26/08/2025,TN39 3JE,T,,,BEXHILL-ON-SEA,ROTHER,EAST SUSSEX,2025,8,11.69525536
735000,20/03/2025,TN31 6TJ,O,,,RYE,ROTHER,EAST SUSSEX,2025,3,13.50762714
148000,21/08/2025,BN3 5PG,F,,,HOVE,BRIGHTON AND HOVE,BRIGHTON AND HOVE,2025,8,11.90497431
975000,20/03/2025,TN5 7PS,O,,,WADHURST,ROTHER,EAST SUSSEX,2025,3,13.79019378
170000,20/08/2025,GL51 7LG,F,,,CHELTENHAM,CHELTENHAM,GLOUCESTERSHIRE,2025,8,12.0435596
156000,30/05/2025,GL52 5FP,O,,,CHELTENHAM,CHELTENHAM,GLOUCESTERSHIRE,2025,5,11.9576177
690000,23/09/2025,GL54 1AA,T,,,CHELTENHAM,COTSWOLD,GLOUCESTERSHIRE,2025,9,13.44444833
30000,13/01/2025,,O,,,TETBURY,COTSWOLD,GLOUCESTERSHIRE,2025,1,10.30898599
287500,19/03/2025,GL5 3JY,O,,,STROUD,STROUD,GLOUCESTERSHIRE,2025,3,12.56898162
250000,01/08/2025,GL2 2GN,S,,,GLOUCESTER,GLOUCESTER,GLOUCESTERSHIRE,2025,8,12.4292202
1145000,18/08/2025,GL19 3JX,O,,,GLOUCESTER,FOREST OF DEAN,GLOUCESTERSHIRE,2025,8,13.95091607
201000,29/08/2025,GL7 1FU,F,,,CIRENCESTER,COTSWOLD,GLOUCESTERSHIRE,2025,8,12.21106516
320000,24/04/2025,GL51 9LF,D,,,CHELTENHAM,CHELTENHAM,GLOUCESTERSHIRE,2025,4,12.6760794
244000,31/03/2025,BS37 6FG,O,,,BRISTOL,SOUTH GLOUCESTERSHIRE,SOUTH GLOUCESTERSHIRE,2025,3,12.4049276
265000,05/09/2025,BS34 5RD,T,,,BRISTOL,SOUTH GLOUCESTERSHIRE,SOUTH GLOUCESTERSHIRE,2025,9,12.48748888
140000,27/08/2025,GL4 0LZ,F,,,GLOUCESTER,GLOUCESTER,GLOUCESTERSHIRE,2025,8,11.84940484
526500,07/08/2025,GL54 2EE,D,,,CHELTENHAM,COTSWOLD,GLOUCESTERSHIRE,2025,8,13.17400851
340000,20/02/2025,BS15 4RF,S,,,BRISTOL,SOUTH GLOUCESTERSHIRE,SOUTH GLOUCESTERSHIRE,2025,2,12.73670384
130000,21/07/2025,GL2 4PP,F,,,GLOUCESTER,GLOUCESTER,GLOUCESTERSHIRE,2025,7,11.77529742
460000,29/08/2025,GL2 8DW,O,,,GLOUCESTER,TEWKESBURY,GLOUCESTERSHIRE,2025,8,13.03898394
385000,08/08/2025,GL17 9JJ,O,,,DRYBROOK,FOREST OF DEAN,GLOUCESTERSHIRE,2025,8,12.86100121
339000,28/03/2025,GL6 6EU,O,,,STROUD,STROUD,GLOUCESTERSHIRE,2025,3,12.73375834
340000,15/08/2025,GL56 0EB,T,,,MORETON-IN-MARSH,COTSWOLD,GLOUCESTERSHIRE,2025,8,12.73670384
190000,07/02/2025,GL56 0EJ,O,,,MORETON-IN-MARSH,COTSWOLD,GLOUCESTERSHIRE,2025,2,12.15478461
262000,27/08/2025,BS34 5SY,F,,,BRISTOL,SOUTH GLOUCESTERSHIRE,SOUTH GLOUCESTERSHIRE,2025,8,12.4761036
175000,05/09/2025,GL52 6SB,T,,,CHELTENHAM,CHELTENHAM,GLOUCESTERSHIRE,2025,9,12.07254697
225500,22/01/2025,BS34 7LA,T,,,BRISTOL,SOUTH GLOUCESTERSHIRE,SOUTH GLOUCESTERSHIRE,2025,1,12.32607987
585000,07/08/2025,GL52 6JB,O,,,CHELTENHAM,CHELTENHAM,GLOUCESTERSHIRE,2025,8,13.27936884
360000,27/06/2025,GL2 4DX,S,,,GLOUCESTER,STROUD,GLOUCESTERSHIRE,2025,6,12.79386209
289950,14/08/2025,GL54 5HU,T,,,CHELTENHAM,TEWKESBURY,GLOUCESTERSHIRE,2025,8,12.57746722
590000,08/09/2025,GL7 5FG,D,,,CIRENCESTER,COTSWOLD,GLOUCESTERSHIRE,2025,9,13.28787951
225000,12/06/2025,GL7 2AA,O,,,CIRENCESTER,COTSWOLD,GLOUCESTERSHIRE,2025,6,12.32386013
26700000,24/01/2025,BS35 4GH,O,,,BRISTOL,SOUTH GLOUCESTERSHIRE,SOUTH GLOUCESTERSHIRE,2025,1,17.10017416
245000,01/09/2025,GL4 0JB,S,,,GLOUCESTER,GLOUCESTER,GLOUCESTERSHIRE,2025,9,12.40901757
474500,28/02/2025,BS34 4AH,T,,,BRISTOL,SOUTH GLOUCESTERSHIRE,SOUTH GLOUCESTERSHIRE,2025,2,13.070019
65000,06/02/2025,DN15 7LD,T,,,SCUNTHORPE,NORTH LINCOLNSHIRE,NORTH LINCOLNSHIRE,2025,2,11.08215793
700000,22/05/2025,,O,,,YORK,EAST RIDING OF YORKSHIRE,EAST RIDING OF YORKSHIRE,2025,5,13.45883704
80000,14/03/2025,DN40 3PZ,O,,,IMMINGHAM,NORTH LINCOLNSHIRE,NORTH LINCOLNSHIRE,2025,3,11.28979441
66000,14/07/2025,DN32 9QH,T,,,GRIMSBY,NORTH EAST LINCOLNSHIRE,NORTH EAST LINCOLNSHIRE,2025,7,11.09742517
125000,11/09/2025,DN31 2BX,T,,,GRIMSBY,NORTH EAST LINCOLNSHIRE,NORTH EAST LINCOLNSHIRE,2025,9,11.73607702
185000,12/09/2025,HU4 6BE,T,,,HULL,CITY OF KINGSTON UPON HULL,CITY OF KINGSTON UPON HULL,2025,9,12.12811651
77000,26/08/2025,DN35 7RF,T,,,CLEETHORPES,NORTH EAST LINCOLNSHIRE,NORTH EAST LINCOLNSHIRE,2025,8,11.25157369
74000,10/02/2025,HU8 9PX,T,,,HULL,CITY OF KINGSTON UPON HULL,CITY OF KINGSTON UPON HULL,2025,2,11.21183389
200000,04/09/2025,HU7 3LP,D,,,HULL,CITY OF KINGSTON UPON HULL,CITY OF KINGSTON UPON HULL,2025,9,12.20607765
100000,08/08/2025,HU9 3DZ,T,,,HULL,CITY OF KINGSTON UPON HULL,CITY OF KINGSTON UPON HULL,2025,8,11.51293546
1750000,31/03/2025,DN37 0AU,O,,,GRIMSBY,NORTH EAST LINCOLNSHIRE,NORTH EAST LINCOLNSHIRE,2025,3,14.37512692
465000,17/09/2025,HU3 6NS,O,,,HULL,CITY OF KINGSTON UPON HULL,CITY OF KINGSTON UPON HULL,2025,9,13.04979484
126000,28/08/2025,DN33 1BF,T,,,GRIMSBY,NORTH EAST LINCOLNSHIRE,NORTH EAST LINCOLNSHIRE,2025,8,11.74404512
155000,28/03/2025,DN17 3PB,O,,,SCUNTHORPE,NORTH LINCOLNSHIRE,NORTH LINCOLNSHIRE,2025,3,11.95118685
60000,14/03/2025,HU5 2UP,T,,,HULL,CITY OF KINGSTON UPON HULL,CITY OF KINGSTON UPON HULL,2025,3,11.00211651
195000,29/08/2025,HU7 3NT,T,,,HULL,CITY OF KINGSTON UPON HULL,CITY OF KINGSTON UPON HULL,2025,8,12.18075997
180000,15/08/2025,HU7 3NY,S,,,HULL,CITY OF KINGSTON UPON HULL,CITY OF KINGSTON UPON HULL,2025,8,12.10071769
79837,13/03/2025,DN15 6JL,F,,,SCUNTHORPE,NORTH LINCOLNSHIRE,NORTH LINCOLNSHIRE,2025,3,11.28775486
200000,20/01/2025,DN35 0DP,D,,,CLEETHORPES,NORTH EAST LINCOLNSHIRE,NORTH EAST LINCOLNSHIRE,2025,1,12.20607765
110000,29/01/2025,DN15 6QE,S,,,SCUNTHORPE,NORTH LINCOLNSHIRE,NORTH LINCOLNSHIRE,2025,1,11.60824474
412269,03/02/2025,DN36 4RN,O,,,GRIMSBY,NORTH EAST LINCOLNSHIRE,NORTH EAST LINCOLNSHIRE,2025,2,12.92943375
110093,12/02/2025,DN36 4RN,O,,,GRIMSBY,NORTH EAST LINCOLNSHIRE,NORTH EAST LINCOLNSHIRE,2025,2,11.60908983
175843,20/03/2025,HU8 0AR,T,,,HULL,CITY OF KINGSTON UPON HULL,CITY OF KINGSTON UPON HULL,2025,3,12.07735252
256496,06/03/2025,DN33 3FS,D,,,GRIMSBY,NORTH EAST LINCOLNSHIRE,NORTH EAST LINCOLNSHIRE,2025,3,12.45487225
179950,26/06/2025,DN20 8FT,S,,,BRIGG,NORTH LINCOLNSHIRE,NORTH LINCOLNSHIRE,2025,6,12.10043987
69000,07/08/2025,HU5 2SB,T,,,HULL,CITY OF KINGSTON UPON HULL,CITY OF KINGSTON UPON HULL,2025,8,11.14187628
75000,11/09/2025,DN32 8AZ,T,,,GRIMSBY,NORTH EAST LINCOLNSHIRE,NORTH EAST LINCOLNSHIRE,2025,9,11.22525673
33000,04/07/2025,DN31 2HG,T,,,GRIMSBY,NORTH EAST LINCOLNSHIRE,NORTH EAST LINCOLNSHIRE,2025,7,10.40429314
45000,23/09/2025,DN32 9BP,T,,,GRIMSBY,NORTH EAST LINCOLNSHIRE,NORTH EAST LINCOLNSHIRE,2025,9,10.71443999
130000,07/11/2025,M20 2JN,F,,,MANCHESTER,MANCHESTER,GREATER MANCHESTER,2025,11,11.77529742
120000,03/10/2025,M26 4FH,T,,,MANCHESTER,BURY,GREATER MANCHESTER,2025,10,11.69525536
260000,25/11/2025,SK3 9RD,S,,,STOCKPORT,STOCKPORT,GREATER MANCHESTER,2025,11,12.46844076
226000,17/11/2025,M23 9FP,F,,,MANCHESTER,MANCHESTER,GREATER MANCHESTER,2025,11,12.3282947
69000,13/03/2025,WN2 3LN,T,,,WIGAN,WIGAN,GREATER MANCHESTER,2025,3,11.14187628
112500,17/03/2025,SK16 4UB,S,,,DUKINFIELD,TAMESIDE,GREATER MANCHESTER,2025,3,11.63071739
65000,09/10/2025,M6 6RR,F,,,SALFORD,SALFORD,GREATER MANCHESTER,2025,10,11.08215793
190000,27/03/2025,M22 9GF,T,,,MANCHESTER,MANCHESTER,GREATER MANCHESTER,2025,3,12.15478461
145000,31/10/2025,SK16 4UA,T,,,DUKINFIELD,TAMESIDE,GREATER MANCHESTER,2025,10,11.88449592
110000,13/01/2025,OL10 1LJ,O,,,HEYWOOD,ROCHDALE,GREATER MANCHESTER,2025,1,11.60824474
680000,24/10/2025,M8 8AN,O,,,MANCHESTER,MANCHESTER,GREATER MANCHESTER,2025,10,13.42984955
157700,27/10/2025,M46 9NT,S,,,MANCHESTER,WIGAN,GREATER MANCHESTER,2025,10,11.96845611
1255,29/05/2025,M28 1DP,O,,,MANCHESTER,WIGAN,GREATER MANCHESTER,2025,5,7.135687347
360000,06/01/2025,BL9 0NE,O,,,BURY,BURY,GREATER MANCHESTER,2025,1,12.79386209
190000,11/11/2025,M27 0LJ,S,,,MANCHESTER,SALFORD,GREATER MANCHESTER,2025,11,12.15478461
150000,03/10/2025,M6 7JR,S,,,SALFORD,SALFORD,GREATER MANCHESTER,2025,10,11.91839724
100000,10/10/2025,M16 8ES,F,,,MANCHESTER,MANCHESTER,GREATER MANCHESTER,2025,10,11.51293546
100000,24/10/2025,BL1 5SE,T,,,BOLTON,BOLTON,GREATER MANCHESTER,2025,10,11.51293546
150000,04/06/2025,M29 8SU,O,,,MANCHESTER,WIGAN,GREATER MANCHESTER,2025,6,11.91839724
600000,17/10/2025,M44 5BU,O,,,MANCHESTER,SALFORD,GREATER MANCHESTER,2025,10,13.3046866
115000,17/01/2025,M22 4LZ,S,,,MANCHESTER,MANCHESTER,GREATER MANCHESTER,2025,1,11.6526961
